id,strategy,mode,wallet,condition_id,asset,outcome,title,qty,entry_price,notional,fee_usd,entry_ts,status,exit_price,exit_ts,exit_reason,mark_price,pnl
12007,perfect100,backtest,0xd34f2b5e9ee02bed8a107fdf9bda2d866dc61c95,0x830fe8eb8ab09693af821fba6d1d2c5369a696715c029b978e06df41cc614390,79044640158034091299262760108813957417246768673122071583111344168798410046359,Yes,Trump margin of victory in New Hampshire Primary >15%,158.90672175433022,0.6293,100.0,0.0,1705882196,open,,,,0.0,
12009,perfect100,backtest,0xd34f2b5e9ee02bed8a107fdf9bda2d866dc61c95,0xb7f3ededaacf495c69cce22c7bdf33982aa38912c5d6741c6e4f067a62d54188,53373081615068277016949051309674773846670616322581148620168701506482046206044,No,Kamala Harris blowout victory?,115.90843235208892,0.8627499998984999,100.0,0.0,1730748043,closed,0.982045,1730922887,trader_exit,,13.827296449207154
12011,perfect100,backtest,0xd34f2b5e9ee02bed8a107fdf9bda2d866dc61c95,0x9cb4e70a1ea05eac5e9caabee8e8a016d4a7dc73ff3e17287541d66d521a9470,6654197997731195069563796293258808803008290915486288735227730427598319387221,No,Record turnout in 2024 Presidential election?,111.4613365127579,0.8971720879064999,100.0,0.0,1730880193,closed,0.936735,1731000608,trader_exit,,4.409735058278272
12013,perfect100,backtest,0xd34f2b5e9ee02bed8a107fdf9bda2d866dc61c95,0x83ef4a16f2efdd4b269d1eeeaa2c5b53d62c1691875cefe24ab2409ee48de0df,70510034414778582892389247170656166510132213944895067838429885693817202701210,No,Will Republicans have 52 seats in Senate after election?,103.16457328553376,0.9693249999999999,100.0,0.0,1730921735,closed,0.980075,1731049825,trader_exit,,1.1090191628195072
12016,perfect100,backtest,0xd34f2b5e9ee02bed8a107fdf9bda2d866dc61c95,0x67749947d4e6a3041b36a90504c81545710fe044e0b1ce4de513d43b243357ed,56938639884939685426754489025946356459987666830699645968756256140962332421014,Alaska,Will Trump do better in Florida or Alaska?,117.28829462819611,0.8525999999999999,100.0,0.0,1731064316,closed,0.75845,1731216608,trader_exit,,-11.04269293924466
12025,perfect100,backtest,0xd34f2b5e9ee02bed8a107fdf9bda2d866dc61c95,0x4ec8a5a44f43c0fbdfe8cc768435ceb2234f91fa28da35e14a38d1e3251f3e6f,56684154597620823593222645511727871468734177666283708476151758738373469602190,Yes,Trump's November 26 sentencing pushed back?,110.69906459290421,0.9033499999999999,100.0,0.0,1731436227,closed,0.5712999999999999,1731621210,trader_exit,,-36.75762439807384
12026,perfect100,backtest,0xd34f2b5e9ee02bed8a107fdf9bda2d866dc61c95,0x9c23593b309f27a4e05f059032d59c2a37f8bb10d126ac7e22014593a07fa9a6,20503171245004272366908372236894444540018273555294544913430963958771672513539,Yes,Will Jake Paul win his boxing match against Mike Tyson?,158.90672267701441,0.629299996346,100.0,0.0,1731731017,closed,0.98303,1731735522,trader_exit,,56.21007559318548
12028,perfect100,backtest,0xd34f2b5e9ee02bed8a107fdf9bda2d866dc61c95,0xb55c57feb58c339a0f6517baac9d62743a231845abd681ff08f002bc510efd27,31442258802304734935130100777963870863914483221229027207268012084822323779328,Craig,Nickal vs. Craig,394.08866995073896,0.25375,100.0,0.0,1731818225,closed,0.0,1786604370,resolution,,-100.0
12030,perfect100,backtest,0xd34f2b5e9ee02bed8a107fdf9bda2d866dc61c95,0x1c84a6f9f59752e09bbf310729b31d822a0d6290aec0ca201adba90281fda060,96459277805465304854102895170122430844083508367309132555720037267993743129944,Oliveira,Oliveira vs. Chandler,124.7116044147908,0.80185,100.0,0.0,1731820411,closed,0.982045,1731822500,trader_exit,,22.472407557523226
12031,perfect100,backtest,0xd34f2b5e9ee02bed8a107fdf9bda2d866dc61c95,0x97ee3bc5571ed6784a1d60ba65cfe84cbb9d1858135735d1c518ea1e4173ee66,26273356570896241953034700734887489583504497600769222484918200490947602500667,Jones,Jones vs. Miocic,118.70140661166836,0.8424499999999999,100.0,0.0,1731822528,closed,1.0,1786604370,resolution,,18.70140661166836
12032,perfect100,backtest,0xd34f2b5e9ee02bed8a107fdf9bda2d866dc61c95,0x59e2567e1d91b3f0a8faceec91866f0100719981651a935841e0185f9179b199,88106276051300413096642178759034285190873327038102325776939232468326200357187,Wizards,Wizards vs. Knicks,821.0180706075536,0.12179999878199999,100.0,0.0,1731975406,closed,0.0,1786604370,resolution,,-100.0
11724,s10,backtest,0x91327ef84dca65ca90eea309c5d455daee4b8256,0x6903b766f5fda3d5b02f4472a6b4154419e78b7fd126c0b29ce17bb8e20b20cc,21489772516410038586556744342392982044189999368638682594741395650226594484811,No,Fed decreases interest rates by 50+ bps after December 2025 meeting?,10.053282396702524,0.9946999999999999,10.0,0.0,1762418847,closed,1.0,1786604370,resolution,,0.05328239670252444
11725,s100,backtest,0x91327ef84dca65ca90eea309c5d455daee4b8256,0x6903b766f5fda3d5b02f4472a6b4154419e78b7fd126c0b29ce17bb8e20b20cc,21489772516410038586556744342392982044189999368638682594741395650226594484811,No,Fed decreases interest rates by 50+ bps after December 2025 meeting?,100.53282396702524,0.9946999999999999,100.0,0.0,1762418847,closed,1.0,1786604370,resolution,,0.5328239670252373
11726,perfect100,backtest,0x91327ef84dca65ca90eea309c5d455daee4b8256,0x6903b766f5fda3d5b02f4472a6b4154419e78b7fd126c0b29ce17bb8e20b20cc,21489772516410038586556744342392982044189999368638682594741395650226594484811,No,Fed decreases interest rates by 50+ bps after December 2025 meeting?,100.53282396702524,0.9946999999999999,100.0,0.0,1762418847,closed,1.0,1786604370,resolution,,0.5328239670252373
11727,s10,backtest,0x91327ef84dca65ca90eea309c5d455daee4b8256,0xeeb92ddd77d671d1f9ea1f5727208d1fa91896a6d1f657fdcd7c9d578fe5c46c,101047384638948889500274126169139867032724036159322634390400440566762028472215,No,"Will Ethereum hit $5,000 by December 31?",11.119883463621303,0.8992899999999999,10.0,0.0,1763295705,closed,0.9652999999999999,1764994425,trader_exit,,0.7340235074336423
11728,s100,backtest,0x91327ef84dca65ca90eea309c5d455daee4b8256,0xeeb92ddd77d671d1f9ea1f5727208d1fa91896a6d1f657fdcd7c9d578fe5c46c,101047384638948889500274126169139867032724036159322634390400440566762028472215,No,"Will Ethereum hit $5,000 by December 31?",111.19883463621302,0.8992899999999999,100.0,0.0,1763295705,closed,0.9652999999999999,1764994425,trader_exit,,7.3402350743364195
11729,perfect100,backtest,0x91327ef84dca65ca90eea309c5d455daee4b8256,0xeeb92ddd77d671d1f9ea1f5727208d1fa91896a6d1f657fdcd7c9d578fe5c46c,101047384638948889500274126169139867032724036159322634390400440566762028472215,No,"Will Ethereum hit $5,000 by December 31?",111.19883463621302,0.8992899999999999,100.0,0.0,1763295705,closed,0.9652999999999999,1764994425,trader_exit,,7.3402350743364195
11730,s10,backtest,0x91327ef84dca65ca90eea309c5d455daee4b8256,0xf0facaa00e7dc1670f70db0ba28ff9bdac5ec2db1d1640fe6d6e104275a9de17,85115024216433553134808281393314667850581983686440216340018154843843827506779,No,BNB all time high by December 31?,10.108671632335863,0.9892496624394999,10.0,0.0,1764994583,closed,1.0,1786604370,resolution,,0.10867163233586297
11731,s100,backtest,0x91327ef84dca65ca90eea309c5d455daee4b8256,0xf0facaa00e7dc1670f70db0ba28ff9bdac5ec2db1d1640fe6d6e104275a9de17,85115024216433553134808281393314667850581983686440216340018154843843827506779,No,BNB all time high by December 31?,101.08671632335863,0.9892496624394999,100.0,0.0,1764994583,closed,1.0,1786604370,resolution,,1.0867163233586297
11732,perfect100,backtest,0x91327ef84dca65ca90eea309c5d455daee4b8256,0xf0facaa00e7dc1670f70db0ba28ff9bdac5ec2db1d1640fe6d6e104275a9de17,85115024216433553134808281393314667850581983686440216340018154843843827506779,No,BNB all time high by December 31?,101.08671632335863,0.9892496624394999,100.0,0.0,1764994583,closed,1.0,1786604370,resolution,,1.0867163233586297
11733,s10,backtest,0x91327ef84dca65ca90eea309c5d455daee4b8256,0x3392d482621c56ea88b671505df166ab696f540e35f775f459cd1531e9175855,108486514414842703538374367881053903639293890281148646707209852592689342522430,No,Will Lighter reach $10 before 2027?,11.72882948376395,0.8525999984774999,10.0,0.0,1767453209,open,,,,0.954,
11734,s100,backtest,0x91327ef84dca65ca90eea309c5d455daee4b8256,0x3392d482621c56ea88b671505df166ab696f540e35f775f459cd1531e9175855,108486514414842703538374367881053903639293890281148646707209852592689342522430,No,Will Lighter reach $10 before 2027?,117.2882948376395,0.8525999984774999,100.0,0.0,1767453209,open,,,,0.954,
11735,perfect100,backtest,0x91327ef84dca65ca90eea309c5d455daee4b8256,0x3392d482621c56ea88b671505df166ab696f540e35f775f459cd1531e9175855,108486514414842703538374367881053903639293890281148646707209852592689342522430,No,Will Lighter reach $10 before 2027?,117.2882948376395,0.8525999984774999,100.0,0.0,1767453209,open,,,,0.954,
11736,s10,backtest,0x91327ef84dca65ca90eea309c5d455daee4b8256,0x7bcbcf94ede69ef40b90bea8f219d21c1ee911ee2366016178ae43c6d5f37766,62746176600840746852764646813783268561986913961682413215779312525579711343796,No,Opinion FDV above $5B one day after launch?,10.053282396702524,0.9946999999999999,10.0,0.0,1768271017,closed,0.97909,1770044152,trader_exit,,-0.15693173821252593
11737,s100,backtest,0x91327ef84dca65ca90eea309c5d455daee4b8256,0x7bcbcf94ede69ef40b90bea8f219d21c1ee911ee2366016178ae43c6d5f37766,62746176600840746852764646813783268561986913961682413215779312525579711343796,No,Opinion FDV above $5B one day after launch?,100.53282396702524,0.9946999999999999,100.0,0.0,1768271017,closed,0.97909,1770044152,trader_exit,,-1.5693173821252628
11738,perfect100,backtest,0x91327ef84dca65ca90eea309c5d455daee4b8256,0x7bcbcf94ede69ef40b90bea8f219d21c1ee911ee2366016178ae43c6d5f37766,62746176600840746852764646813783268561986913961682413215779312525579711343796,No,Opinion FDV above $5B one day after launch?,100.53282396702524,0.9946999999999999,100.0,0.0,1768271017,closed,0.97909,1770044152,trader_exit,,-1.5693173821252628
11739,s10,backtest,0x91327ef84dca65ca90eea309c5d455daee4b8256,0xd9fb1184af0064e5e34b129f5b79afa5a17b7e32f2953ab05efed82315fee6d4,90772332434487149264114862115632028379978765245278600275169585501290867536237,No,Will China invade Taiwan by end of 2026?,11.324387092281391,0.8830499980714999,10.0,0.0,1768530546,open,,,,0.9625,
11740,s100,backtest,0x91327ef84dca65ca90eea309c5d455daee4b8256,0xd9fb1184af0064e5e34b129f5b79afa5a17b7e32f2953ab05efed82315fee6d4,90772332434487149264114862115632028379978765245278600275169585501290867536237,No,Will China invade Taiwan by end of 2026?,113.24387092281391,0.8830499980714999,100.0,0.0,1768530546,open,,,,0.9625,
11741,perfect100,backtest,0x91327ef84dca65ca90eea309c5d455daee4b8256,0xd9fb1184af0064e5e34b129f5b79afa5a17b7e32f2953ab05efed82315fee6d4,90772332434487149264114862115632028379978765245278600275169585501290867536237,No,Will China invade Taiwan by end of 2026?,113.24387092281391,0.8830499980714999,100.0,0.0,1768530546,open,,,,0.9625,
11742,s10,backtest,0x91327ef84dca65ca90eea309c5d455daee4b8256,0xa5fa2094af61fdfdb0398c22c4f1bb8788cabc680bcc0042f77c6388b23afaf4,34859576120138621057883642775024843615141424700876369267127573058571005854932,Yes,Will NVIDIA be the largest company in the world by market cap on February 28?,10.826611811833487,0.92365,10.0,0.0,1770648725,closed,1.0,1786604370,resolution,,0.8266118118334873
11743,s100,backtest,0x91327ef84dca65ca90eea309c5d455daee4b8256,0xa5fa2094af61fdfdb0398c22c4f1bb8788cabc680bcc0042f77c6388b23afaf4,34859576120138621057883642775024843615141424700876369267127573058571005854932,Yes,Will NVIDIA be the largest company in the world by market cap on February 28?,108.26611811833487,0.92365,100.0,0.0,1770648725,closed,1.0,1786604370,resolution,,8.266118118334873
11744,perfect100,backtest,0x91327ef84dca65ca90eea309c5d455daee4b8256,0xa5fa2094af61fdfdb0398c22c4f1bb8788cabc680bcc0042f77c6388b23afaf4,34859576120138621057883642775024843615141424700876369267127573058571005854932,Yes,Will NVIDIA be the largest company in the world by market cap on February 28?,108.26611811833487,0.92365,100.0,0.0,1770648725,closed,1.0,1786604370,resolution,,8.266118118334873
11949,perfect100,backtest,0x6274f5f961800af6ddef3d6a362ba12422166907,0x8a62a7f7a9affdded6b3947b0fb63a5e8701e544a263d76d200599642c97d956,23652271072868479451669340197856451484162370322289640139409689331343219097989,No,"Will Gold (GC) hit (HIGH) $7,000 by end of June?",107.91036964697123,0.9266949999999999,100.0,0.0,1773210419,closed,0.905215,1773215327,trader_exit,,-2.3179147400169313
11984,perfect100,backtest,0x33b45b246a2b8d69f96f3ca615b940c48d5b0f91,0x3c7554ff96b000cfd9ede670196c4718da7dcfdb858a8c01ed53cebb6b99da93,49685844184785189598805078707693505190269487052660762688087166896714898927058,LYON,Valorant: Contra vs LYON (BO3) - VCL Latin America North Group Stage,117.28829462819611,0.8525999999999999,100.0,0.0,1773218295,closed,1.0,1786604370,resolution,,17.288294628196113
11950,perfect100,backtest,0x6274f5f961800af6ddef3d6a362ba12422166907,0x3c7554ff96b000cfd9ede670196c4718da7dcfdb858a8c01ed53cebb6b99da93,49685844184785189598805078707693505190269487052660762688087166896714898927058,LYON,Valorant: Contra vs LYON (BO3) - VCL Latin America North Group Stage,117.28829462819611,0.8525999999999999,100.0,0.0,1773218457,closed,1.0,1786604370,resolution,,17.288294628196113
11985,perfect100,backtest,0x33b45b246a2b8d69f96f3ca615b940c48d5b0f91,0x9181b5f970d9ef1033ea42083806d726faf4efd21032f085a73ab4c213e0027e,56568984848636775094496592969195017278168227748650806056880472533477517239231,Wang,WTT - Women's Singles: Yangzi Liu vs Yidi Wang,109.46907498631637,0.9135,100.0,0.0,1773313903,closed,1.0,1786604370,resolution,,9.469074986316372
11951,perfect100,backtest,0x6274f5f961800af6ddef3d6a362ba12422166907,0x512dffd12257b5a84942e0515e9295b2d0b980d68d53130cd606258bfa08b265,106763723615167033591744850392708661153586143803399898265320931338812234391436,Lebrun,WTT - Men's Singles: Jae-Hyun An vs Felix Lebrun,138.76361617983767,0.7206499999999999,100.0,0.0,1773315317,closed,1.0,1786604370,resolution,,38.76361617983767
11952,perfect100,backtest,0x6274f5f961800af6ddef3d6a362ba12422166907,0x78d972fbd63c4b1acd100b87ca011456b6e39e49e2cedf9802104891e3cd8a87,39200619172803344488855316399163984362948976029172613152447050393388762406753,Katarzyna Kawa,Antalya 3: Katarzyna Kawa vs Carole Monnet,115.90843233845264,0.8627499999999999,100.0,0.0,1773392639,closed,1.0,1786604370,resolution,,15.908432338452641
12033,perfect100,backtest,0xd34f2b5e9ee02bed8a107fdf9bda2d866dc61c95,0xd25b2fc3a916b317d71b398c5d0f81ad33fe1da6b56d6c9f717332d31584504e,86620530406157559149607427304423476709238424342859385697887050586116236047982,No,Will Reza Pahlavi enter Iran by March 31?,100.43034402414347,0.9957149999999999,100.0,0.0,1773449485,closed,0.9708632206044999,1773988545,trader_exit,,-2.4958727543021837
12034,perfect100,backtest,0xd34f2b5e9ee02bed8a107fdf9bda2d866dc61c95,0x30a892ea01a40602dd58029243f165a97ce22dbfeabf427f86d705ae650fad4b,85520490413572360235058851450781930532680155921712950189237409407488519651948,No,US forces enter Iran by March 14?,102.7342726670331,0.9733849999999998,100.0,0.0,1773450853,closed,0.984015,1773550607,trader_exit,,1.0920653184505653
11953,perfect100,backtest,0x6274f5f961800af6ddef3d6a362ba12422166907,0x6e980168a8f82a37ce3ba2280eefb4932d20f54e37219673942b76cb7c8182d1,40088846480747802706068290704425078473736395543014371296540717889526377296734,Raul Brancaccio,Murcia: Raul Brancaccio vs Alejo Sanchez Quilez,164.20361247947457,0.6089999999999999,100.0,0.0,1773640267,closed,1.0,1786604370,resolution,,64.20361247947457
11986,perfect100,backtest,0x33b45b246a2b8d69f96f3ca615b940c48d5b0f91,0x72e78837f958d2109f1cb174aefde8c7cf2480c4cd3e44280fb5884bf0ab47b1,7008237636820043713028544137197733598987890698639962396666541498762616852487,No,Will Milena Moreira win Big Brother Brasil 26?,101.25608169340673,0.9875949999999999,100.0,0.0,1773732413,closed,0.954951393,1773732431,trader_exit,,-3.3053637371594533
12038,perfect100,backtest,0xd34f2b5e9ee02bed8a107fdf9bda2d866dc61c95,0xd21a20ef774f8ceed3a5fe14a8b038d34ba77465b70e40ae1ab620539c57d730,24268293109518975297113873976925158497019424957101411214323854839638366733504,Up,S&P 500 (SPX) Up or Down on March 17?,101.57077362987602,0.9845351809999999,100.0,0.0,1773775521,closed,1.0,1786604370,resolution,,1.5707736298760153
12044,perfect100,backtest,0xd34f2b5e9ee02bed8a107fdf9bda2d866dc61c95,0x93fdba592a2275b2e01d0c979e59396349aed7a45f4f22780aca3ee93841937b,76605752939065512858608714881859270707902759329334202859503495091308901477003,Up,"Bitcoin Up or Down - March 18, 3:40AM-3:45AM ET",209.62163295252074,0.4770499999999999,100.0,0.0,1773819749,closed,0.0,1786604370,resolution,,-100.0
12046,perfect100,backtest,0xd34f2b5e9ee02bed8a107fdf9bda2d866dc61c95,0xd462c37c15323fa53c2f29e5933f7e0e3de9a5e2ea9a0fea9534c44ac091c618,26620900213524346144635440994385767050404601488929969571261535262322199460738,Up,"Bitcoin Up or Down - March 18, 4:00AM-4:15AM ET",101.56924483266468,0.9845499999999999,100.0,0.0,1773821353,closed,1.0,1786604370,resolution,,1.5692448326646797
12047,perfect100,backtest,0xd34f2b5e9ee02bed8a107fdf9bda2d866dc61c95,0x0455ae7e4f249d39cf611470b47d3ed3fda2d98f91be329612f0ffe2998f10e1,62689291000398064159204121624131185786239109884493252204430063882391501283394,Up,"Bitcoin Up or Down - March 18, 4:15AM-4:30AM ET",120.14898474107896,0.8322999999999998,100.0,0.0,1773822333,closed,1.0,1786604370,resolution,,20.148984741078962
12048,perfect100,backtest,0xd34f2b5e9ee02bed8a107fdf9bda2d866dc61c95,0xed4584abd131e3e2e8a50ee0729f9645a3bd918079e4b4f5d44e5d7ded2bdcc2,82241306185403667839238009947254916376995707445799536209673132687626700415113,Up,"Bitcoin Up or Down - March 18, 7:00PM-7:15PM ET",110.1471001721834,0.9078768287469999,100.0,0.0,1773875437,closed,1.0,1786604370,resolution,,10.1471001721834
12049,perfect100,backtest,0xd34f2b5e9ee02bed8a107fdf9bda2d866dc61c95,0x2bbce1c192cb3602d9f5b914761a5d18c3a65a16db6c18664b37a5ca775bd8b1,34955128325227822919006683520357937577157995922642884038175886655737950121891,Up,"Bitcoin Up or Down - March 18, 7:15PM-7:30PM ET",351.8649176887536,0.2841999726965,100.0,0.0,1773875969,closed,0.34475,1773876017,trader_exit,,21.305430373197808
12050,perfect100,backtest,0xd34f2b5e9ee02bed8a107fdf9bda2d866dc61c95,0x2bbce1c192cb3602d9f5b914761a5d18c3a65a16db6c18664b37a5ca775bd8b1,66462489440742170727862747964156312964012739219847352746388744623151085491990,Down,"Bitcoin Up or Down - March 18, 7:15PM-7:30PM ET",143.25265956231726,0.6980673189979999,100.0,0.0,1773876121,closed,0.704020709839,1773876277,trader_exit,,0.8528390713872085
12053,perfect100,backtest,0xd34f2b5e9ee02bed8a107fdf9bda2d866dc61c95,0x556d258df4619caee7101ae5837329f16a0d6050e26760fe253a03d14598183b,64772569009797105989779101116128650600167709024369876018515036092652539011879,Down,"Bitcoin Up or Down - March 18, 7:30PM-7:45PM ET",266.2761297844243,0.37554999796999994,100.0,0.0,1773876649,closed,0.0,1786604370,resolution,,-100.0
12054,perfect100,backtest,0xd34f2b5e9ee02bed8a107fdf9bda2d866dc61c95,0xc9811a3634a00302ace32a51c1656cebd052384c073999bfbc9366e9f4f3d15a,44017374101900942564300252102128881672932566159151738089460360870516677838035,Down,"Bitcoin Up or Down - March 18, 7:45PM-8:00PM ET",307.8817733990148,0.3248,100.0,0.0,1773877659,closed,0.36445,1773877707,trader_exit,,12.207512315270932
12058,perfect100,backtest,0xd34f2b5e9ee02bed8a107fdf9bda2d866dc61c95,0x3935c433829df636340ddbb317debce0883e7ec6183c0a1469e9c814e308ad7c,77402127835207236394753016219197662556941393288481407591038848335673749412185,Up,"Bitcoin Up or Down - March 18, 8:15PM-8:30PM ET",273.67269347138614,0.36539999198149997,100.0,0.0,1773879593,closed,0.3152,1773879767,trader_exit,,-13.738367017819101
12059,perfect100,backtest,0xd34f2b5e9ee02bed8a107fdf9bda2d866dc61c95,0x372d51b8683173623df3cc9f0bce2e1e0974c51e9e9b9a56308c32b684eba7fb,23689770098718805781886623168161478411291962810190492311553041321488568414983,Up,"Bitcoin Up or Down - March 18, 8:30PM-8:45PM ET",2463.054187192118,0.0406,100.0,0.0,1773880697,closed,0.0,1786604370,resolution,,-100.0
12060,perfect100,backtest,0xd34f2b5e9ee02bed8a107fdf9bda2d866dc61c95,0x475193a9d67a78470f7c83679cbfc8d84dc712b636c6e8672233f42555260da6,113235521459128782017831674318946328717594443475916228424313989069464629897096,Under,Saint Joseph's Hawks vs. Colorado State Rams: O/U 144.5,103.70754472387868,0.9642499999999998,100.0,0.0,1773896963,closed,1.0,1786604370,resolution,,3.7075447238786836
12062,perfect100,backtest,0xd34f2b5e9ee02bed8a107fdf9bda2d866dc61c95,0x3d925c78a39bee364e80fb90f2c882692bed296b7a9af91dbd87a1226999f6f8,60592298714514950164020125825484935107591711964441375299211670061994716762516,Under,Saint Joseph's Hawks vs. Colorado State Rams: O/U 142.5,105.93781450288681,0.94395,100.0,0.0,1773897005,closed,1.0,1786604370,resolution,,5.937814502886809
12063,perfect100,backtest,0xd34f2b5e9ee02bed8a107fdf9bda2d866dc61c95,0x22ebb3584b7d5434eac23e9990fc136623de44295bb8e9f3750d0515f76d285c,1918982514211706735309724373829409214115060852730250297670903684931723074949,Under,Saint Joseph's Hawks vs. Colorado State Rams: O/U 139.5,103.70754472387868,0.9642499999999998,100.0,0.0,1773897015,closed,1.0,1786604370,resolution,,3.7075447238786836
12064,perfect100,backtest,0xd34f2b5e9ee02bed8a107fdf9bda2d866dc61c95,0x7545f7fb7cb72a1a17062d1f66e1d9a7a1b53c0b20d926c08dec2f261c8e3dec,4400051514217269681524139021329285041766832332784818767525992340381135134265,Under,Saint Joseph's Hawks vs. Colorado State Rams: O/U 138.5,103.70754472387868,0.9642499999999998,100.0,0.0,1773897023,closed,1.0,1786604370,resolution,,3.7075447238786836
12070,perfect100,backtest,0xd34f2b5e9ee02bed8a107fdf9bda2d866dc61c95,0xbd3c6179513b0c010dbc797fa27ef502dfbb69f59d305ebc09ea3c735f62a1d7,90333777823692586607717950846205601767247506063809853071912446035393208742099,Under,Saint Joseph's Hawks vs. Colorado State Rams: O/U 133.5,100.54351298386003,0.9945942511085,100.0,0.0,1773897165,closed,1.0,1786604370,resolution,,0.5435129838600261
12072,perfect100,backtest,0xd34f2b5e9ee02bed8a107fdf9bda2d866dc61c95,0xdc0bee9bef8e474d6d3ab652274793f027761d61fa4c66ff931717d91e85bd3a,12154869380247811866274282527037280256782419031130383412547784668320284153034,Down,"Bitcoin Up or Down - March 19, 2:30AM-2:45AM ET",104.81081647626037,0.9540999999999998,100.0,0.0,1773902657,closed,1.0,1786604370,resolution,,4.810816476260371
12073,perfect100,backtest,0xd34f2b5e9ee02bed8a107fdf9bda2d866dc61c95,0xf8f54e8f5fcdd45aa8b74a98d23f005426d5e522719bb0adbed4ee0cda14dd74,75391245910723724063990005979165052587152093226530994339135888314706012450835,Up,"Bitcoin Up or Down - March 19, 5:15AM-5:30AM ET",103.05666055197149,0.9703399999999999,100.0,0.0,1773912393,closed,1.0,1786604370,resolution,,3.05666055197149
12074,perfect100,backtest,0xd34f2b5e9ee02bed8a107fdf9bda2d866dc61c95,0x1f9606998328dfd2dc7a4c574d6bf583654ee20bcd4e5a3adf297efdfe31c8fd,13676687220596603628347923407774703510072928438169179772798285220429221388777,Under,Troy Trojans vs. Nebraska Cornhuskers: O/U 141.5,100.53282396702524,0.9946999999999999,100.0,0.0,1773945279,closed,1.0,1786604370,resolution,,0.5328239670252373
12075,perfect100,backtest,0xd34f2b5e9ee02bed8a107fdf9bda2d866dc61c95,0xa617bf663a894be631936ff1361722ad07deeec7835f46f82d5db03a00f2c67f,36560996538999287772789168474535495782342846028844589271861884994713139611755,Under,Troy Trojans vs. Nebraska Cornhuskers: O/U 140.5,102.62725779967161,0.9743999999999998,100.0,0.0,1773945317,closed,1.0,1786604370,resolution,,2.627257799671611
12076,perfect100,backtest,0xd34f2b5e9ee02bed8a107fdf9bda2d866dc61c95,0x379a4f6b314b8bf6a63411ba9b23bc297b79cf5e8df71c7fd65f5afd04ef6574,39437939140973204571829364385704641608957606918674515273757784215539892069154,Under,Troy Trojans vs. Nebraska Cornhuskers: O/U 138.5,105.93781450288681,0.94395,100.0,0.0,1773945341,closed,1.0,1786604370,resolution,,5.937814502886809
12077,perfect100,backtest,0xd34f2b5e9ee02bed8a107fdf9bda2d866dc61c95,0x1c3864851c652cad82cdc41d67c611d5eada28cf16f09626167fbdb41579ffe3,103942622139049673074298756873055511146669503953080375203258422315526878012080,Up,"Bitcoin Up or Down - March 20, 2:20AM-2:25AM ET",210.17972720689136,0.47578328,100.0,0.0,1773987911,closed,0.0,1786604370,resolution,,-100.0
12079,perfect100,backtest,0xd34f2b5e9ee02bed8a107fdf9bda2d866dc61c95,0x79c82efe54b0333183fa3929356e9597ddede0af537d2ed42b1053c53984c514,26038828011956295000369055044471354131331833861485746541363001923447988020595,Down,"Bitcoin Up or Down - March 20, 2:25AM-2:30AM ET",106.86454846348684,0.9357640249999999,100.0,0.0,1773988181,closed,0.0,1786604370,resolution,,-100.0
12082,perfect100,backtest,0xd34f2b5e9ee02bed8a107fdf9bda2d866dc61c95,0x22834e93e0242e154299785629202f0db8b6fdec576b5c9f77474ad117f8f1e8,50765781428156906169990278810430504780326486037388620591390826305895910594949,Up,"Bitcoin Up or Down - March 20, 12:45PM-1:00PM ET",101.56924483266468,0.9845499999999999,100.0,0.0,1774025901,closed,1.0,1786604370,resolution,,1.5692448326646797
12085,perfect100,backtest,0xd34f2b5e9ee02bed8a107fdf9bda2d866dc61c95,0x4d72a0224df77b0b3db884cf584973c444d892a7c5984ece677f2f654b4e6daa,16604996405277762285634561908417664486693514086939526649925725895058427076120,Under,UNLV Runnin' Rebels vs. Tulsa Golden Hurricane: O/U 161.5,101.0483769104459,0.9896249999999999,100.0,0.0,1774226997,closed,1.0,1786604370,resolution,,1.0483769104458958
12086,perfect100,backtest,0xd34f2b5e9ee02bed8a107fdf9bda2d866dc61c95,0xcdb9216f3d5201aae441a4c3846489e69bf1101a77e1523cc0c229b0de1ebf9e,1848858627514444649686782944343058247581408258683129003661244646661692690907,Over,Iowa Hawkeyes vs. Florida Gators: O/U 148.5,100.53282396702524,0.9946999999999999,100.0,0.0,1774229277,closed,0.0,1786604370,resolution,,-100.0
12087,perfect100,backtest,0xd34f2b5e9ee02bed8a107fdf9bda2d866dc61c95,0xf8d35e8a221224d3171f2707722fe1a46c4f984afeb0a6f7411e671909da073e,55492152155467070791487794289515056828752643275771851358928551583389598788697,Over,Iowa Hawkeyes vs. Florida Gators: O/U 152.5,100.53282396702524,0.9946999999999999,100.0,0.0,1774229285,closed,0.0,1786604370,resolution,,-100.0
12088,perfect100,backtest,0xd34f2b5e9ee02bed8a107fdf9bda2d866dc61c95,0xf8d35e8a221224d3171f2707722fe1a46c4f984afeb0a6f7411e671909da073e,67415847238438105265888156397642262962095189364507012732184446809076201529429,Under,Iowa Hawkeyes vs. Florida Gators: O/U 152.5,100.53282396702524,0.9946999999999999,100.0,0.0,1774229347,closed,1.0,1786604370,resolution,,0.5328239670252373
12089,perfect100,backtest,0xd34f2b5e9ee02bed8a107fdf9bda2d866dc61c95,0x224acec387ed313c19c39a3b22e95bfbd603b5d6a95e97b3815007c39aaf93d9,42696501906221010919100669157480790797185064093947717944818704212890488061969,Under,UCLA Bruins vs. Connecticut Huskies: O/U 141.5,100.53282396702524,0.9946999999999999,100.0,0.0,1774236221,closed,1.0,1786604370,resolution,,0.5328239670252373
12090,perfect100,backtest,0xd34f2b5e9ee02bed8a107fdf9bda2d866dc61c95,0xbd341c4fe2d071a7641965e3756c45ab752aa8d4f3999fea79c70a7f9211af70,97455343129418505679050824044184315183285252105926364886142917628521823666300,Under,UCLA Bruins vs. Connecticut Huskies: O/U 140.5,100.53282396702524,0.9946999999999999,100.0,0.0,1774236253,closed,1.0,1786604370,resolution,,0.5328239670252373
12091,perfect100,backtest,0xd34f2b5e9ee02bed8a107fdf9bda2d866dc61c95,0x5a200d7d560169d60dc82cd16bb14c16f36f029fdf609dcb92d06a554f9f0fe1,60020156117014074723286818065417148342963800223162713452237763775488251828713,No,Iran x Israel/US conflict ends by March 31?,115.63634681653139,0.8647799999999999,100.0,0.0,1774276137,closed,0.982045,1774973807,trader_exit,,13.560096209440559
11745,s10,backtest,0x91327ef84dca65ca90eea309c5d455daee4b8256,0x5390ec0f11c53ff42253fa5389242dd28a399e4e1cde470f9d83ed63e0dcef18,90617079791518036347118336491098437332571262609495550137617555664172441583671,No,Will BNB dip to $500 in March?,10.156924483266467,0.9845499999999999,10.0,0.0,1774359929,closed,1.0,1786604370,resolution,,0.1569244832664669
11746,s100,backtest,0x91327ef84dca65ca90eea309c5d455daee4b8256,0x5390ec0f11c53ff42253fa5389242dd28a399e4e1cde470f9d83ed63e0dcef18,90617079791518036347118336491098437332571262609495550137617555664172441583671,No,Will BNB dip to $500 in March?,101.56924483266468,0.9845499999999999,100.0,0.0,1774359929,closed,1.0,1786604370,resolution,,1.5692448326646797
11747,perfect100,backtest,0x91327ef84dca65ca90eea309c5d455daee4b8256,0x5390ec0f11c53ff42253fa5389242dd28a399e4e1cde470f9d83ed63e0dcef18,90617079791518036347118336491098437332571262609495550137617555664172441583671,No,Will BNB dip to $500 in March?,101.56924483266468,0.9845499999999999,100.0,0.0,1774359929,closed,1.0,1786604370,resolution,,1.5692448326646797
12093,perfect100,backtest,0xd34f2b5e9ee02bed8a107fdf9bda2d866dc61c95,0xc383ea6f93a22d2f38587b51364caddc4acb3e6fce90b3fb1843f07b2dbcfbff,78351601208170206214238272943240477784347047829681664494769472704149407183514,Yes,Will Meta (META) close above $560 on April 1?,101.25608169340673,0.9875949999999999,100.0,0.0,1775058969,closed,1.0,1786604370,resolution,,1.2560816934067276
12096,perfect100,backtest,0xd34f2b5e9ee02bed8a107fdf9bda2d866dc61c95,0xd7c3018ddeb325c655802f2821a72009fce44f505cd9e192e9afe1699592b114,1866415307076540989686869299922701894945826526011480665445324987562228431563,Yes,Will Microsoft (MSFT) close above $360 on April 2?,100.53282396702524,0.9946999999999999,100.0,0.0,1775063223,closed,1.0,1786604370,resolution,,0.5328239670252373
11748,s10,backtest,0x91327ef84dca65ca90eea309c5d455daee4b8256,0x0c49acf1da62df0eaba8c74a2c1c16c870b399edf533d26e05c09b4d150b04dd,4578336796537032415291749264424882096235412876331920338320202695253399872520,No,Will WTI Crude Oil (WTI) hit (LOW) $60 in April?,10.119390857198793,0.9882017743079999,10.0,0.0,1775543789,closed,1.0,1786604370,resolution,,0.11939085719879294
11749,s100,backtest,0x91327ef84dca65ca90eea309c5d455daee4b8256,0x0c49acf1da62df0eaba8c74a2c1c16c870b399edf533d26e05c09b4d150b04dd,4578336796537032415291749264424882096235412876331920338320202695253399872520,No,Will WTI Crude Oil (WTI) hit (LOW) $60 in April?,101.19390857198793,0.9882017743079999,100.0,0.0,1775543789,closed,1.0,1786604370,resolution,,1.193908571987933
11750,perfect100,backtest,0x91327ef84dca65ca90eea309c5d455daee4b8256,0x0c49acf1da62df0eaba8c74a2c1c16c870b399edf533d26e05c09b4d150b04dd,4578336796537032415291749264424882096235412876331920338320202695253399872520,No,Will WTI Crude Oil (WTI) hit (LOW) $60 in April?,101.19390857198793,0.9882017743079999,100.0,0.0,1775543789,closed,1.0,1786604370,resolution,,1.193908571987933
12097,perfect100,backtest,0xd34f2b5e9ee02bed8a107fdf9bda2d866dc61c95,0x4fd9a6c0e008689f66f98a8e73306d75e1bbb51d855e5c56e42c2d2791045684,54883221927701603324316277980994590557271565669679878956091304122905988661519,No,"Will Bitcoin dip to $69,000 on April 8?",103.81682559292386,0.9632349999999998,100.0,0.0,1775663879,closed,1.0,1786604370,resolution,,3.8168255929238626
12100,perfect100,backtest,0xd34f2b5e9ee02bed8a107fdf9bda2d866dc61c95,0x15d73a7e544e4b8865634515ac77af73c14296dbf53dc65d75848312d93339ac,113073349572967638283077533825633796479515868367974465730759605107091665767392,No,"Will the price of Bitcoin be above $74,000 on April 10?",100.73841256409483,0.9926699999999998,100.0,0.0,1775834071,closed,1.0,1786604370,resolution,,0.7384125640948298
12105,perfect100,backtest,0xd34f2b5e9ee02bed8a107fdf9bda2d866dc61c95,0xa6af935278930a18996a685d26f8f19411050ae0a30b80ab2a54261193515799,54479589355989097743732530474093461494284272244527598970628745282482549088030,No,"Will Bitcoin reach $75,000 on April 10?",100.32807279804963,0.9967299999999999,100.0,0.0,1775861151,closed,1.0,1786604370,resolution,,0.3280727980496323
12107,perfect100,backtest,0xd34f2b5e9ee02bed8a107fdf9bda2d866dc61c95,0x93ed1d89ea9d6e33407ff855208ccec530055798b11f09572fa463349ce96b7c,25090371112225088338991029732296637210882194479395081460235352638655999590776,Yes,"Will the price of Bitcoin be above $74,000 on April 14?",100.10010010010011,0.999,100.0,0.0,1776178685,closed,1.0,1786604370,resolution,,0.10010010010010717
12110,perfect100,backtest,0xd34f2b5e9ee02bed8a107fdf9bda2d866dc61c95,0xa4a0da10681ad4d5d111b94522c31ddbc11ccb414a12cbe778704d41a69abf0b,58782331120456500917469373370703617331878388045662842442218257975963412102431,No,"Will Bitcoin dip to $73,000 on April 14?",100.22600965176474,0.9977449999999999,100.0,0.0,1776213722,closed,1.0,1786604370,resolution,,0.2260096517647412
12111,perfect100,backtest,0xd34f2b5e9ee02bed8a107fdf9bda2d866dc61c95,0x894a26116ec1e467d89955a029545e090bbc38713351e21971da5c1572056c25,115730163824884769511972888651034351716525759147508567371667416148347583323310,No,"Israel x Hezbollah ceasefire by April 15, 2026?",235.136437918102,0.42528499999999997,100.0,0.0,1776273488,closed,1.0,1786604370,resolution,,135.136437918102
12117,perfect100,backtest,0xd34f2b5e9ee02bed8a107fdf9bda2d866dc61c95,0xbbc6689d0f6d57ea42168836712237c7308b3e0118c8914d31b6126d0f3254c5,112998834930140849739317686306046962022222428099467375077336504369963794934957,No,"US x Iran permanent peace deal by April 22, 2026?",111.95700850873266,0.8931999999999999,100.0,0.0,1776778196,closed,1.0,1786604370,resolution,,11.957008508732656
12120,perfect100,backtest,0xd34f2b5e9ee02bed8a107fdf9bda2d866dc61c95,0x8a9d48e62a62217e7ccc89f20e929ea2755b5d60b0f935ee0ae8e8e0abab6448,87064182455367242177211016663340077974284307051653710454213565577379952548777,Yes,"Will the price of Bitcoin be above $76,000 on April 23?",100.43034402414347,0.9957149999999999,100.0,0.0,1776952784,closed,1.0,1786604370,resolution,,0.43034402414346573
11954,perfect100,backtest,0x6274f5f961800af6ddef3d6a362ba12422166907,0x325d0ee18895109bd0e6127dea6c589e2644b1635a8b9e7f5c7909378a51ad5f,7819108979748412373826964314628661442305937682808460639462882558404746144217,No,"Will Japan send warships through the Strait of Hormuz by April 30, 2026?",100.12415395089913,0.9987599999999999,100.0,0.0,1777082724,closed,0.97515,1777099916,trader_exit,,-2.3639312747807253
11955,perfect100,backtest,0x6274f5f961800af6ddef3d6a362ba12422166907,0x1b75a1e8a3ac9975d55f7f7aa51b8c91c0f0ca43d0aab5eba4e02caa34c052f2,52901621943012392420799318377351058510678192450483777247252638331930729621310,Eyüpspor,Spread: Gaziantep FK (-2.5),104.81081647626037,0.9540999999999998,100.0,0.0,1777100004,closed,1.0,1786604370,resolution,,4.810816476260371
12121,perfect100,backtest,0xd34f2b5e9ee02bed8a107fdf9bda2d866dc61c95,0x7c8241e9d7d1a6e8a42c6af38aeb18479ce087f7e47227399273b12766cb9ab2,1779256133940495628599037184919928752636482208365471696872270700614989767882,No,"US x Iran diplomatic meeting by April 26, 2026?",100.53282396702524,0.9946999999999999,100.0,0.0,1777148236,closed,1.0,1786604370,resolution,,0.5328239670252373
12122,perfect100,backtest,0xd34f2b5e9ee02bed8a107fdf9bda2d866dc61c95,0xe208a07bd71069b04e3b89de92f71da8b155d45dc2e527dc46c3ceb2a63b307b,92079910675159907375467354284229768948316964233795313847482829094812147958054,No,"US x Iran diplomatic meeting by April 27, 2026?",109.95777621393385,0.9094399999999999,100.0,0.0,1777148516,closed,1.0,1786604370,resolution,,9.957776213933855
11956,perfect100,backtest,0x6274f5f961800af6ddef3d6a362ba12422166907,0x96cd1bfdc9f904198fd559b1a62c0e5c23412672d1c174ebb8d025273577a3fd,99932575747050197176311353057287730758421737500750012119419196243225585645724,No,"Israel and Indonesia normalize relations by June 30, 2026?",104.92243608912113,0.9530849999999998,100.0,0.0,1777173272,closed,1.0,1786604370,resolution,,4.922436089121135
12123,perfect100,backtest,0xd34f2b5e9ee02bed8a107fdf9bda2d866dc61c95,0x9967297556e4fd7f7e1e688a2e44d6fdbc42b0700576a1e4e67aa37764ac640a,42277247300059455315872150222700537525647929202778246138550488342397262489345,No,"US x Iran diplomatic meeting by April 28, 2026?",100.73841256409483,0.9926699999999998,100.0,0.0,1777240226,closed,1.0,1786604370,resolution,,0.7384125640948298
11957,perfect100,backtest,0x6274f5f961800af6ddef3d6a362ba12422166907,0xf78f04ac15082bd53191c6efd8670b3fa04fc99d07e33e98ea6ddcf99b7a2c93,76706438722657094807428459302230308718943542424974381190511598583787421448196,No,"Israel and Syria normalize relations by June 30, 2026?",102.7342726670331,0.9733849999999998,100.0,0.0,1777272236,closed,1.0,1786604370,resolution,,2.734272667033096
11958,perfect100,backtest,0x6274f5f961800af6ddef3d6a362ba12422166907,0xe36015f56935b6571c0d669d9e8ae8fa181fe2e9bc759b83c4bb1dbad3d562b4,20238780663984246115386558952849697240906640148682716270933778917195762288495,Beşiktaş JK,Spread: Fatih Karagümrük SK (-1.5),102.52046564795498,0.9754149999999999,100.0,0.0,1777279638,closed,1.0,1786604370,resolution,,2.5204656479549783
12124,perfect100,backtest,0xd34f2b5e9ee02bed8a107fdf9bda2d866dc61c95,0xe4b2559ab155aeb5fb6658e2b79a2331bc2bbc8450dbb5fbe3491aa92c03c693,78461955127412010370136134874559556140346625218205425269531667868110999274827,No,"Will the price of Bitcoin be above $78,000 on April 29?",100.12415395089913,0.9987599999999999,100.0,0.0,1777471980,closed,1.0,1786604370,resolution,,0.12415395089912806
12125,perfect100,backtest,0xd34f2b5e9ee02bed8a107fdf9bda2d866dc61c95,0xfa59099fbda1e0f0058ed3cbd57e939fe90ab6d9b57d53bd488bcadf75c191d4,43306201559293677467902878784200227711843675662189772539825649733291552996303,No,Trump announces end of military operations against Iran by April 30th?,100.25698258296538,0.9974367612474999,100.0,0.0,1777596264,closed,1.0,1786604370,resolution,,0.256982582965378
11988,perfect100,backtest,0x33b45b246a2b8d69f96f3ca615b940c48d5b0f91,0x24caca44a9ec5c344bd5f57c547f466dc0452e147d264a626afbffe3b5a0b55f,15941169207766483447414689399123153340714132932920187738030167528134553690538,No,"Ukraine election held by June 30, 2026?",100.12415395089913,0.9987599999999999,100.0,0.0,1777950216,closed,1.0,1786604370,resolution,,0.12415395089912806
11959,perfect100,backtest,0x6274f5f961800af6ddef3d6a362ba12422166907,0x5dc9112cfc34394e7a2b114f95ecaccf4232abddaad9ec5a458436f848be45ed,74343585122633457789775179947318158278505064322529448481113838489433486887046,No,Will Trump meet with Vladimir Putin in May 2026?,102.09551034993237,0.9794749999999999,100.0,0.0,1777956354,closed,1.0,1786604370,resolution,,2.0955103499323684
11989,perfect100,backtest,0x33b45b246a2b8d69f96f3ca615b940c48d5b0f91,0xd8a866caf15e14a79760ec11047673beef3c241b2f5fb4700ac132917ce6979b,105840705060856711344554641145464415988114497630453412822402844572233363971885,Chongqing Tonglianglong FC,Spread: Henan FC (-2.5),102.7342726670331,0.9733849999999998,100.0,0.0,1777961942,closed,1.0,1786604370,resolution,,2.734272667033096
11960,perfect100,backtest,0x6274f5f961800af6ddef3d6a362ba12422166907,0x15f1cb5e026128283da8ab95718e7d48ae6d7e65681674540cb9fe358f41719f,25517582451790115543183129638844419237736995665381498381250228590519102190113,Shanghai Shenhua FC,Spread: Shandong Taishan FC (-2.5),105.93781450288681,0.94395,100.0,0.0,1777963728,closed,0.0,1786604370,resolution,,-100.0
12126,perfect100,backtest,0xd34f2b5e9ee02bed8a107fdf9bda2d866dc61c95,0xc1de2851bcd5d818de379a11216fdf77b25156c6b19c3cfd3bf234fcb81c0891,107124537088921028809397352433866012190715507298966876368813460980814882509088,Yes,"Will Bitcoin reach $82,000 on May 5?",7090.206826806778,0.01410396092,100.0,0.0,1778039422,closed,0.0,1786604370,resolution,,-100.0
11990,perfect100,backtest,0x33b45b246a2b8d69f96f3ca615b940c48d5b0f91,0x1852d18e0a0dafb61e1e56b56bbf939e15f90a9fda5e851a5b6fd6dee03e1f72,41840209198915971818252398462736127795878772790982664042574759211217555602057,FC Gifu,Spread: Matsumoto Yamaga FC (-2.5),101.67406345478302,0.9835349999999998,100.0,0.0,1778055786,closed,0.0,1786604370,resolution,,-100.0
11961,perfect100,backtest,0x6274f5f961800af6ddef3d6a362ba12422166907,0xaa1d2cf2e3fb0c19ffa4ed284b48d773535b110c5f32aebad7c9f6bab9136cde,34776488559784637280390577962975502251963531750040817799291104642872007959119,National Bank of Egypt Club,Spread: Ismaily SC (-1.5),102.52046564795498,0.9754149999999999,100.0,0.0,1778134979,closed,1.0,1786604370,resolution,,2.5204656479549783
11991,perfect100,backtest,0x33b45b246a2b8d69f96f3ca615b940c48d5b0f91,0x8b80ae2af203e0ef4f0ea26efcff647bf0569e88e3edf1dde5a699d91ccce3a6,32551882006894355146378392773498163681534394023471646135768887421225276899708,Haras El Hodood SC,Spread: ZED FC (-1.5),102.7342726670331,0.9733849999999998,100.0,0.0,1778136448,closed,1.0,1786604370,resolution,,2.734272667033096
12127,perfect100,backtest,0xd34f2b5e9ee02bed8a107fdf9bda2d866dc61c95,0xc5331256bff341491df0656772c4245a99a483c58eeda2faa70fa6bb8b7b0405,29200931906543294012092489208099110567531377765151375566798406927877147242781,No,"US x Iran permanent peace deal by May 8, 2026?",101.88435107309694,0.9815049999999998,100.0,0.0,1778194448,closed,1.0,1786604370,resolution,,1.884351073096937
12128,perfect100,backtest,0xd34f2b5e9ee02bed8a107fdf9bda2d866dc61c95,0xde3f9e35b32a99b679ad3f4ecfc25062071face5ac28cd83a3c6554be65b578e,75496453263165245575009264404982227663086044180406272019480816102222478601902,Spurs,Spurs vs. Timberwolves,102.80759954955445,0.9726907391879999,100.0,0.0,1778300410,closed,1.0,1786604370,resolution,,2.8075995495544532
11962,perfect100,backtest,0x6274f5f961800af6ddef3d6a362ba12422166907,0xc1a90cbaa26e8e5e79f2a395362a72302ca065b5c5d32aa83e97f3f5b68e7c45,68709034434700114731900515147547903797881702176174635315234115306804421402366,No,"Kadyrov out as Head of the Chechen Republic by June 30, 2026?",104.92243608912113,0.9530849999999998,100.0,0.0,1778302259,closed,1.0,1786604370,resolution,,4.922436089121135
11992,perfect100,backtest,0x33b45b246a2b8d69f96f3ca615b940c48d5b0f91,0x4eea504d6a9a609f2e6fe6b88de6327755282192ebbae4b3b170eac91b611214,107335167713423773973447605599790535579211847383082853080503338846150211532025,No,Will Donald Trump visit Taiwan in 2026?,105.71048013700079,0.9459799999999999,100.0,0.0,1778302753,open,,,,0.969,
11963,perfect100,backtest,0x6274f5f961800af6ddef3d6a362ba12422166907,0xa06b02be4d7ea8fa8dec11f4ce7500d8b4e153bb286eac8427c7ca4946ac83a5,4932830334059666789963613774290769454892190935747480935468471298741937579004,Sevilla FC,Spread: RCD Espanyol de Barcelona (-2.5),100.63551326627655,0.9936849999999999,100.0,0.0,1778311496,closed,1.0,1786604370,resolution,,0.635513266276547
11993,perfect100,backtest,0x33b45b246a2b8d69f96f3ca615b940c48d5b0f91,0xa06b02be4d7ea8fa8dec11f4ce7500d8b4e153bb286eac8427c7ca4946ac83a5,4932830334059666789963613774290769454892190935747480935468471298741937579004,Sevilla FC,Spread: RCD Espanyol de Barcelona (-2.5),100.63551326627655,0.9936849999999999,100.0,0.0,1778311669,closed,1.0,1786604370,resolution,,0.635513266276547
12129,perfect100,backtest,0xd34f2b5e9ee02bed8a107fdf9bda2d866dc61c95,0xdb80cb224aaad81b579dd475129a43112827b1661fee3feec79122523ae5b933,3043114217411681673088135147371645486248759546264099005085283208702824300126,Khamzat Chimaev,"UFC 328: Sean Strickland vs. Khamzat Chimaev (Middleweight, Main Card)",112.6278123873092,0.8878801592639999,100.0,0.0,1778386707,closed,0.4728,1778387084,trader_exit,,-46.74957030328021
12130,perfect100,backtest,0xd34f2b5e9ee02bed8a107fdf9bda2d866dc61c95,0xdb80cb224aaad81b579dd475129a43112827b1661fee3feec79122523ae5b933,95946969362614270971845155358440977954164316271424679902550835681765991014456,Sean Strickland,"UFC 328: Sean Strickland vs. Khamzat Chimaev (Middleweight, Main Card)",166.9867253195744,0.5988499972594999,100.0,0.0,1778387227,closed,1.0,1786604370,resolution,,66.98672531957439
11964,perfect100,backtest,0x6274f5f961800af6ddef3d6a362ba12422166907,0x3e8c1ed53d50da5c13304acf7d8ee93ba368f9c30930383b862537a5a6e97e36,70506608753246144029744057626870726446763434807692099514900081868843587380763,No,Will Gustavo Petro be charged in the US by May 31?,100.32807279804963,0.9967299999999999,100.0,0.0,1778391516,closed,0.5399353221875001,1778398030,trader_exit,,-45.82932968933411
11965,perfect100,backtest,0x6274f5f961800af6ddef3d6a362ba12422166907,0xd81282f5791e3354572aa666ee1a2bdb8700e235a6d94b06a49c18c606eef1ce,17065889559372486416191040007014733841716729862746432231646504552958022802934,No,Will Donald Trump visit Lebanon in 2026?,102.84151094747885,0.9723699999999998,100.0,0.0,1778484259,open,,,,0.9015,
12132,perfect100,backtest,0xd34f2b5e9ee02bed8a107fdf9bda2d866dc61c95,0x4c7aee76714c3a69885cbf6a09c754529b255d038b9547d5cec1836906a0aecb,57412940763264379879744550530590190368873063906839354927556618677151005038270,Thunder,Thunder vs. Lakers,109.93228972536852,0.9096508428034998,100.0,0.0,1778563092,closed,1.0,1786604370,resolution,,9.93228972536852
11966,perfect100,backtest,0x6274f5f961800af6ddef3d6a362ba12422166907,0xa4ddc18895cc7b14810283ef8f113939abffd3969c6a0e37f1897110c67e6f73,95212449865986159112377413335252801281670333750637442556685159781445406848396,No,Hantavirus pandemic in 2026?,106.05184874885332,0.942935,100.0,0.0,1778734390,closed,0.91408,1778734847,trader_exit,,-3.060126095648158
12134,perfect100,backtest,0xd34f2b5e9ee02bed8a107fdf9bda2d866dc61c95,0x356e733166dee1aad38cec28892096433516b83f7f79d4eeac74d60e4d8b1994,96824490864753131573662709872956128973886693338381790286413510520637363327543,Spurs,NBA Playoffs: Who Will Win Series? - Spurs vs. Timberwolves ,100.63551326627655,0.9936849999999999,100.0,0.0,1778901788,closed,1.0,1786604370,resolution,,0.635513266276547
12136,perfect100,backtest,0xd34f2b5e9ee02bed8a107fdf9bda2d866dc61c95,0x66f99e1d9629b9f2d5942d74c26f729ffe9f633c0bf899c27abf0fb4f078c851,55631509408711533901711193660663154460221584365183502530551139258092605837664,No,"Will the price of Bitcoin be above $78,000 on May 18?",100.53282396702524,0.9946999999999999,100.0,0.0,1779114798,closed,1.0,1786604370,resolution,,0.5328239670252373
12138,perfect100,backtest,0xd34f2b5e9ee02bed8a107fdf9bda2d866dc61c95,0x393fb0be5ca5832188657b34ad914c8f24a3ea6dfca233d1b996aba14399b48f,74257523463063023273742573330145283889427051176085883328253105581515193564468,Yes,Will the Iran ceasefire continue through May 21?,100.63551326627655,0.9936849999999999,100.0,0.0,1779394258,closed,1.0,1786604370,resolution,,0.635513266276547
12141,perfect100,backtest,0xd34f2b5e9ee02bed8a107fdf9bda2d866dc61c95,0x0e4a0c937b8934c2475613b6322b3f8edc8dedc24762e01e42b0e6f87424a089,42918220085288219341491829385501246298233444593663440094436147850542032590016,No,"US x Iran permanent peace deal by May 31, 2026?",149.27601134497687,0.6698999999999999,100.0,0.0,1779634778,closed,0.7289,1779774760,trader_exit,,8.807284669353635
12142,perfect100,backtest,0xd34f2b5e9ee02bed8a107fdf9bda2d866dc61c95,0x0b8f7e82ef6014df499a1e29d424aae7e0d49acb9ca06ab5489a8fb823c24a68,59822406583505628462561447122126133953485190783374161622153432004778552005837,No,"Will Bitcoin reach $78,000 on May 24?",102.62725779967161,0.9743999999999998,100.0,0.0,1779672816,closed,1.0,1786604370,resolution,,2.627257799671611
12143,perfect100,backtest,0xd34f2b5e9ee02bed8a107fdf9bda2d866dc61c95,0xf7ad79d04f2dc95740b512d657957bf16b521342ae41be894fa44c56b8b1d1ab,111349546931737518412997423334107156231396101428399031905603789303404126253933,No,US announces new Iran agreement/ceasefire extension by May 25?,103.70754472387868,0.9642499999999998,100.0,0.0,1779691954,closed,0.9259,1779695100,trader_exit,,-3.9771843401607327
12144,perfect100,backtest,0xd34f2b5e9ee02bed8a107fdf9bda2d866dc61c95,0x421bc1929df1429cf2cb94f80c1ce6a3ed0d1f0b7a2749b9890075f94eb549e9,52965156717339871692714186660785951310421831919562520539239006775699853846973,No,"US x Iran permanent peace deal by May 26, 2026?",103.70754472387868,0.9642499999999998,100.0,0.0,1779776430,closed,1.0,1786604370,resolution,,3.7075447238786836
12148,perfect100,backtest,0xd34f2b5e9ee02bed8a107fdf9bda2d866dc61c95,0xc792f8824ef9bb549a4f5d89eec898caefdd3df5a507783f80202d289e9130ea,112890624372199570903379805854221558875522244182741051024012191207402902645477,No,"Israel x Hezbollah permanent peace deal by May 31, 2026?",100.53282396702524,0.9946999999999999,100.0,0.0,1779946042,closed,1.0,1786604370,resolution,,0.5328239670252373
11967,perfect100,backtest,0x6274f5f961800af6ddef3d6a362ba12422166907,0xf919c03cf4a3a0f69eb7fa92bf52b0f11ad531960e712c8e7dfcb97b5c029571,32212148029329139432059519052718027199654637080851166134165639504020636787339,No,Game 1: Any Player Penta Kill?,103.70754472387868,0.9642499999999998,100.0,0.0,1779949073,closed,1.0,1786604370,resolution,,3.7075447238786836
12149,perfect100,backtest,0xd34f2b5e9ee02bed8a107fdf9bda2d866dc61c95,0xf5a6679555d7615fd1976749a0937e57c7239ce01195b0a6c473d36d13db9a1b,34606082037400218316082890258629852710367777441484394646993998002703350336719,Yes,"Will the price of Bitcoin be above $72,000 on May 28?",101.67406345478302,0.9835349999999998,100.0,0.0,1779978400,closed,1.0,1786604370,resolution,,1.674063454783024
12151,perfect100,backtest,0xd34f2b5e9ee02bed8a107fdf9bda2d866dc61c95,0xb2e7dd21dd889b9b56447857f03ea6188ebcef50599c3c1556c2f9141772d7bb,6711435152848361698594625643485496465834410509383584661713833061358553832581,No,US announces new Iran agreement/ceasefire extension by May 28?,110.69906459290421,0.9033499999999999,100.0,0.0,1779979073,closed,0.90817,1779990445,trader_exit,,0.5335694913378148
12159,perfect100,backtest,0xd34f2b5e9ee02bed8a107fdf9bda2d866dc61c95,0xd39905267d79b715f078279ef41f311b791c6e2c7361fea38011492b632212ef,63756054444750273032342900213736494135377239401337354989820981541092393466748,No,"Iran agrees to surrender enriched uranium stockpile by May 31, 2026?",104.588288203487,0.9561299999999998,100.0,0.0,1779992167,closed,1.0,1786604370,resolution,,4.5882882034869965
12161,perfect100,backtest,0xd34f2b5e9ee02bed8a107fdf9bda2d866dc61c95,0x4d1ee0c046938319f654f99c6aca2380c1f6d88a65887dd360fda3d0509eddb4,1337374872777199077123947171333224634756716656760029948621511882931384997964,No,"Israel x Iran permanent peace deal by May 31, 2026?",104.92243608912113,0.9530849999999998,100.0,0.0,1779992286,closed,1.0,1786604370,resolution,,4.922436089121135
11968,perfect100,backtest,0x6274f5f961800af6ddef3d6a362ba12422166907,0x0734eb61d07f694bde1da2619cfb75d2a052b8f173180fb050894c30d73de98c,41322607865742074300265155339497262263149745189020953796823127345289944760602,No,US military draft authorized in 2026?,107.08931248661384,0.9338,100.0,0.0,1780020246,open,,,,0.9545,
11994,perfect100,backtest,0x33b45b246a2b8d69f96f3ca615b940c48d5b0f91,0x91467d5c49b5e06a68d101c3ea2e227ffd76215060d93381aca203ee26cf2d06,13657611258353191201973828521127914557302182692217908076103195439294504815662,No,Will the US reopen its embassy in Iran in 2026?,108.26611811833487,0.92365,100.0,0.0,1780025844,closed,0.8865,1780121558,trader_exit,,-4.022086288096133
11969,perfect100,backtest,0x6274f5f961800af6ddef3d6a362ba12422166907,0xa65f4751f4758533665f713dc7c95c7f4988e7659206fa9136a6ff562d73afdf,101652421950624186422907068708895356708802001644005142602189362460059542390411,FCSB,Spread: Dinamo 1948 (-2.5),104.81081647626037,0.9540999999999998,100.0,0.0,1780031985,closed,1.0,1786604370,resolution,,4.810816476260371
11995,perfect100,backtest,0x33b45b246a2b8d69f96f3ca615b940c48d5b0f91,0xd5e8ae9861fa48a629414678d5f10d25e0dd9c62c7e5c1ad45a9dbade20645b0,82850701865808494437479708166461618502134874726143400628304223708062277533947,No,Game 1: Both Teams Slay Baron Nashor?,108.26611811833487,0.92365,100.0,0.0,1780034419,closed,1.0,1786604370,resolution,,8.266118118334873
11996,perfect100,backtest,0x33b45b246a2b8d69f96f3ca615b940c48d5b0f91,0x84c18c49e8b5b3ff8566b1504ffa6a5b9de5e9227570a28915d5b83ee755e540,108968313361725407893906898845936333393237218721626057237016379343898359530958,Cultural y Deportiva Leonesa,Spread: Real Sociedad de Fútbol B (-2.5),108.26611811833487,0.92365,100.0,0.0,1780121898,closed,1.0,1786604370,resolution,,8.266118118334873
12168,perfect100,backtest,0xd34f2b5e9ee02bed8a107fdf9bda2d866dc61c95,0x93ddd1be25f9225289a83a760480ff0dac4126cfbb0b97ead62590eb193c4ff9,60606116669926274125895856692431615247716233497058700435627443024634073129717,Over,Paris Saint-Germain FC vs. Arsenal FC: O/U 1.5,109.46907498631637,0.9135,100.0,0.0,1780157530,closed,1.0,1786604370,resolution,,9.469074986316372
11970,perfect100,backtest,0x6274f5f961800af6ddef3d6a362ba12422166907,0xc1f43db60906fb03f0db0283a1841bd77d9e0efb12e203b7949e620505821077,82853503482285342179716444117373380745833822379279977130893612982453660609868,No,Will Trump visit Pakistan by June 30?,108.26611811833487,0.92365,100.0,0.0,1780194472,closed,1.0,1786604370,resolution,,8.266118118334873
11997,perfect100,backtest,0x33b45b246a2b8d69f96f3ca615b940c48d5b0f91,0x8a944deab3a338ca294c3766863a38572491d51f5b7373351eece856e09b33c7,47832084794595987331941650545434136509752803700154731110656789774216245397517,CD Castellón,Spread: SD Eibar (-1.5),104.81081647626037,0.9540999999999998,100.0,0.0,1780205168,closed,1.0,1786604370,resolution,,4.810816476260371
11971,perfect100,backtest,0x6274f5f961800af6ddef3d6a362ba12422166907,0x359fbf774f2af94da6f71dd85c91531b2a9cb02f5f1b981e78e387cf7ef33244,10350701777050182669329947172344790401812681814125537862781131935702888757691,Ukraine,Spread: Poland (-2.5),106.05184874885332,0.942935,100.0,0.0,1780206498,closed,1.0,1786604370,resolution,,6.051848748853317
11972,perfect100,backtest,0x6274f5f961800af6ddef3d6a362ba12422166907,0x3e63b0a9b1af05fb0d5ffcbf13e98b0fb047d80d51e93dab7e6d898f1e5faf1f,32806212322582197337055873689036243808299405525320871606952260274982451129817,No,Will Russia enter Dobropillia by June 30?,104.92243608912113,0.9530849999999998,100.0,0.0,1780369890,closed,1.0,1786604370,resolution,,4.922436089121135
11998,perfect100,backtest,0x33b45b246a2b8d69f96f3ca615b940c48d5b0f91,0xa1f3aa44f7a0f33c141102e5c18b49489f70a5445fda21c2514ec5da3776a83e,35833726634636755731883096092176852366903092964645587829477221455106648448034,Belgium,Spread: Croatia (-2.5),104.14605442672806,0.9601899999999999,100.0,0.0,1780377163,closed,1.0,1786604370,resolution,,4.146054426728057
11973,perfect100,backtest,0x6274f5f961800af6ddef3d6a362ba12422166907,0x2c07993b98a67f14dd12d6f843cb4f0b700b0be2769a5166cff0d85a4436df26,28194967268972739907607268879187871524029534897650232183591244068388741515677,Wales,Spread: Ghana (-1.5),107.32262253560428,0.93177,100.0,0.0,1780381899,closed,1.0,1786604370,resolution,,7.322622535604282
11974,perfect100,backtest,0x6274f5f961800af6ddef3d6a362ba12422166907,0x6e6851f2698629795fa06869d961c986221a80cedcba10fbaf0ed220607cdada,100818499003359884559774352671825765184103958625070066814408985574716007147193,No,"China x India military clash by December 31, 2026?",105.93781450288681,0.94395,100.0,0.0,1780470578,open,,,,0.935,
11999,perfect100,backtest,0x33b45b246a2b8d69f96f3ca615b940c48d5b0f91,0x33d8067cc4cb4fe5a106a6dff16e68667a2316f6e7a4df5a45e307b09c7011d6,29869334466361248122873612451824537752160298011083621004125335674107268419165,Under,Gibraltar vs. British Virgin Islands: O/U 5.5,105.93781450288681,0.94395,100.0,0.0,1780471873,closed,1.0,1786604370,resolution,,5.937814502886809
11975,perfect100,backtest,0x6274f5f961800af6ddef3d6a362ba12422166907,0xb00ae0eaeb0a6a51d2c42a5f2e20308faa481ed726b180e485d77a333ac4ca7e,57734036801594856171821264898297908283845108730545902576929783989615755620448,No,Game 1: Both Teams Slay Baron Nashor?,107.08931248661384,0.9338,100.0,0.0,1780475760,closed,1.0,1786604370,resolution,,7.089312486613835
11976,perfect100,backtest,0x6274f5f961800af6ddef3d6a362ba12422166907,0x14501df0ca5ec395792b0614b18133b72e702a9a2615dd0a4b3f0c6e097de081,36584990740430575779853916178487409250519468755041580140068769472851047579138,No,"Erdoğan out by December 31, 2026?",107.08931248661384,0.9338,100.0,0.0,1780539055,open,,,,0.945,
12000,perfect100,backtest,0x33b45b246a2b8d69f96f3ca615b940c48d5b0f91,0x3fd00147e44c2eb548696c90e4a8ceb499510176915c9b62826ab5a668fddf76,96494129979495968568657480337323719557091310670848237467949288511227109433690,Northern Ireland,Spread: Guinea (-1.5),107.55695140576937,0.9297399999999999,100.0,0.0,1780548292,closed,1.0,1786604370,resolution,,7.556951405769368
11977,perfect100,backtest,0x6274f5f961800af6ddef3d6a362ba12422166907,0x6dfd263e98355883dee4a2020d162aa71fdba4dc24b203064f6b3401b735808f,93672671573812128731652179556201945346784959215971662632313836021167419362516,No,Game 1: Both Teams Slay Baron Nashor?,107.08931248661384,0.9338,100.0,0.0,1780551033,closed,1.0,1786604370,resolution,,7.089312486613835
12001,perfect100,backtest,0x33b45b246a2b8d69f96f3ca615b940c48d5b0f91,0x8e999a71674bdf03604ffff9be217b1ec7fe73becf0e7c050bdfd2726f6f402a,17101179475659018604281028640794208259523093223820864733007971854039394537078,No,Trump talks to Cuba leader Diaz-Canel by June 30?,108.26611811833487,0.92365,100.0,0.0,1780723018,closed,1.0,1786604370,resolution,,8.266118118334873
11978,perfect100,backtest,0x6274f5f961800af6ddef3d6a362ba12422166907,0x8e999a71674bdf03604ffff9be217b1ec7fe73becf0e7c050bdfd2726f6f402a,17101179475659018604281028640794208259523093223820864733007971854039394537078,No,Trump talks to Cuba leader Diaz-Canel by June 30?,105.93781450288681,0.94395,100.0,0.0,1780723110,closed,1.0,1786604370,resolution,,5.937814502886809
12002,perfect100,backtest,0x33b45b246a2b8d69f96f3ca615b940c48d5b0f91,0xa60ef8a034ca2a3bfced1406e7f4a722774eba385352fff3a3191985b0833dc8,23718584162878309961095459972217685678933766584289463810275288757252347016477,No,Will a new country join the Abraham Accords by June 30?,104.81081647626037,0.9540999999999998,100.0,0.0,1780807708,closed,1.0,1786604370,resolution,,4.810816476260371
11979,perfect100,backtest,0x6274f5f961800af6ddef3d6a362ba12422166907,0x0a37f80f29163ab485b30b039822e6c8e5ff8ec892a851820ba8937d87f49905,112367107932492265878330462602718791499828599070573591779812975442852571633001,Over,Denmark vs. Ukraine: O/U 0.5,107.08931248661384,0.9338,100.0,0.0,1780808815,closed,1.0,1786604370,resolution,,7.089312486613835
12003,perfect100,backtest,0x33b45b246a2b8d69f96f3ca615b940c48d5b0f91,0x3a201eb9ef8da968641efb940de329df725acbf648f2d45e665a4bb355b0dc81,23019916574083552308832532043865247504582607387167707599943462130331360767326,No,Game 2: Both Teams Slay Baron Nashor?,109.46907498631637,0.9135,100.0,0.0,1780816269,closed,0.93575,1780887463,trader_exit,,2.4356869184455405
11980,perfect100,backtest,0x6274f5f961800af6ddef3d6a362ba12422166907,0x89bce251d9442b7ee4c5d4277dcb4431e8856531041bb630fe59e6ed39466f3e,60304645109255529336186859042155942173761872111450644499379530861791485319063,No,Game 2: Both Teams Destroy Barracks?,108.26611811833487,0.92365,100.0,0.0,1780899303,closed,1.0,1786604370,resolution,,8.266118118334873
12004,perfect100,backtest,0x33b45b246a2b8d69f96f3ca615b940c48d5b0f91,0x89bce251d9442b7ee4c5d4277dcb4431e8856531041bb630fe59e6ed39466f3e,60304645109255529336186859042155942173761872111450644499379530861791485319063,No,Game 2: Both Teams Destroy Barracks?,108.26611811833487,0.92365,100.0,0.0,1780899388,closed,1.0,1786604370,resolution,,8.266118118334873
12170,perfect100,backtest,0xd34f2b5e9ee02bed8a107fdf9bda2d866dc61c95,0x09f9d4aca74a3d2feb4c95633abf1cf49758b0c8bfe0dd2c99a20c2fa44a0164,37067912673428617851937570344528335092077451872612305983387768021666990619797,No,"Will the price of Bitcoin be above $64,000 on June 8?",105.14639006156321,0.951055,100.0,0.0,1780934214,closed,1.0,1786604370,resolution,,5.14639006156321
12171,perfect100,backtest,0xd34f2b5e9ee02bed8a107fdf9bda2d866dc61c95,0x4c93a2644e21bacc088f233bb4322db229d3bc1695026f066412d827001c59e6,108259179113762787799728630882962227667681702619250139906972592109370383924005,No,Israel closes its airspace by June 10?,101.0483769104459,0.9896249999999999,100.0,0.0,1781113858,closed,1.0,1786604370,resolution,,1.0483769104458958
12174,perfect100,backtest,0xd34f2b5e9ee02bed8a107fdf9bda2d866dc61c95,0x2d62406d718b45a9b0417e05d33aef6fe31381f2922acc0ba0938d99145299c6,35218429919281496349820121030155495920286085237124219145779644048076299632581,No,Will Trump praise Allah again by June 30?,133.13806417254696,0.7510999999999999,100.0,0.0,1781118862,closed,0.5644185178445,1781191150,trader_exit,,-24.854411151045113
12175,perfect100,backtest,0xd34f2b5e9ee02bed8a107fdf9bda2d866dc61c95,0xf207909cce03987b2a38e143e6e66040e247ca317a63284b6a6fc1f21879e3fa,9800048473937538833379897588347079861337348113940717874791761026255749894617,Under,Mexico vs. South Africa: O/U 4.5,100.53282396702524,0.9946999999999999,100.0,0.0,1781210635,closed,1.0,1786604370,resolution,,0.5328239670252373
12180,perfect100,backtest,0xd34f2b5e9ee02bed8a107fdf9bda2d866dc61c95,0x9319e7f316532c47f6865fa813f984473bda9d67e60af1dec658c3c786767531,88624041040967320847539085395470418933959693771245019066246960573296078997026,No,SpaceX IPO closing market cap above $2.6T?,101.77909864430242,0.9825199999999998,100.0,0.0,1781282119,closed,1.0,1786604370,resolution,,1.7790986443024224
12181,perfect100,backtest,0xd34f2b5e9ee02bed8a107fdf9bda2d866dc61c95,0xd86a816093fcd0a0e1ca440bc5ce199bd3c5a8d6139e044b076958164f8c5423,59855952379545476461266875939089074481171378466995213858930892770855011813551,No,"US x Iran permanent peace deal by June 15, 2026?",113.76693705275373,0.8789899999999999,100.0,0.0,1781284245,closed,0.0,1786604370,resolution,,-100.0
12186,perfect100,backtest,0xd34f2b5e9ee02bed8a107fdf9bda2d866dc61c95,0xd90bf5f45f24c5de7881707cb5374f3d991388a2d220fa7e0fe2be912cd7642a,110136933550893624733134445460153301975615510734202337526927943993346922198810,Knicks,Knicks vs. Spurs,111.95700852145504,0.8931999998985,100.0,0.0,1781407312,closed,1.0,1786604370,resolution,,11.957008521455037
12188,perfect100,backtest,0xd34f2b5e9ee02bed8a107fdf9bda2d866dc61c95,0xfedc055699e34eac5f8cd6a1fb1d19e40d87c8e6920b59e741edcb41f8bbdf7d,63982800272592512779698912195947839409824976065349891331001784174066295462415,No,Will Iran close its airspace by June 14?,100.53282396702524,0.9946999999999999,100.0,0.0,1781475960,closed,1.0,1786604370,resolution,,0.5328239670252373
12189,perfect100,backtest,0xd34f2b5e9ee02bed8a107fdf9bda2d866dc61c95,0xda339a654c3a15b29ca146cf383983f1d5685fd820fca25c3ce8ba117c7c98d0,100634818442811231863600646891515451405001078873382648630445983294808209799549,Over,Spain vs. Cabo Verde: O/U 0.5,102.62725779967161,0.9743999999999998,100.0,0.0,1781540368,closed,0.0,1786604370,resolution,,-100.0
12192,perfect100,backtest,0xd34f2b5e9ee02bed8a107fdf9bda2d866dc61c95,0xd08497432c1651c6bf606fbc1e66a6b76b1d93ff97c11b19c23f703f2e036cb9,63102835540811946912342767264582446046043621632343683335389255203881664958726,No,"Will the price of Bitcoin be above $66,000 on June 17?",100.63551326627655,0.9936849999999999,100.0,0.0,1781708528,closed,1.0,1786604370,resolution,,0.635513266276547
12195,perfect100,backtest,0xd34f2b5e9ee02bed8a107fdf9bda2d866dc61c95,0x4ca004770f58e5ad56b47fa336c5a2b6ca823893262478fa76ca01b878cdf8ce,70700665791510307876820826288681177672834320656431944460337608039522009126358,Under,Portugal vs. DR Congo: O/U 5.5,100.43034402414347,0.9957149999999999,100.0,0.0,1781720980,closed,1.0,1786604370,resolution,,0.43034402414346573
12196,perfect100,backtest,0xd34f2b5e9ee02bed8a107fdf9bda2d866dc61c95,0xcccbc0d6962389ab299496edeab08b4e3f3e84e4e5e25bf6c1b1224b0e5d8b4b,51038942373585374148575518191201946263997834958509493440368878271182913086453,Yes,"Will the price of Bitcoin be above $58,000 on June 25?",101.67406345478302,0.9835349999999998,100.0,0.0,1782398974,closed,1.0,1786604370,resolution,,1.674063454783024
12198,perfect100,backtest,0xd34f2b5e9ee02bed8a107fdf9bda2d866dc61c95,0xff78bad30c99e8eed16b577a70b9fcfe69b83d1c838f238d3f84dcd3d2c94701,52472298363004668794598080911083049788694136003657179452761762091351614449151,Yes,"US forces in Venezuela again by June 30, 2026?",100.12415395089913,0.9987599999999999,100.0,0.0,1782490351,closed,0.94363,1782523060,trader_exit,,-5.519844607313061
12199,perfect100,backtest,0xd34f2b5e9ee02bed8a107fdf9bda2d866dc61c95,0x3d3972cdf6d1ba955b39d46b07db8d358fefb2fbe9a62608bce1710527b90572,100786654652744557959535752953064981373589873604861953150691822573087768998099,Under,Egypt vs. IR Iran: O/U 5.5,100.63551326627655,0.9936849999999999,100.0,0.0,1782532426,closed,1.0,1786604370,resolution,,0.635513266276547
11754,s10,backtest,0x91327ef84dca65ca90eea309c5d455daee4b8256,0x5e464d85eb49f22d876f3ed6168a7db5e2288e9ae1eb91effd2758e994676f86,81470465080656150088482886298356783621062802919110096763062861781139262816347,No,Will the Fed decrease interest rates by 50+ bps after the September 2026 meeting?,10.085180510554844,0.9915538933124999,10.0,0.0,1782706222,closed,0.976135,1786436814,trader_exit,,-0.1555023223295482
11755,s100,backtest,0x91327ef84dca65ca90eea309c5d455daee4b8256,0x5e464d85eb49f22d876f3ed6168a7db5e2288e9ae1eb91effd2758e994676f86,81470465080656150088482886298356783621062802919110096763062861781139262816347,No,Will the Fed decrease interest rates by 50+ bps after the September 2026 meeting?,100.85180510554844,0.9915538933124999,100.0,0.0,1782706222,closed,0.976135,1786436814,trader_exit,,-1.5550232232954784
11756,perfect100,backtest,0x91327ef84dca65ca90eea309c5d455daee4b8256,0x5e464d85eb49f22d876f3ed6168a7db5e2288e9ae1eb91effd2758e994676f86,81470465080656150088482886298356783621062802919110096763062861781139262816347,No,Will the Fed decrease interest rates by 50+ bps after the September 2026 meeting?,100.85180510554844,0.9915538933124999,100.0,0.0,1782706222,closed,0.976135,1786436814,trader_exit,,-1.5550232232954784
11981,perfect100,backtest,0x6274f5f961800af6ddef3d6a362ba12422166907,0x789d388bafe08b6c17fefb96ec7ebadc6e997e0883eae5e4918354218e6dd52d,70374885798175961938295622238826554865266822819454956679321035368103730060402,No,"US x Cuba economic deal by July 31, 2026?",108.26611811833487,0.92365,100.0,0.0,1782789245,closed,1.0,1786604370,resolution,,8.266118118334873
12200,perfect100,backtest,0xd34f2b5e9ee02bed8a107fdf9bda2d866dc61c95,0x8a620038fd7071878649bbd001fead5ed8663db96bcc2a0465bd3c5abd928b7c,92711858202616288444615977989568207740141249026438841260972244052750152620775,Under,Detroit Tigers vs. New York Yankees: O/U 10.5,101.74977620879497,0.9828031443999999,100.0,0.0,1782937295,closed,1.0,1786604370,resolution,,1.7497762087949695
12201,perfect100,backtest,0xd34f2b5e9ee02bed8a107fdf9bda2d866dc61c95,0x88d77d96e280316c86de534fc39ef6214d36d0884e00bc016adcb064a30cc552,2811704486428638244798502648106248146981810309991105051737836992129914957366,Yes,Belgium vs. Senegal: Will the Match Go to a Penalty Shootout?,109.46907498631637,0.9135,100.0,0.0,1782945277,closed,0.0,1786604370,resolution,,-100.0
11757,s10,backtest,0x91327ef84dca65ca90eea309c5d455daee4b8256,0xfe6f1dad89e1ffad14c6429e2f50354d78bef4ea94b0444c9b8bb7ef24be7175,13727859623875845595005090657064885280591158091786516620721270589849369886200,No,Will Trump pardon SBF by July 31?,10.012415395089914,0.9987599999999999,10.0,0.0,1783082888,closed,1.0,1786604370,resolution,,0.012415395089913517
11758,s100,backtest,0x91327ef84dca65ca90eea309c5d455daee4b8256,0xfe6f1dad89e1ffad14c6429e2f50354d78bef4ea94b0444c9b8bb7ef24be7175,13727859623875845595005090657064885280591158091786516620721270589849369886200,No,Will Trump pardon SBF by July 31?,100.12415395089913,0.9987599999999999,100.0,0.0,1783082888,closed,1.0,1786604370,resolution,,0.12415395089912806
11759,perfect100,backtest,0x91327ef84dca65ca90eea309c5d455daee4b8256,0xfe6f1dad89e1ffad14c6429e2f50354d78bef4ea94b0444c9b8bb7ef24be7175,13727859623875845595005090657064885280591158091786516620721270589849369886200,No,Will Trump pardon SBF by July 31?,100.12415395089913,0.9987599999999999,100.0,0.0,1783082888,closed,1.0,1786604370,resolution,,0.12415395089912806
12202,perfect100,backtest,0xd34f2b5e9ee02bed8a107fdf9bda2d866dc61c95,0x2adcc0b0bd053b4e1f85bed67282c5ef7ff287b1f931ceb0c75d7dbec7a5f9b2,44118985849737704786403817536199475141593447452573257942923461320062601926596,Mexico,Spread: England (-2.5),101.36025461695961,0.9865799999999999,100.0,0.0,1783305308,closed,1.0,1786604370,resolution,,1.3602546169596081
11760,s10,backtest,0x91327ef84dca65ca90eea309c5d455daee4b8256,0x4b5f6236f5d1d037387555f61a76142a46812de8936dc700a939a9135fc321ce,58654556399656473549468518361711620691879663575468389328675699037582603045674,Down,Bitcoin Up or Down on July 8?,10.08415225053068,0.9916549999999998,10.0,0.0,1783507924,closed,1.0,1786604370,resolution,,0.0841522505306802
11761,s100,backtest,0x91327ef84dca65ca90eea309c5d455daee4b8256,0x4b5f6236f5d1d037387555f61a76142a46812de8936dc700a939a9135fc321ce,58654556399656473549468518361711620691879663575468389328675699037582603045674,Down,Bitcoin Up or Down on July 8?,100.8415225053068,0.9916549999999998,100.0,0.0,1783507924,closed,1.0,1786604370,resolution,,0.8415225053067985
11762,perfect100,backtest,0x91327ef84dca65ca90eea309c5d455daee4b8256,0x4b5f6236f5d1d037387555f61a76142a46812de8936dc700a939a9135fc321ce,58654556399656473549468518361711620691879663575468389328675699037582603045674,Down,Bitcoin Up or Down on July 8?,100.8415225053068,0.9916549999999998,100.0,0.0,1783507924,closed,1.0,1786604370,resolution,,0.8415225053067985
12204,perfect100,backtest,0xd34f2b5e9ee02bed8a107fdf9bda2d866dc61c95,0xcace4c8060eec43cc7885f598f245699f2d0cc5a06b277b8d8acd028cbd7e8a4,62292110151418682656821548093886170834550962400570407166880227727690539136723,MOUZ,Dota 2: REKONIX vs MOUZ (BO2) - Esports World Cup Group C,100.53282396702524,0.9946999999999999,100.0,0.0,1783528129,closed,1.0,1786604370,resolution,,0.5328239670252373
11763,s10,backtest,0x91327ef84dca65ca90eea309c5d455daee4b8256,0xace3c72c24fccb6731433483ece41c780432d84850edccd5a6bf3147ccea62a9,36187795093008220558219256261729424135850137511571634448544248306719357578130,No,Will the US confirm that aliens exist by September 30?,10.27342726670331,0.9733849999999998,10.0,0.0,1783553981,open,,,,0.9795,
11764,s100,backtest,0x91327ef84dca65ca90eea309c5d455daee4b8256,0xace3c72c24fccb6731433483ece41c780432d84850edccd5a6bf3147ccea62a9,36187795093008220558219256261729424135850137511571634448544248306719357578130,No,Will the US confirm that aliens exist by September 30?,102.7342726670331,0.9733849999999998,100.0,0.0,1783553981,open,,,,0.9795,
11765,perfect100,backtest,0x91327ef84dca65ca90eea309c5d455daee4b8256,0xace3c72c24fccb6731433483ece41c780432d84850edccd5a6bf3147ccea62a9,36187795093008220558219256261729424135850137511571634448544248306719357578130,No,Will the US confirm that aliens exist by September 30?,102.7342726670331,0.9733849999999998,100.0,0.0,1783553981,open,,,,0.9795,
12205,perfect100,backtest,0xd34f2b5e9ee02bed8a107fdf9bda2d866dc61c95,0xd6dab5570fe0331eaf9edfdbdc9adeb6eb551d6df13c280b37928dcc31abcde2,18205186653872682383437306277229501693675965912648133533201998348567935186679,Bangladesh,ODI Series Zimbabwe vs Bangladesh: Zimbabwe vs Bangladesh,135.00029853522543,0.740739102691,100.0,0.0,1783610599,closed,0.0,1786604370,resolution,,-100.0
12206,perfect100,backtest,0xd34f2b5e9ee02bed8a107fdf9bda2d866dc61c95,0xf54165eb981076733353e4237b3af8faab852709947a62da5b831d241520de4e,35449783936887419258063261698064738913592081470111209387111152875259287948687,No,Exact Score: Spain 2 - 2 Belgium?,101.56924483266468,0.9845499999999999,100.0,0.0,1783716503,closed,1.0,1786604370,resolution,,1.5692448326646797
12207,perfect100,backtest,0xd34f2b5e9ee02bed8a107fdf9bda2d866dc61c95,0xeae721852cc3234aadb4ed631bc3457f2a8f16240d04b759995c83725364aa44,76921196771646622783741501019870390551670678296679775469799126455204410174491,No,Exact Score: Spain 3 - 1 Belgium?,114.95654666338453,0.869893911243,100.0,0.0,1783716670,closed,1.0,1786604370,resolution,,14.956546663384529
12208,perfect100,backtest,0xd34f2b5e9ee02bed8a107fdf9bda2d866dc61c95,0x7b52405ad0e0d31bfe970940b67d77f24ecedeab8a2361c11148c02a006e325c,111538579557239934343870815626480092245052857494675784434731223739153238373070,No,Will Norway win the 2026 FIFA World Cup?,104.69943409955872,0.9551149999999998,100.0,0.0,1783808536,closed,1.0,1786604370,resolution,,4.699434099558715
12209,perfect100,backtest,0xd34f2b5e9ee02bed8a107fdf9bda2d866dc61c95,0xf8ffcfc886862489b3022fd24c66473ce21d1303d24a13e874a3b43b6fca03df,41294820437650274061329106375705945303905655306510317564147405432053700985409,No,Exact Score: Norway 2 - 2 England?,102.94897335212084,0.9713549998984998,100.0,0.0,1783809769,closed,1.0,1786604370,resolution,,2.948973352120845
12210,perfect100,backtest,0xd34f2b5e9ee02bed8a107fdf9bda2d866dc61c95,0x33dc6492ec476dc7f2aa83c4738de362f666896aa49fff100a005dae18075172,52313832285014826967989258584874275867880918762768767907926210527760733375525,No,Will Ben Rice win the 2026 MLB Home Run Derby?,101.56924483266468,0.9845499999999999,100.0,0.0,1783991167,closed,1.0,1786604370,resolution,,1.5692448326646797
12212,perfect100,backtest,0xd34f2b5e9ee02bed8a107fdf9bda2d866dc61c95,0x8bf1c1536ecb1c08fe13c6b71e8ab1f58bf3461c4cb79f5f1679f869a06aef86,111604417349377875799825956621596386269673370070912696668140891647145772186047,Yes,Will there be no change in Fed interest rates after the July 2026 meeting?,104.81081647626037,0.9540999999999998,100.0,0.0,1784038691,closed,1.0,1786604370,resolution,,4.810816476260371
12213,perfect100,backtest,0xd34f2b5e9ee02bed8a107fdf9bda2d866dc61c95,0x6f625933010dd4e8b4744617534de160c52912b91c896aa0199d51fb64af04b3,105417117367513783489773296552210774986159257496601169303738978592687497537717,No,Exact Score: England 1 - 2 Argentina?,104.88736559658466,0.953403676708,100.0,0.0,1784147965,closed,0.24767165128799998,1784148851,trader_exit,,-74.02237296344572
12214,perfect100,backtest,0xd34f2b5e9ee02bed8a107fdf9bda2d866dc61c95,0xa5bd4b831f180564aef6a119e1f94a5d574344e25a546b7a1f14aec7cc6e2d83,76755883373039851290695610249455633595892527905785960150127813908400558868227,No,Will Iran announce withdrawal from MOU negotiations by July 24?,101.88435107309694,0.9815049999999998,100.0,0.0,1784704611,closed,1.0,1786604370,resolution,,1.884351073096937
12216,perfect100,backtest,0xd34f2b5e9ee02bed8a107fdf9bda2d866dc61c95,0x6a9afa1f367fbdbb37ba016d1bc0453c8c21ca018e4542f0bb7f69671872c897,104040261596817063797979945701351540019630914456171100581673232344741843412752,No,US announces halt in Iran offensive operations by July 24?,102.62725779967161,0.9743999999999998,100.0,0.0,1784839737,closed,1.0,1786604370,resolution,,2.627257799671611
12217,perfect100,backtest,0xd34f2b5e9ee02bed8a107fdf9bda2d866dc61c95,0xb3443ee2aeaf13efb986783084d94a4963b1520d429332cd62739c5e2582e88b,25956480245000785777351224922798305155386667984678078427040030767444630687015,MLS All-Stars,MLS All-Stars vs. Liga MX All-Stars: Team to Win,111.95700850873266,0.8931999999999999,100.0,0.0,1785373349,closed,1.0,1786604370,resolution,,11.957008508732656
12219,perfect100,backtest,0xd34f2b5e9ee02bed8a107fdf9bda2d866dc61c95,0x06eb79574f45b537e14ec4d0053b57060178fe52a9711d0e2f09ad2850281955,94482120709758530500357406467736951496004212886167330550269836366128540932803,MLS All-Stars,Spread: MLS All-Stars (-3.5),354.3962859269235,0.28217,100.0,0.0,1785375459,closed,0.0197,1785375500,trader_exit,,-93.01839316723961
11772,perfect100,backtest,0xdf44c3e8ce0a3f66dd4cdf7688e1f23500d770f1,0xbf08ec6654ade883d96f3e25a5330ccf4aae0d8e9efa690c694305e95738e8a1,54433276129324712073285993587062922641699732288614194228246811181104983627206,No,Iran full airspace closure by August 15?,142.80017135076082,0.7002792717549999,100.0,0.0,1785577974,closed,0.921086381042,1786129149,trader_exit,,31.531293041649775
11773,perfect100,backtest,0xdf44c3e8ce0a3f66dd4cdf7688e1f23500d770f1,0x5a9395dae6c7643ea06e7a555580a5526e81073aea9c9306363529c5b76a8f8b,34707224416470630443022501916513884846577205082389077639001965749737041106571,No,US x Iran Effective Ceasefire by July 31?,106.61596180181296,0.9379458601694999,100.0,0.0,1785578051,closed,0.0,1786604370,resolution,,-100.0
11775,perfect100,backtest,0xdf44c3e8ce0a3f66dd4cdf7688e1f23500d770f1,0xbdc0827c873d1c3c538e549ab94c77829f7e40fd3376b25164c0279f744a87bc,8380715925577845977184977030716387784969501288623224112825735013253473276536,No,"US x Iran diplomatic meeting by August 31, 2026?",144.69259656924723,0.6911203639375,100.0,0.0,1785578127,closed,0.5715541148309999,1785710606,trader_exit,,-17.300351045264918
11778,perfect100,backtest,0xdf44c3e8ce0a3f66dd4cdf7688e1f23500d770f1,0x93796dea2fe5dfc8da1a942448e6ab767d9bb3464a96ea3a527dfed0ef7bd958,112157595552502425360311365480557346272967836691353340001604809204498706086576,Yes,Israel x Iran ceasefire continues through August 2?,120.14898474107896,0.8322999999999998,100.0,0.0,1785578346,closed,0.9652999999999999,1785637665,trader_exit,,15.97981497056351
11779,perfect100,backtest,0xdf44c3e8ce0a3f66dd4cdf7688e1f23500d770f1,0xceb73b756d1dffbb60452a86efbca93efea9453a6f5078b2c8fd49dda3f5ccee,104628309488587616237515900963758328926363798303475209280258444561216878013118,No,Iran charges Hormuz fees by August 31?,130.7779714693474,0.7646547723324999,100.0,0.0,1785578591,closed,0.7413932537055,1785638583,trader_exit,,-3.042094219335482
11782,perfect100,backtest,0xdf44c3e8ce0a3f66dd4cdf7688e1f23500d770f1,0xf9eb9af27f46431e719ebcd980e236b774f7b0ea5f661ed6f88d9b7925fdf6e7,8436834938515306421583541875988085758056611099171878886366787267369347805322,No,Will WTI Crude Oil (WTI) hit (HIGH) $100 in August?,151.57256536566882,0.65975,100.0,0.0,1785579057,open,,,,0.915,
11783,perfect100,backtest,0xdf44c3e8ce0a3f66dd4cdf7688e1f23500d770f1,0x833f0bac240ad7d5c947d58a8acac0f77a74cf03dccd8f9b72a28811836a920f,74471063197076776334391254341065793842427098559384116332065016354576255944164,No,US x Iran Effective Ceasefire by August 14?,146.16361755689215,0.6841647851324999,100.0,0.0,1785579423,closed,0.6673908695655,1785587387,trader_exit,,-2.4517361798665718
11785,perfect100,backtest,0xdf44c3e8ce0a3f66dd4cdf7688e1f23500d770f1,0x1e8055c6e09fca13e86fccc97990f3e99e42232f26091851712fbb0db6c31eb5,54862635105139436149069486515262110889821613159945422921778685543538501897631,Bilibili Gaming,LoL: JD Gaming vs Bilibili Gaming (BO3) - LPL Group Ascend,134.96187327080102,0.7409499999999999,100.0,0.0,1785579885,closed,1.0,1786604370,resolution,,34.96187327080102
11787,perfect100,backtest,0xdf44c3e8ce0a3f66dd4cdf7688e1f23500d770f1,0x4d250b591dd7b7ffec3a518c1c83fc757f91d801762e868252c482d1f4d18896,68400022093573165474037038700563901937737223661702772285033991069743666651631,No,"Will Bitcoin dip to $55,000 in August?",126.31047113805735,0.7917,100.0,0.0,1785580446,open,,,,0.915,
11788,perfect100,backtest,0xdf44c3e8ce0a3f66dd4cdf7688e1f23500d770f1,0x915dd9e35a242624df721871c609d23b74242a766b86bd70496afd23c99e7f98,69041918862230770338367885738103882164723166524950967553005740340075212688169,No,Will the US announce withdrawal from MOU negotiations by August 31?,118.7014066402711,0.842449999797,100.0,0.0,1785580563,open,,,,0.935,
11789,perfect100,backtest,0xdf44c3e8ce0a3f66dd4cdf7688e1f23500d770f1,0x5dc212b712dcf514432221436140eec9717aea8f9fbead457c858d14ee519b90,87823307068114498763935325850531429658457985750942226626931639924771886967405,No,"US announces end of Iranian blockade by August 7, 2026?",102.62725779967161,0.9743999999999998,100.0,0.0,1785580908,closed,0.5883273099635,1785873012,trader_exit,,-39.621581489788575
11790,perfect100,backtest,0xdf44c3e8ce0a3f66dd4cdf7688e1f23500d770f1,0xc1556ecbe613e403dfb9e38bf1b25a8aee2aa1687f2b343bc896dd2c9763ed74,89213299320340519312609800070963866900731006421290655419739582074858285792863,No,Israel x Iran ceasefire continues through August 31?,179.13121364654154,0.5582499998985,100.0,0.0,1785581046,closed,0.30535,1785710091,trader_exit,,-45.30228391302854
11795,perfect100,backtest,0xdf44c3e8ce0a3f66dd4cdf7688e1f23500d770f1,0x9593f903142171b16ec435afcedd76b5f04baf0d6fc210735a39838bb367dabf,16786662463760591362834360296130680484378245981260751981512471246596498676245,Dplus KIA,LoL: Gen.G vs Dplus KIA - Game 1 Winner,111.22861572145185,0.8990492181474999,100.0,0.0,1785583953,closed,1.0,1786604370,resolution,,11.228615721451845
11797,perfect100,backtest,0xdf44c3e8ce0a3f66dd4cdf7688e1f23500d770f1,0xbad91c213787a7542345b8abd72a1d55754987c47ba82ef5d4aa625ac046f024,5999744809251301706347643347936329832844892022892714657139343310900542354250,Yes,Iran full airspace closure by August 31?,249.6993891866742,0.4004815563455,100.0,0.0,1785600056,closed,0.27649264411999996,1785636657,trader_exit,,-30.959955648627513
11799,perfect100,backtest,0xdf44c3e8ce0a3f66dd4cdf7688e1f23500d770f1,0xb529e8dbe7fff34143a5a79396a1bd5d5c3b9c810d1829d0ad2c483ee5858981,47008811341579399094069836257829274172566530287816006984285634561637726784649,No,Will WTI Crude Oil (WTI) hit (LOW) $70 in August?,115.90843233845264,0.8627499999999999,100.0,0.0,1785602786,closed,0.5122,1785708269,trader_exit,,-40.63170095624456
12223,perfect100,backtest,0xd34f2b5e9ee02bed8a107fdf9bda2d866dc61c95,0xe2218e631597ab8f431725570a393d35c9b68adf51e78c9e2d3908a3f61c4864,82763048148280849608118747024447682466395292101567133879940952188182137087723,Aleksandar Rakic,"UFC Fight Night: Marcin Tybura vs. Aleksandar Rakic (Heavyweight, Main Card)",100.53282396702524,0.9946999999999999,100.0,0.0,1785609611,closed,1.0,1786604370,resolution,,0.5328239670252373
11809,perfect100,backtest,0xdf44c3e8ce0a3f66dd4cdf7688e1f23500d770f1,0x2e47cff93eb647a0487879f781ec583f8849eeb397ff0ad5cb38f77ec916c8a7,33031857528917237204569970205279313088825982927565857984494884985176333977929,Yes,Israel x Iran ceasefire continues through August 3?,115.90843233845264,0.8627499999999999,100.0,0.0,1785634386,closed,0.9511577067714999,1785671730,trader_exit,,10.247198698522169
11812,perfect100,backtest,0xdf44c3e8ce0a3f66dd4cdf7688e1f23500d770f1,0xed5a9e7831ee363d92cb102f2c21e2465b09196ef5beb7c8e23671851a1c3ca4,92467093729798172795860015164975956539777812580280382263501795773871198126752,Yes,"US x Iran diplomatic meeting by September 30, 2026?",156.38439288724067,0.6394499997969999,100.0,0.0,1785634916,closed,0.6759834442739999,1786138605,trader_exit,,5.713260534615358
11815,perfect100,backtest,0xdf44c3e8ce0a3f66dd4cdf7688e1f23500d770f1,0xbad91c213787a7542345b8abd72a1d55754987c47ba82ef5d4aa625ac046f024,110868166890001558521729124967806292012287685900188653582015718186210230012112,No,Iran full airspace closure by August 31?,138.702900997095,0.720965454083,100.0,0.0,1785636632,closed,0.8962157574035,1786302136,trader_exit,,24.30772547117418
11819,perfect100,backtest,0xdf44c3e8ce0a3f66dd4cdf7688e1f23500d770f1,0x6acdc3316f0b43ca4fbc13623fc018e30f2fd20ae7b93bdc07c8193e99b0ac4d,77550960228341204288120509394963885549177211314903311399404330431381651171385,Yes,Israel x Iran ceasefire continues through August 15?,124.42875419928208,0.8036727575029998,100.0,0.0,1785638054,closed,0.87665,1786126374,trader_exit,,9.08046736880064
11822,perfect100,backtest,0xdf44c3e8ce0a3f66dd4cdf7688e1f23500d770f1,0x5a9395dae6c7643ea06e7a555580a5526e81073aea9c9306363529c5b76a8f8b,95577979648711137561778638101766617213130581085760544385254830392377913395624,Yes,US x Iran Effective Ceasefire by July 31?,181.67598581276886,0.5504304795849999,100.0,0.0,1785641055,closed,0.8273999999999999,1786126308,trader_exit,,50.31871066148494
11824,perfect100,backtest,0xdf44c3e8ce0a3f66dd4cdf7688e1f23500d770f1,0x121c6b7fe5c7d713741d713b03823d0c152bb4b72e20b84e02840e419773cb36,42643993102653849154226829403774324173651687095442113167701765177299747004343,KT Rolster,LoL: KT Rolster vs Hanwha Life Esports (BO3) - LCK Round 3-4 Legend Group,410.50903119868644,0.24359999999999996,100.0,0.0,1785657669,closed,0.5614499999999999,1785672522,trader_exit,,130.48029556650246
11766,s10,backtest,0x91327ef84dca65ca90eea309c5d455daee4b8256,0xed8e542d5af80b01820d07c172803fdf8705b6e01f37ffe4a0deaf99d0bf48bb,9712008882192006730900512537922388355755188194550613973591452431155076044031,No,Will NVIDIA be the second-largest company in the world by market cap on August 31?,11.06990645929042,0.9033499999999999,10.0,0.0,1785662610,open,,,,0.9595,
11767,s100,backtest,0x91327ef84dca65ca90eea309c5d455daee4b8256,0xed8e542d5af80b01820d07c172803fdf8705b6e01f37ffe4a0deaf99d0bf48bb,9712008882192006730900512537922388355755188194550613973591452431155076044031,No,Will NVIDIA be the second-largest company in the world by market cap on August 31?,110.69906459290421,0.9033499999999999,100.0,0.0,1785662610,open,,,,0.9595,
11768,perfect100,backtest,0x91327ef84dca65ca90eea309c5d455daee4b8256,0xed8e542d5af80b01820d07c172803fdf8705b6e01f37ffe4a0deaf99d0bf48bb,9712008882192006730900512537922388355755188194550613973591452431155076044031,No,Will NVIDIA be the second-largest company in the world by market cap on August 31?,110.69906459290421,0.9033499999999999,100.0,0.0,1785662610,open,,,,0.9595,
11825,perfect100,backtest,0xdf44c3e8ce0a3f66dd4cdf7688e1f23500d770f1,0x68818a54ca4c49406bb28ada26ecf9ce732dba21505454ce874e7066da6d788c,51783880760599120440014289525159847949469877325479084384177696513850906603472,Yes,Israel x Iran ceasefire continues through August 9?,113.24387070153277,0.8830499997969999,100.0,0.0,1785671696,open,,,,0.9995,
11829,perfect100,backtest,0xdf44c3e8ce0a3f66dd4cdf7688e1f23500d770f1,0xa54304ad3d320660031a7bb7bfcbf0c4000577a20eeb2a0ad2f716af07b7f117,21003137244005138218558795648505128327306238636850159963652087538608290696350,Yes,Will WTI Crude Oil (WTI) hit (LOW) $80 in August?,108.13232347537215,0.9247928536629999,100.0,0.0,1785687854,closed,1.0,1786604370,resolution,,8.132323475372147
11833,perfect100,backtest,0xdf44c3e8ce0a3f66dd4cdf7688e1f23500d770f1,0xec8fb126cb6166a24fe41ca44772fb092efd591ffa9e8a8bd27b292f3353a6b5,45691138284392247799480039269191461630142831037707390402697922072569909819489,No,"US x Iran diplomatic meeting by August 7, 2026?",109.33703961372451,0.9146031422955,100.0,0.0,1785711477,closed,0.9434011016615,1785871653,trader_exit,,3.1486836239947706
11837,perfect100,backtest,0xdf44c3e8ce0a3f66dd4cdf7688e1f23500d770f1,0x4ca4c2914ffc92a7e686e6b732da62cc6440242895df5c527225cb7b62255615,105020167286029681607743884087267498762815669926087038893490877462510898310022,Yes,Will WTI Crude Oil (WTI) hit (LOW) $60 in August?,2455.9197893225323,0.040717942188,100.0,0.0,1785717335,closed,0.050234999999999995,1786124995,trader_exit,,23.373130616617402
11840,perfect100,backtest,0xdf44c3e8ce0a3f66dd4cdf7688e1f23500d770f1,0x61a5b075efdefbcbf563c65111907534c667a6905944ae2f5bafe72380da4a64,42971542795695377547859041103198480084393686186310028925079933041167552214358,No,"Will the next Google Gemini Pro model be released by August 7, 2026?",111.69415598602203,0.8953019888749999,100.0,0.0,1785743612,closed,0.97515,1786098097,trader_exit,,8.918556209769378
11841,perfect100,backtest,0xdf44c3e8ce0a3f66dd4cdf7688e1f23500d770f1,0x30174f3f46398e37c96a07b45916e01eab9a8a854ecb624ac73a91a8490fd074,88752597571738831347942513760817776151125290177540731190810686943474863159303,Yes,"US announces end of Iranian blockade by September 30, 2026?",119.8459143590098,0.8344047482539999,100.0,0.0,1785746060,closed,0.570547089049,1786537332,trader_exit,,-31.622262428051215
11842,perfect100,backtest,0xdf44c3e8ce0a3f66dd4cdf7688e1f23500d770f1,0x5c79dfde05559b79a9cb9f7c4187e4d49632dd042572ae676952f812732591cc,83783489454659420807679723574840032660002326710045123865554753994450797728825,Yes,Strait of Hormuz traffic returns to normal by December 31?,169.86580604253678,0.5886999998984999,100.0,0.0,1785746097,closed,0.4531,1786537404,trader_exit,,-23.033803282126584
11845,perfect100,backtest,0xdf44c3e8ce0a3f66dd4cdf7688e1f23500d770f1,0x61c2b9e70f7fdf3441fd1cfa2c8fa93308fefe3f5ecc2db87c393efab3a207a3,71362371729199006098022300209907327715487157091100600861193647274302527146623,Yes,US x Iran Effective Ceasefire by August 31?,130.22412496413622,0.7679068684664999,100.0,0.0,1785759335,closed,0.87665,1786126339,trader_exit,,14.160979149810032
11853,perfect100,backtest,0xdf44c3e8ce0a3f66dd4cdf7688e1f23500d770f1,0x7f0d84b155c484b801f2cba68eb0f9ef8b2a0a54b7e6bb0fa53a1778964f53fd,2252785706045103625097113087219069914218825383856101685537599561135007989809,No,"US x Iran diplomatic meeting by August 15, 2026?",118.45367113389169,0.8442119103844999,100.0,0.0,1785814458,closed,0.96136,1786449697,trader_exit,,13.87662128127812
11854,perfect100,backtest,0xdf44c3e8ce0a3f66dd4cdf7688e1f23500d770f1,0xfd13c67069e83a4a8ba1ba425f259185bcbae282c4f91074646e3c5cf97b7ae3,3523185360721264825343984255310084370838660506037437952256021216614715901678,No,"Will Bitcoin reach $72,500 in August?",110.64112388753615,0.9038230676474999,100.0,0.0,1785815672,closed,0.893159745555,1786536907,trader_exit,,-1.179801940688975
11860,perfect100,backtest,0xdf44c3e8ce0a3f66dd4cdf7688e1f23500d770f1,0xfee11055c350d06a6165f39cee89aed0614bfb8dc121cafe6ac1a9a56ce60592,70173106851316599378452717299161284730871676083661428980562753042668650152747,No,Will the total domestic gross for Spider-Man: Brand New Day be between 800m and 900m by August 31?,118.70140661166836,0.8424499999999999,100.0,0.0,1785873603,closed,0.739645674684,1786092663,trader_exit,,-12.203018020772731
11861,perfect100,backtest,0xdf44c3e8ce0a3f66dd4cdf7688e1f23500d770f1,0x60c2c085ee8c16bc8f2419739a94971d4c9d00f637ead10fc0f540afa1be64e8,90869494087977018607792751230236923002303032923064138180950209430688758061828,No,Strait of Hormuz traffic returns to normal by August 31?,120.14898474107896,0.8322999999999998,100.0,0.0,1785873885,closed,0.8077,1785900356,trader_exit,,-2.9556650246305196
11862,perfect100,backtest,0xdf44c3e8ce0a3f66dd4cdf7688e1f23500d770f1,0x55937e321733f53af84a7c74884fc86801b97def5b14be888250e7d5057f4be8,72231169683952703551810915209813949516292895904463184163961468355174735034878,No,Will WTI Crude Oil (WTI) hit (HIGH) $90 in August?,120.14898474107896,0.8322999999999998,100.0,0.0,1785901233,closed,0.7557643384985,1786218339,trader_exit,,-9.195682025892083
11863,perfect100,backtest,0xdf44c3e8ce0a3f66dd4cdf7688e1f23500d770f1,0x8c9cad06c8845cbde94190e7ab990f5111321d4c4c10deb41f2b6d9f35210f6d,95735702161256091190925186940377415497961479612815999279509519721926833930979,JD Gaming,LoL: JD Gaming vs LGD Gaming (BO3) - LPL Group Ascend,110.57572524835705,0.904357622574,100.0,0.0,1785930165,closed,1.0,1786604370,resolution,,10.575725248357045
11865,perfect100,backtest,0xdf44c3e8ce0a3f66dd4cdf7688e1f23500d770f1,0x325e6ab1dd315e6f435183fbf7dff8a7c4be37f9bbf7abcd4459e75110aa9f1d,95302905537962222918309360338213500184994944787102722256843629723110588711061,Yes,Will NVIDIA be the largest company in the world by market cap on August 31?,113.2438706754997,0.8830499999999999,100.0,0.0,1785948203,closed,0.9062,1786536808,trader_exit,,2.6215956061378307
11867,perfect100,backtest,0xdf44c3e8ce0a3f66dd4cdf7688e1f23500d770f1,0xcfba8c3751d6e362afb75202fce158225b3615f53eb3a1fd835c44f164c421d8,111654809480229245870544169366832104935496085392258564209849272885186353777601,T1,LoL: Dplus KIA vs T1 (BO3) - LCK Round 3-4 Legend Group,120.14898475573125,0.8322999998985,100.0,0.0,1786014674,closed,1.0,1786604370,resolution,,20.14898475573125
11871,perfect100,backtest,0xdf44c3e8ce0a3f66dd4cdf7688e1f23500d770f1,0x3773cbfc174f847670c2d98e54ce030d022d7b057f476c2cffb0a52ba09dd0f4,5771873010156235629414496169298306261816804761699629522506844964407152529192,Bilibili Gaming,LoL: Bilibili Gaming vs Top Esports (BO3) - LPL Group Ascend,118.70140661166836,0.8424499999999999,100.0,0.0,1786108002,closed,0.0,1786604370,resolution,,-100.0
11881,perfect100,backtest,0xdf44c3e8ce0a3f66dd4cdf7688e1f23500d770f1,0xc1556ecbe613e403dfb9e38bf1b25a8aee2aa1687f2b343bc896dd2c9763ed74,10451124928493844849355057703558222404087423201197729105477623039880661055484,Yes,Israel x Iran ceasefire continues through August 31?,123.15270935960592,0.8119999999999999,100.0,0.0,1786126743,closed,0.784354113317,1786221345,trader_exit,,-3.404665847660084
11889,perfect100,backtest,0xdf44c3e8ce0a3f66dd4cdf7688e1f23500d770f1,0x38ad053ab46d4aa91abc695fb39735f600383c35daa4ea141a968e77d2e54f1e,37865124209922149494019330554769713854470243417252314956132631461752592594417,Anyones Legend,LoL: LGD Gaming vs Anyone's Legend - Game 2 Winner,120.14898474107896,0.8322999999999998,100.0,0.0,1786186260,closed,0.984015,1786188367,trader_exit,,18.228403219992813
11890,perfect100,backtest,0xdf44c3e8ce0a3f66dd4cdf7688e1f23500d770f1,0x9829e6816101035d2d759dc9be3d5263e8fe54616076bb970cafbe181ad6b490,72635916708585992265608556781420602269756405925315293121647582196581952817911,Bilibili Gaming,LoL: Bilibili Gaming vs EDward Gaming (BO3) - LPL Group Ascend,110.69906459290421,0.9033499999999999,100.0,0.0,1786186704,closed,0.984015,1786196049,trader_exit,,8.92954004538663
11892,perfect100,backtest,0xdf44c3e8ce0a3f66dd4cdf7688e1f23500d770f1,0xe7cbfaad207bdf8881bc057a5f1b98df829f5478fdb056fb5b19730434b34707,106995849309895050924447984899058024551125878606193008511813577387851798276827,No,"US announces end of Iranian blockade by August 9, 2026?",109.46907498631637,0.9135,100.0,0.0,1786196665,closed,0.93575,1786238997,trader_exit,,2.4356869184455405
12224,perfect100,backtest,0xd34f2b5e9ee02bed8a107fdf9bda2d866dc61c95,0x4a509780d4ab8370f5051e27c4627c2a3828dee02f2624d6dd36d8db3b3a50e9,8122596177442643110336977927681619766161544765658809176881024073699569210995,Under,Brighton & Hove Albion vs. AS Roma: O/U 5.5,104.81081647626037,0.9540999999999998,100.0,0.0,1786203025,closed,1.0,1786604370,resolution,,4.810816476260371
11893,perfect100,backtest,0xdf44c3e8ce0a3f66dd4cdf7688e1f23500d770f1,0x7214c63f19669255c60ce1e7d1ca55e3c5cc5b9bf9b26c7a42c2a01b16b752de,79318722237444058017351742061398858435266528743422174478231667533211912812945,No,"US announces end of Iranian blockade by August 10, 2026?",109.93491539551162,0.9096291168299999,100.0,0.0,1786218069,closed,0.9635986657435,1786300918,trader_exit,,5.933137793739547
11895,perfect100,backtest,0xdf44c3e8ce0a3f66dd4cdf7688e1f23500d770f1,0x87b9b8d69f3d45bf24576e35afbd9ce9432b027c03bb46d937661b604f6c67e2,95355889564228045436963264133075251231617330608889842413618098575706489827923,No,Will WTI Crude Oil (WTI) hit (LOW) $65 in August?,123.15270935960592,0.8119999999999999,100.0,0.0,1786218748,open,,,,0.93,
11897,perfect100,backtest,0xdf44c3e8ce0a3f66dd4cdf7688e1f23500d770f1,0x110655c3a2be0c0831983b1d1e1f4ab884bb1c9e06cf21b3bb9944c71b6f11fc,76827418119969205673693530819381375012618066744632162243218151845989530039956,KT Rolster,LoL: Dplus KIA vs KT Rolster (BO3) - LCK Round 3-4 Legend Group,252.6209425999877,0.3958499994925,100.0,0.0,1786221480,closed,0.09943392962150001,1786270165,trader_exit,,-74.88090697259582
11900,perfect100,backtest,0xdf44c3e8ce0a3f66dd4cdf7688e1f23500d770f1,0xa055e1cf533c2fcb1f1c89c20c41c8aa25526dcf27c3ff6be69c230fd8898282,106384382902272259275653733417531627173944931937610707897597239994735553962869,No,"US announces end of Iranian blockade by August 15, 2026?",141.38520141387926,0.7072876015309999,100.0,0.0,1786238551,closed,0.89635,1786536987,trader_exit,,26.730625287330668
11904,perfect100,backtest,0xdf44c3e8ce0a3f66dd4cdf7688e1f23500d770f1,0x110655c3a2be0c0831983b1d1e1f4ab884bb1c9e06cf21b3bb9944c71b6f11fc,71554567140477701232236779715296312780126562489207472430244093936081845975202,Dplus KIA,LoL: Dplus KIA vs KT Rolster (BO3) - LCK Round 3-4 Legend Group,109.7301889194847,0.9113262356029999,100.0,0.0,1786270153,closed,1.0,1786604370,resolution,,9.730188919484704
11905,perfect100,backtest,0xdf44c3e8ce0a3f66dd4cdf7688e1f23500d770f1,0xbc8d6d2280e60953b0e89a0bd58279691c8fe17bcb0baa3656486e725350e9f3,28246806272807385475359212337668662438574077035888650625591761821033218424548,Top Esports,LoL: ThunderTalk Gaming vs Top Esports (BO3) - LPL Group Ascend,108.26611811833487,0.92365,100.0,0.0,1786270771,closed,0.984015,1786284694,trader_exit,,6.5354842202132915
11911,perfect100,backtest,0xdf44c3e8ce0a3f66dd4cdf7688e1f23500d770f1,0x47ec761ae98d7c28b20c0222f1507e3af0f198a904f86b4a264b2e987f0b80c7,21515528084926948718188410049221867058078937518895951601155499933747657106361,No,"US announces end of Iranian blockade by August 31, 2026?",158.9226918956388,0.629236761643,100.0,0.0,1786301700,open,,,,0.655,
11912,perfect100,backtest,0xdf44c3e8ce0a3f66dd4cdf7688e1f23500d770f1,0x12aa595f4883b1a856dcf8155b87e89a8d098b5ad8a7781c75804fd13d166718,42861789579440942813760393734814713126398732791906092554265826118142061749306,No,Israel closes its airspace by August 31?,109.46907498631637,0.9135,100.0,0.0,1786302048,closed,0.89635,1786537266,trader_exit,,-1.8773946360153246
11916,perfect100,backtest,0xdf44c3e8ce0a3f66dd4cdf7688e1f23500d770f1,0xccf2b4f4ee94200fb3e05bfd45c1fb8a43bb0bf5cf69d78508c969d72b3a7f2b,25176162863226962641832258957764252933985326979806259075298957376891004062193,No,"US announces end of Iranian blockade by August 22, 2026?",127.95086700005902,0.7815499991879998,100.0,0.0,1786359297,open,,,,0.805,
12225,perfect100,backtest,0xd34f2b5e9ee02bed8a107fdf9bda2d866dc61c95,0x46e7efebdf859f60c1ab94495eb2b8da0cc8b4ab46e56098691be5f8e2ab772c,41601572410069148337404143986569154477862759839974602598071538307758269787092,No,Will Mark Sanford be the new republican nominee for Senate in South Carolina?,100.94484373738192,0.9906399999999999,100.0,0.0,1786425148,open,,,,0.9985,
11769,s10,backtest,0x91327ef84dca65ca90eea309c5d455daee4b8256,0xac02cbb049e46d6a3627c0fdf52fa554982a9025d45968207b362acb6ca4b830,28239418772633645184924651434956000849078365566842629564562475378531350731731,No,Will the Fed decrease interest rates by 25 bps after the September 2026 meeting?,10.01001001001001,0.999,10.0,0.0,1786436844,open,,,,0.9885,
11770,s100,backtest,0x91327ef84dca65ca90eea309c5d455daee4b8256,0xac02cbb049e46d6a3627c0fdf52fa554982a9025d45968207b362acb6ca4b830,28239418772633645184924651434956000849078365566842629564562475378531350731731,No,Will the Fed decrease interest rates by 25 bps after the September 2026 meeting?,100.10010010010011,0.999,100.0,0.0,1786436844,open,,,,0.9885,
11771,perfect100,backtest,0x91327ef84dca65ca90eea309c5d455daee4b8256,0xac02cbb049e46d6a3627c0fdf52fa554982a9025d45968207b362acb6ca4b830,28239418772633645184924651434956000849078365566842629564562475378531350731731,No,Will the Fed decrease interest rates by 25 bps after the September 2026 meeting?,100.10010010010011,0.999,100.0,0.0,1786436844,open,,,,0.9885,
11928,perfect100,backtest,0xdf44c3e8ce0a3f66dd4cdf7688e1f23500d770f1,0x46ca741da4abd7ffa993f59ac65bfe83de43ae027accac71d263a493e44064e7,86011229287950365043519117852041614651767455889324682112682327985496937935368,Yes,"US announces end of Iranian blockade by December 31, 2026?",120.48526013063626,0.8299770435949999,100.0,0.0,1786471276,open,,,,0.844,
12226,perfect100,backtest,0xd34f2b5e9ee02bed8a107fdf9bda2d866dc61c95,0x70831611831c0792bfb971d613ec2db2e06d59a234967b45f8302b3671b515cd,77003823152235207360024992572659870715371331416954628896644821575491638935501,No,Will Ralph Norman be the new Republican nominee for Senate in South Carolina?,133.13806417254696,0.7510999999999999,100.0,0.0,1786497531,closed,0.71905,1786506300,trader_exit,,-4.267074956730113
4396,perfect100,live,0xd34f2b5e9ee02bed8a107fdf9bda2d866dc61c95,0x70831611831c0792bfb971d613ec2db2e06d59a234967b45f8302b3671b515cd,77003823152235207360024992572659870715371331416954628896644821575491638935501,No,Will Ralph Norman be the new Republican nominee for Senate in South Carolina?,134.46282102998524,0.7436999999999999,100.0,0.0,1786503985,closed,0.73,1786511730,trader_exit,0.73,-1.8421406481107852
11930,perfect100,backtest,0xdf44c3e8ce0a3f66dd4cdf7688e1f23500d770f1,0x0643b1b4ba5556e1900e347b4660567817d59bb008c53afd599f7cadb8929acf,85975130767219596412057108166141445703777898379611360487270296100474119092646,Bilibili Gaming,LoL: Bilibili Gaming vs JD Gaming (BO3) - LPL Group Ascend,127.95086688374003,0.7815499998984999,100.0,0.0,1786524352,closed,0.87665,1786540140,trader_exit,,12.168127453630703
11931,perfect100,backtest,0xdf44c3e8ce0a3f66dd4cdf7688e1f23500d770f1,0x48b22825c0f0e6c0d8913608c0e5efd01ed84e3b30504fc50d7e739c7b682f5c,101346249807832808042068222342554811101839268071684978809969456774114853080666,KT Rolster,LoL: KT Rolster vs Dplus KIA - Game 2 Winner,179.13121364654154,0.5582499998985,100.0,0.0,1786535974,closed,0.0985,1786536747,trader_exit,,-82.35557545581565
6444,perfect100,live,0xdf44c3e8ce0a3f66dd4cdf7688e1f23500d770f1,0x0643b1b4ba5556e1900e347b4660567817d59bb008c53afd599f7cadb8929acf,85975130767219596412057108166141445703777898379611360487270296100474119092646,Bilibili Gaming,LoL: Bilibili Gaming vs JD Gaming (BO3) - LPL Group Ascend,116.38100196690965,0.8592467697471171,100.0,0.0,1786543297,closed,0.18,1786547390,trader_exit,0.79,-79.05141964595626
11937,perfect100,backtest,0xdf44c3e8ce0a3f66dd4cdf7688e1f23500d770f1,0x0643b1b4ba5556e1900e347b4660567817d59bb008c53afd599f7cadb8929acf,91508709667756840454500022506744591537047881457479245853404588613781643523203,JD Gaming,LoL: Bilibili Gaming vs JD Gaming (BO3) - LPL Group Ascend,110.15525391038284,0.9078096273224999,100.0,0.0,1786546680,closed,0.984015,1786557102,trader_exit,,8.394422176625369
6879,perfect100,live,0xdf44c3e8ce0a3f66dd4cdf7688e1f23500d770f1,0x0643b1b4ba5556e1900e347b4660567817d59bb008c53afd599f7cadb8929acf,91508709667756840454500022506744591537047881457479245853404588613781643523203,JD Gaming,LoL: Bilibili Gaming vs JD Gaming (BO3) - LPL Group Ascend,111.25132608859562,0.8988656901074998,100.0,0.0,1786547390,closed,0.999,1786561838,trader_exit,0.999,11.140074762507027
8185,perfect100,live,0xdf44c3e8ce0a3f66dd4cdf7688e1f23500d770f1,0xccf2b4f4ee94200fb3e05bfd45c1fb8a43bb0bf5cf69d78508c969d72b3a7f2b,25176162863226962641832258957764252933985326979806259075298957376891004062193,No,"US announces end of Iranian blockade by August 22, 2026?",124.37810945273633,0.8039999999999999,100.0,0.0,1786561839,open,,,,0.8,
11941,perfect100,backtest,0xdf44c3e8ce0a3f66dd4cdf7688e1f23500d770f1,0xc4b7c43934d27a6b2dfd784ea1a793e541d6a1f82a5eca6d74f184a1c4c30fc9,8881400370038397971838140193303727239318785128034801687960768890227554347129,No,"Will Bitcoin dip to $57,500 in August?",121.63230554035152,0.8221499999999999,100.0,0.0,1786566852,open,,,,0.835,
9059,perfect100,live,0xdf44c3e8ce0a3f66dd4cdf7688e1f23500d770f1,0x47ec761ae98d7c28b20c0222f1507e3af0f198a904f86b4a264b2e987f0b80c7,21515528084926948718188410049221867058078937518895951601155499933747657106361,No,"US announces end of Iranian blockade by August 31, 2026?",140.14434867913954,0.7135499999999998,100.0,0.0,1786569769,open,,,,0.65,
9060,perfect100,live,0xdf44c3e8ce0a3f66dd4cdf7688e1f23500d770f1,0xc4b7c43934d27a6b2dfd784ea1a793e541d6a1f82a5eca6d74f184a1c4c30fc9,8881400370038397971838140193303727239318785128034801687960768890227554347129,No,"Will Bitcoin dip to $57,500 in August?",121.34449702705984,0.8240999999999998,100.0,0.0,1786569770,open,,,,0.83,
11948,perfect100,backtest,0xdf44c3e8ce0a3f66dd4cdf7688e1f23500d770f1,0x7ade9ec460276144a5fa358fb4bd3a251cc939a9e8dec617e60b77397e224c8a,12159710045527381655362834909860535566762873051641290183963398339410647577196,Top Esports,LoL: Top Esports vs LGD Gaming (BO3) - LPL Group Ascend,120.14898474107896,0.8322999999999998,100.0,0.0,1786587802,open,,,,0.815,
10827,perfect100,live,0xdf44c3e8ce0a3f66dd4cdf7688e1f23500d770f1,0xbdc0827c873d1c3c538e549ab94c77829f7e40fd3376b25164c0279f744a87bc,8380715925577845977184977030716387784969501288623224112825735013253473276536,No,"US x Iran diplomatic meeting by August 31, 2026?",119.88251513516757,0.8341499999999998,100.0,0.0,1786590573,open,,,,0.82,
10828,perfect100,live,0xdf44c3e8ce0a3f66dd4cdf7688e1f23500d770f1,0x46ca741da4abd7ffa993f59ac65bfe83de43ae027accac71d263a493e44064e7,86011229287950365043519117852041614651767455889324682112682327985496937935368,Yes,"US announces end of Iranian blockade by December 31, 2026?",116.24729157948578,0.8602350957280028,100.0,0.0,1786590573,open,,,,0.838,
10831,perfect100,live,0xdf44c3e8ce0a3f66dd4cdf7688e1f23500d770f1,0x7ade9ec460276144a5fa358fb4bd3a251cc939a9e8dec617e60b77397e224c8a,12159710045527381655362834909860535566762873051641290183963398339410647577196,Top Esports,LoL: Top Esports vs LGD Gaming (BO3) - LPL Group Ascend,121.34449702705984,0.8240999999999998,100.0,0.0,1786590575,open,,,,0.81,
12005,perfect100,backtest,0x33b45b246a2b8d69f96f3ca615b940c48d5b0f91,0x46477994c02fdd4f7be7eacc58d343457d80333d92e5c4ad9a3117274d0e5639,91998194726136927632450483424614012890691446509262750452187052878486812367191,No,Kharg Island no longer under Iranian control by September 30?,102.4138955173438,0.9764299999999999,100.0,0.0,1786600983,open,,,,0.9635,
11982,perfect100,backtest,0x6274f5f961800af6ddef3d6a362ba12422166907,0x46477994c02fdd4f7be7eacc58d343457d80333d92e5c4ad9a3117274d0e5639,91998194726136927632450483424614012890691446509262750452187052878486812367191,No,Kharg Island no longer under Iranian control by September 30?,102.4138955173438,0.9764299999999999,100.0,0.0,1786601076,open,,,,0.9635,
12006,perfect100,backtest,0x33b45b246a2b8d69f96f3ca615b940c48d5b0f91,0xc96039a224ec00ecbdcd09687e3b6c0bcdaa1e6f16ce9fcbf8f97621d058797c,77350691528104649015401250951173940750347616080979385773059441321319992022738,No,"Israel x Lebanon diplomatic meeting by August 31, 2026?",104.69943409955872,0.9551149999999998,100.0,0.0,1786604077,open,,,,0.913,
11983,perfect100,backtest,0x6274f5f961800af6ddef3d6a362ba12422166907,0xc96039a224ec00ecbdcd09687e3b6c0bcdaa1e6f16ce9fcbf8f97621d058797c,77350691528104649015401250951173940750347616080979385773059441321319992022738,No,"Israel x Lebanon diplomatic meeting by August 31, 2026?",104.69943409955872,0.9551149999999998,100.0,0.0,1786604080,open,,,,0.913,
