id,wallet,condition_id,asset,side,price,size,usd,ts,outcome,outcome_index,title,event_slug,tx
16a525814b900aba3525d68d125bda37ec07a150,0xd34f2b5e9ee02bed8a107fdf9bda2d866dc61c95,0x830fe8eb8ab09693af821fba6d1d2c5369a696715c029b978e06df41cc614390,79044640158034091299262760108813957417246768673122071583111344168798410046359,BUY,0.62,191.97,119.0214,1705882196,Yes,0,Trump margin of victory in New Hampshire Primary >15%,trump-margin-of-victory-in-new-hampshire-primary,0xf3a59d9ab2e63da909bb68a1ae233da7fd67c1af814149cabcdcd7f506def84e
e7c42062e733ec36bdd3839ee653c5cd62761f7e,0xd34f2b5e9ee02bed8a107fdf9bda2d866dc61c95,0x830fe8eb8ab09693af821fba6d1d2c5369a696715c029b978e06df41cc614390,79044640158034091299262760108813957417246768673122071583111344168798410046359,BUY,0.63,128.4,80.89200000000001,1705882326,Yes,0,Trump margin of victory in New Hampshire Primary >15%,trump-margin-of-victory-in-new-hampshire-primary,0xee04cc3e5c5dfc503168c4f6a2378de873a4226a8bf41bbd993b49b50488600c
ec508143b10da76e49b7141e4921e3546795a584,0xd34f2b5e9ee02bed8a107fdf9bda2d866dc61c95,0xb7f3ededaacf495c69cce22c7bdf33982aa38912c5d6741c6e4f067a62d54188,53373081615068277016949051309674773846670616322581148620168701506482046206044,BUY,0.8499999999,470.588233,399.99999800294114,1730748043,No,1,Kamala Harris blowout victory?,kamala-harris-blowout-victory,0x7d4fada1c5866a384bdfafe4321b0466c688a7c62fdbca641d9c4dd2da6553fa
d5bb035c2c07dc0e7d323292d455498db2e0456f,0xd34f2b5e9ee02bed8a107fdf9bda2d866dc61c95,0xb7f3ededaacf495c69cce22c7bdf33982aa38912c5d6741c6e4f067a62d54188,53373081615068277016949051309674773846670616322581148620168701506482046206044,BUY,0.8399999999,562.154756,472.2099949837845,1730753365,No,1,Kamala Harris blowout victory?,kamala-harris-blowout-victory,0xb6a3d46355bf5c6e6ebec399fcd45649e421c1e5f90a7a9bfc4e82068e95d8b0
a19d044f8d86163a6295b4b6bde3fc96a87ac791,0xd34f2b5e9ee02bed8a107fdf9bda2d866dc61c95,0x9cb4e70a1ea05eac5e9caabee8e8a016d4a7dc73ff3e17287541d66d521a9470,6654197997731195069563796293258808803008290915486288735227730427598319387221,BUY,0.8839133871,3100.0,2740.13150001,1730880193,No,1,Record turnout in 2024 Presidential election?,record-turnout-in-2024-presidential-election,0xb271c2bb8d17b31eda9dc6d35c19132fc30d20647ea2e8fd6907af7daeaf33d7
2977b286f273a4cd69f3f466e7a966c44ac2d81d,0xd34f2b5e9ee02bed8a107fdf9bda2d866dc61c95,0x9cb4e70a1ea05eac5e9caabee8e8a016d4a7dc73ff3e17287541d66d521a9470,6654197997731195069563796293258808803008290915486288735227730427598319387221,BUY,0.8863516209,401.0,355.4269999809,1730880255,No,1,Record turnout in 2024 Presidential election?,record-turnout-in-2024-presidential-election,0xdd5f8e04437ccda7fd616d0883a24ad2a679397218499bf10008e4f3a38bcce2
ea615638da7bb654e1f64c0d224356718a6793a3,0xd34f2b5e9ee02bed8a107fdf9bda2d866dc61c95,0x83ef4a16f2efdd4b269d1eeeaa2c5b53d62c1691875cefe24ab2409ee48de0df,70510034414778582892389247170656166510132213944895067838429885693817202701210,BUY,0.955,2000.0,1910.0,1730921735,No,1,Will Republicans have 52 seats in Senate after election?,of-republican-senate-seats-after-election,0xe0ac5cd59a9deef63ad7d9b39046f1d4c7ecbcf31ab7ff0493677d16320b26cc
71230e9359bceb983ce902de2ea1b7f7a7f9d0bc,0xd34f2b5e9ee02bed8a107fdf9bda2d866dc61c95,0x83ef4a16f2efdd4b269d1eeeaa2c5b53d62c1691875cefe24ab2409ee48de0df,70510034414778582892389247170656166510132213944895067838429885693817202701210,BUY,0.955,622.82,594.7931,1730921853,No,1,Will Republicans have 52 seats in Senate after election?,of-republican-senate-seats-after-election,0xb766d5f2cbe75adde964d7ecd8b4eda94e4a50c109c43566ded69a6270c1476b
a61bc77791b11fdf0b068bd90505b039333d5226,0xd34f2b5e9ee02bed8a107fdf9bda2d866dc61c95,0xb7f3ededaacf495c69cce22c7bdf33982aa38912c5d6741c6e4f067a62d54188,53373081615068277016949051309674773846670616322581148620168701506482046206044,SELL,0.997,1032.74,1029.64178,1730922887,No,1,Kamala Harris blowout victory?,kamala-harris-blowout-victory,0xb0be4465ee2e6c45f2611086d177748aec740d9f28a0b935c01d70cbb0cb5655
267d4473956cee29cdf73a7091aed0bb20293db1,0xd34f2b5e9ee02bed8a107fdf9bda2d866dc61c95,0x83ef4a16f2efdd4b269d1eeeaa2c5b53d62c1691875cefe24ab2409ee48de0df,70510034414778582892389247170656166510132213944895067838429885693817202701210,BUY,0.9,999.0,899.1,1730922947,No,1,Will Republicans have 52 seats in Senate after election?,of-republican-senate-seats-after-election,0x923b0b2a85f2e47fe6fd0881673d0df1121f55e1416a2f300f3e8adac0fe05b3
4bf8755d8dc4336a7904d002215e6f3705e2cd09,0xd34f2b5e9ee02bed8a107fdf9bda2d866dc61c95,0x9cb4e70a1ea05eac5e9caabee8e8a016d4a7dc73ff3e17287541d66d521a9470,6654197997731195069563796293258808803008290915486288735227730427598319387221,SELL,0.951,61.38,58.37238,1731000608,No,1,Record turnout in 2024 Presidential election?,record-turnout-in-2024-presidential-election,0x0296fa97dd4757d5cbf565b251da8d2304522b4b15352a5e454a3d4a2fbc446f
203b8e7845530e018390530ea7c1d48703bc9d8e,0xd34f2b5e9ee02bed8a107fdf9bda2d866dc61c95,0x9cb4e70a1ea05eac5e9caabee8e8a016d4a7dc73ff3e17287541d66d521a9470,6654197997731195069563796293258808803008290915486288735227730427598319387221,SELL,0.9289836523,3439.62,3195.350750124126,1731000658,No,1,Record turnout in 2024 Presidential election?,record-turnout-in-2024-presidential-election,0x208d4730acb91bc008ea2887100cd466f6a6b29d1dba18a43f2524447e33245d
b03faaa7c7633159c8637208295a9eb584ccea67,0xd34f2b5e9ee02bed8a107fdf9bda2d866dc61c95,0x83ef4a16f2efdd4b269d1eeeaa2c5b53d62c1691875cefe24ab2409ee48de0df,70510034414778582892389247170656166510132213944895067838429885693817202701210,SELL,0.995,3621.82,3603.7109,1731049825,No,1,Will Republicans have 52 seats in Senate after election?,of-republican-senate-seats-after-election,0xb34bf0166288977518a506c02a97aae846f0406bf8ea0f16735d1e1364214faa
de1a38ab671fa457359eae8b0268cf650f7133d1,0xd34f2b5e9ee02bed8a107fdf9bda2d866dc61c95,0x67749947d4e6a3041b36a90504c81545710fe044e0b1ce4de513d43b243357ed,56938639884939685426754489025946356459987666830699645968756256140962332421014,BUY,0.84,250.0,210.0,1731064316,Alaska,1,Will Trump do better in Florida or Alaska?,trumps-margin-of-victory-higher-in-florida-or-alaska,0x22f5d530ad84b7431a7e6e08e222f96edf3ddec9305ef783f5bdb803a3c5ce67
a9d7bcc0fe5caa512073defa0611d6bbf2fe419d,0xd34f2b5e9ee02bed8a107fdf9bda2d866dc61c95,0x67749947d4e6a3041b36a90504c81545710fe044e0b1ce4de513d43b243357ed,56938639884939685426754489025946356459987666830699645968756256140962332421014,BUY,0.84,100.0,84.0,1731107762,Alaska,1,Will Trump do better in Florida or Alaska?,trumps-margin-of-victory-higher-in-florida-or-alaska,0x6bf87398493d0732a1b13d903ea8a8a3689e1df910fca0f2cabfbbe26d38d5b4
8cd5f528175f4101af2d8940f1437cb0385db87c,0xd34f2b5e9ee02bed8a107fdf9bda2d866dc61c95,0x67749947d4e6a3041b36a90504c81545710fe044e0b1ce4de513d43b243357ed,56938639884939685426754489025946356459987666830699645968756256140962332421014,BUY,0.81,1542.24,1249.2144,1731130971,Alaska,1,Will Trump do better in Florida or Alaska?,trumps-margin-of-victory-higher-in-florida-or-alaska,0x8cead188ae7ce31f0cfd40912edfdec1c31a6bae2b2e7e991fe3441a682e9ad4
1ecd13f4782578cb8514463a4591d88f052b41e0,0xd34f2b5e9ee02bed8a107fdf9bda2d866dc61c95,0x9cb4e70a1ea05eac5e9caabee8e8a016d4a7dc73ff3e17287541d66d521a9470,6654197997731195069563796293258808803008290915486288735227730427598319387221,BUY,0.95,249.99,237.4905,1731207409,No,1,Record turnout in 2024 Presidential election?,record-turnout-in-2024-presidential-election,0xe12db8b3c5793a2c65e3377069b6990a2ccbe22d1008f17c0b9d48ce6d217228
06c3156644dcb39bf195b38ecd6c14bb08f26015,0xd34f2b5e9ee02bed8a107fdf9bda2d866dc61c95,0x9cb4e70a1ea05eac5e9caabee8e8a016d4a7dc73ff3e17287541d66d521a9470,6654197997731195069563796293258808803008290915486288735227730427598319387221,BUY,0.951,100.0,95.1,1731207421,No,1,Record turnout in 2024 Presidential election?,record-turnout-in-2024-presidential-election,0x4ce4e30ee74ab13eaaccd07faec131d7625fd44bfd6360a51e9c1686f7f79a41
4edcd5ab001fbf90f871e9fb575a3028736d618c,0xd34f2b5e9ee02bed8a107fdf9bda2d866dc61c95,0x9cb4e70a1ea05eac5e9caabee8e8a016d4a7dc73ff3e17287541d66d521a9470,6654197997731195069563796293258808803008290915486288735227730427598319387221,BUY,0.953,407.49,388.33797,1731207427,No,1,Record turnout in 2024 Presidential election?,record-turnout-in-2024-presidential-election,0x428edeec333d5cccae0aaa8ef4617a74d228bf54636d9ead29add090e02c3ca4
e55b8fa5bbd0ba42afc2a69a5aeeae90cf80beaf,0xd34f2b5e9ee02bed8a107fdf9bda2d866dc61c95,0x67749947d4e6a3041b36a90504c81545710fe044e0b1ce4de513d43b243357ed,56938639884939685426754489025946356459987666830699645968756256140962332421014,SELL,0.77,250.0,192.5,1731216608,Alaska,1,Will Trump do better in Florida or Alaska?,trumps-margin-of-victory-higher-in-florida-or-alaska,0xf3d304c1c60486e963f2a76003c57e0787f736f93081f806e57d5af273ebb7cb
49efc9198ef9302d18ba262f2d105d9b5862a3c8,0xd34f2b5e9ee02bed8a107fdf9bda2d866dc61c95,0x9cb4e70a1ea05eac5e9caabee8e8a016d4a7dc73ff3e17287541d66d521a9470,6654197997731195069563796293258808803008290915486288735227730427598319387221,BUY,0.954,3000.0,2862.0,1731220569,No,1,Record turnout in 2024 Presidential election?,record-turnout-in-2024-presidential-election,0x9ea1f2194e501fc32c87c0c1b428f4c87e1dba779702c4905e4bed24a97ad246
9749c8a96ac77ab3de623518714e50f191be0351,0xd34f2b5e9ee02bed8a107fdf9bda2d866dc61c95,0x9cb4e70a1ea05eac5e9caabee8e8a016d4a7dc73ff3e17287541d66d521a9470,6654197997731195069563796293258808803008290915486288735227730427598319387221,BUY,0.956,89.78,85.82968,1731222313,No,1,Record turnout in 2024 Presidential election?,record-turnout-in-2024-presidential-election,0xa6f1d8dab39aa511e053d188d2c60cc8df1290391cf42102b6eec1e92f0ced95
e053017522a42ef1f56a0d4bc43418a2b5c681e6,0xd34f2b5e9ee02bed8a107fdf9bda2d866dc61c95,0x67749947d4e6a3041b36a90504c81545710fe044e0b1ce4de513d43b243357ed,56938639884939685426754489025946356459987666830699645968756256140962332421014,SELL,0.84,692.24,581.4816,1731263009,Alaska,1,Will Trump do better in Florida or Alaska?,trumps-margin-of-victory-higher-in-florida-or-alaska,0xef9223f5f9ecd08a31ef891da236f33b7743b640ed61fc182ddfce12a3881f41
9e0927782a88705014789eb157377af9d29118c2,0xd34f2b5e9ee02bed8a107fdf9bda2d866dc61c95,0x9cb4e70a1ea05eac5e9caabee8e8a016d4a7dc73ff3e17287541d66d521a9470,6654197997731195069563796293258808803008290915486288735227730427598319387221,BUY,0.951,250.0,237.75,1731263081,No,1,Record turnout in 2024 Presidential election?,record-turnout-in-2024-presidential-election,0xf36b41716c4a3538cc3fe5c91088fca0b5e738b1a8b0f04d585ee849d37dd3e1
87054721c19cc78bdb28b9d6e590e0de5f95ac9b,0xd34f2b5e9ee02bed8a107fdf9bda2d866dc61c95,0x4ec8a5a44f43c0fbdfe8cc768435ceb2234f91fa28da35e14a38d1e3251f3e6f,56684154597620823593222645511727871468734177666283708476151758738373469602190,BUY,0.89,150.0,133.5,1731436227,Yes,0,Trump's November 26 sentencing pushed back?,trumps-november-26-sentencing-pushed-back,0x25de588093da0b5cd1fe205b518d30a90274384e40dbcef87fb425f01a4651f7
f3ff79afb0a1253ff44983eab833495de2d766a4,0xd34f2b5e9ee02bed8a107fdf9bda2d866dc61c95,0x4ec8a5a44f43c0fbdfe8cc768435ceb2234f91fa28da35e14a38d1e3251f3e6f,56684154597620823593222645511727871468734177666283708476151758738373469602190,SELL,0.58,150.0,87.0,1731621210,Yes,0,Trump's November 26 sentencing pushed back?,trumps-november-26-sentencing-pushed-back,0xe420b6e48833c866f767aa6cfaf4fe41d31b7a65ca6fec9e622a80becdfd2c66
5a6a5f05a86506a0f7ecc808b35365647c9325aa,0xd34f2b5e9ee02bed8a107fdf9bda2d866dc61c95,0x9cb4e70a1ea05eac5e9caabee8e8a016d4a7dc73ff3e17287541d66d521a9470,6654197997731195069563796293258808803008290915486288735227730427598319387221,SELL,0.9716632401,6262.89,6085.41998978989,1731621224,No,1,Record turnout in 2024 Presidential election?,record-turnout-in-2024-presidential-election,0x35c2abe3d0afe3a2411b795dc4df6af74f72cc90a7a1531975e0586d293d6d74
236b2e45150bb0f8fa57fe11b543f9543d28f79e,0xd34f2b5e9ee02bed8a107fdf9bda2d866dc61c95,0x9c23593b309f27a4e05f059032d59c2a37f8bb10d126ac7e22014593a07fa9a6,20503171245004272366908372236894444540018273555294544913430963958771672513539,BUY,0.6199999964,220.96774,136.99999800451613,1731731017,Yes,0,Will Jake Paul win his boxing match against Mike Tyson?,jake-paul-vs-mike-tyson-who-will-win,0xbaf10880caa6476f008221ec4424f0bfc374b1c4c3bce1a943c34e167d6d2cbe
704f952e6ef1bb44b45a4294622572231dc71b2c,0xd34f2b5e9ee02bed8a107fdf9bda2d866dc61c95,0x9c23593b309f27a4e05f059032d59c2a37f8bb10d126ac7e22014593a07fa9a6,20503171245004272366908372236894444540018273555294544913430963958771672513539,BUY,0.8799999958,227.181817,199.91999800583636,1731734508,Yes,0,Will Jake Paul win his boxing match against Mike Tyson?,jake-paul-vs-mike-tyson-who-will-win,0x48d4c98c4f376978a5d4a80c99eda5f28f883678b6cb4bbcaf02bffebe6287d0
676e4b729b95a32ca4a2d844c35b0ff0a5825ae4,0xd34f2b5e9ee02bed8a107fdf9bda2d866dc61c95,0x9c23593b309f27a4e05f059032d59c2a37f8bb10d126ac7e22014593a07fa9a6,20503171245004272366908372236894444540018273555294544913430963958771672513539,SELL,0.998,448.14,447.24372,1731735522,Yes,0,Will Jake Paul win his boxing match against Mike Tyson?,jake-paul-vs-mike-tyson-who-will-win,0xec7d136942d311b1265b690d59a7fb18e56ab4113be98b750bc0c4e848d9873a
f35dfdd6294a68dbb2b51534c58ec97e9a3aa0b4,0xd34f2b5e9ee02bed8a107fdf9bda2d866dc61c95,0xb55c57feb58c339a0f6517baac9d62743a231845abd681ff08f002bc510efd27,31442258802304734935130100777963870863914483221229027207268012084822323779328,BUY,0.25,50.0,12.5,1731818225,Craig,1,Nickal vs. Craig,ufc-309-jones-vs-miocic,0xd7e3e1d0d4bab37ef79ca6c08408ba8272200d78f3190905607456368df2bf7a
4c791108f66ec28da518a4d90fd7219909a6e81b,0xd34f2b5e9ee02bed8a107fdf9bda2d866dc61c95,0xb55c57feb58c339a0f6517baac9d62743a231845abd681ff08f002bc510efd27,31442258802304734935130100777963870863914483221229027207268012084822323779328,BUY,0.22,500.0,110.0,1731818655,Craig,1,Nickal vs. Craig,ufc-309-jones-vs-miocic,0xb3b1e5c2e3b81099c988d95eeafd91c0255fbfe6a6c4e355f0b86794445d48d8
343e5153907f30ee5953a2a8a657a9fca381bade,0xd34f2b5e9ee02bed8a107fdf9bda2d866dc61c95,0x1c84a6f9f59752e09bbf310729b31d822a0d6290aec0ca201adba90281fda060,96459277805465304854102895170122430844083508367309132555720037267993743129944,BUY,0.79,69.63,55.0077,1731820411,Oliveira,0,Oliveira vs. Chandler,ufc-309-jones-vs-miocic,0x16c1c5d3c9957661953e72ac302ee53b949ea479d8c105d96aa90bdfe61cada7
45a29b802b3e27cdb4b798c785e9483baf502132,0xd34f2b5e9ee02bed8a107fdf9bda2d866dc61c95,0x1c84a6f9f59752e09bbf310729b31d822a0d6290aec0ca201adba90281fda060,96459277805465304854102895170122430844083508367309132555720037267993743129944,SELL,0.997,69.63,69.42111,1731822500,Oliveira,0,Oliveira vs. Chandler,ufc-309-jones-vs-miocic,0xfeb8376d1d73c691a37caca25eb5057821d7fe3531e5047bee74a33fd4597678
e16e867ed1e5526c6fd09e472f79eb13cfd397bd,0xd34f2b5e9ee02bed8a107fdf9bda2d866dc61c95,0x97ee3bc5571ed6784a1d60ba65cfe84cbb9d1858135735d1c518ea1e4173ee66,26273356570896241953034700734887489583504497600769222484918200490947602500667,BUY,0.83,82.64,68.5912,1731822528,Jones,0,Jones vs. Miocic,ufc-309-jones-vs-miocic,0x1090c4ecde57efc833a55cdd3b4502d2721e252f9726564225c589184d8199e7
b8147e179f594a0b8514794673ad7b91b579ad27,0xd34f2b5e9ee02bed8a107fdf9bda2d866dc61c95,0x59e2567e1d91b3f0a8faceec91866f0100719981651a935841e0185f9179b199,88106276051300413096642178759034285190873327038102325776939232468326200357187,BUY,0.1199999988,695.583332,83.4699990053,1731975406,Wizards,0,Wizards vs. Knicks,nba-was-nyk-2024-11-18,0x565ee22b230de2d65c57aeabd05b5cc765abd3c583842b2f10414ac0aa36caa6
240ee85950765e411136437b3193acaef57021da,0x91327ef84dca65ca90eea309c5d455daee4b8256,0x9b561511cb6afeff5af5d5c471e83da46176a2f242b655b3c320fa1373fabda8,111987588223807088524994571031291006346162958760722320524422979150451576905305,BUY,0.9939743922,323.73,321.779329986906,1761044531,Yes,0,"Will the price of Bitcoin be above $100,000 on October 22?",bitcoin-above-on-october-22,0x25677a6e857a931f260f1644336b93726da5ce9e819e73070e85a5d3e28244c0
03bd10def1ca22d22d017986f08b465a9c89eefd,0x91327ef84dca65ca90eea309c5d455daee4b8256,0xa0af5b573cd93141fb7d5b0ad44feea5fc60ae6cfcc982aaffd5acb21c60c707,85031205361403817334712936128582344655641701455122048347715933940596474867083,BUY,0.998,322.77,322.12446,1761297183,No,1,Meteora FDV above $2B one day after launch?,meteora-fdv-above-one-day-after-launch,0x4f818b8ee42883835e4a267ee52f8494b747a962e03f35773d2aabe855a996ac
444359674816d00259876fca0c3090f9dedb223f,0x91327ef84dca65ca90eea309c5d455daee4b8256,0xe372670411f24592713b567e8683b2f9199ce6cd347dfaa06e94387f8ec82553,52544130074286254335853607004408402850469947150027704574110940328406201520357,BUY,0.999,323.09,322.76691,1761641177,No,1,"Will the price of Bitcoin be less than $100,000 on October 29?",bitcoin-price-on-october-29,0x1349b362f5a3b369d4f681d468eb2bc729f050dc46896f9d15bf7a47a6905915
b36d28e020c6cb62b84c22629702e8cb0d9740e4,0x91327ef84dca65ca90eea309c5d455daee4b8256,0x1f53a796b2e0094d1c33db340e67e38fbfb9e58a8061bcab624f258e68e6b0c7,41385776937492278986731136380401653327418260081918703481043771716343868565032,BUY,0.997,324.07,323.09779,1761826307,No,1,Ethereum all time high by October 31?,ethereum-all-time-high-by-october-31,0xe53027a18dcf2e093ba2eac8732cf4d1d66931b72d6948ee198862b6ee05cabc
970f2759c37c909c94ce4fddc196543419d91b6b,0x91327ef84dca65ca90eea309c5d455daee4b8256,0xd8dc701e2a57b00b36af943e80ea4b59cb500b71f9702ce2e164d56f7a62f1d1,111244555716363484918035386011931707441437042266167484836897060381848809636617,BUY,0.994,150.0,149.1,1762092313,No,1,Will XRP dip to $2.20 October 27-November 2?,what-price-will-xrp-hit-october-27-november-2,0x90af4ffef8d1272f0eaab1cbd40f2121b8b08fda11e93b5ec84b4010a2a46077
56e7af71bf3a74d8402e8a9b6c4e0fe9a18f5763,0x91327ef84dca65ca90eea309c5d455daee4b8256,0xa42381041aa164a9c98eeafba83dad15f2ed47e6f38f8fa06b3b7581097a211d,44687888608431112923669601071342082043195240075649847167172270993576002449087,BUY,0.995,163.21,162.39395000000002,1762092341,No,1,Will XRP reach $2.80 October 27-November 2?,what-price-will-xrp-hit-october-27-november-2,0x70852d320e5584bb68350b12b29ec072b564db55c774a5d027e4f9d947639af8
e92af14c88887607fd05c968e05557bb95174e68,0x91327ef84dca65ca90eea309c5d455daee4b8256,0x570048d991fc0c162a5bb4a827eef5b040bfb2de18b494535158d61fcb262d3d,95539937423942855853140706110799117533170111144353366550312600999964966681277,BUY,0.999,12.58,12.56742,1762092387,No,1,Will XRP dip to $1.90 October 27-November 2?,what-price-will-xrp-hit-october-27-november-2,0xa6a5e89e0b76648be50388cee18bff6f532cb5270fe24d41bc387802e14a6f28
bd01fad27065b52ec76945e4031e4eafbd6cb5da,0x91327ef84dca65ca90eea309c5d455daee4b8256,0xbbb2da37440711044ebed287f401d8caf86185965238925474580a66fab963e3,88719121508487591237246575366986024681167771947869263139838663401989265949421,BUY,0.994,120.56,119.83664,1762330599,No,1,"Will the price of Ethereum be between $4,200 and $4,300 on November 8?",ethereum-price-on-november-8,0xb69a851c1eedecfee5b3d537d370cb9635e71db312065d56a3558f8cbf97d0ee
889c2c89a88c7d7cdb767717e4913a913f40d785,0x91327ef84dca65ca90eea309c5d455daee4b8256,0xc677b839273942287d8e59262266d81f2affe7088140ce87f49a3681566d7975,11757125647110157627683807963696692633110452866619614571811525165821564779816,BUY,0.992,194.46,192.90432,1762330613,No,1,"Will the price of Ethereum be between $4,100 and $4,200 on November 8?",ethereum-price-on-november-8,0x531ddb96e4e4352ec268e18c68ae93da26a151b1012f138577839a4eeda33d86
b19b5c48ada651e74391f7ab17cde1eca287e40e,0x91327ef84dca65ca90eea309c5d455daee4b8256,0x6903b766f5fda3d5b02f4472a6b4154419e78b7fd126c0b29ce17bb8e20b20cc,21489772516410038586556744342392982044189999368638682594741395650226594484811,BUY,0.98,333.64,326.9672,1762418847,No,1,Fed decreases interest rates by 50+ bps after December 2025 meeting?,fed-decision-in-december,0xb0b794ddd3d21d71fc8d2fdbee51d2847c8b122eb73dacf7d7e627599f0752e7
688573c722f5a262ca1f02aa1bb83f6c41a565bb,0x91327ef84dca65ca90eea309c5d455daee4b8256,0x2238b08d3c118736e50d9f354c8fd27b24529c1d2a72fa05cb96b1cbe8227a5f,62283329997744166235574736529961631904935417963030249246887307574760220591570,BUY,0.999,327.63,327.30237,1762676641,No,1,Will Solana dip to $120 November 3-9?,what-price-will-solana-hit-november-3-9,0xe33965715d39e40d2d57716c0906c5fdbace291828c0bbf4d58f37c29d6ce290
bce89a9a648cf33bbe533e0ffba3786d1c61868a,0x91327ef84dca65ca90eea309c5d455daee4b8256,0xc0c34ba79e2ab7b5db462b4d6fabd9ae0430d28e63500b8c5451c5b66f9b28f9,28624825398797290274003236625503214151401941879770991416356134034887653430478,BUY,0.99,331.6,328.284,1763035016,No,1,"Will the price of Ethereum be less than $2,900 on November 15?",ethereum-price-on-november-15,0x42a5323405c473405e37f4000dd95a561c42ff98d5e844a4408ac351eb38c96b
90ee090debc5bf85f6e95c3107251ac14924d5de,0x91327ef84dca65ca90eea309c5d455daee4b8256,0xeeb92ddd77d671d1f9ea1f5727208d1fa91896a6d1f657fdcd7c9d578fe5c46c,101047384638948889500274126169139867032724036159322634390400440566762028472215,BUY,0.886,373.52,330.93872,1763295705,No,1,"Will Ethereum hit $5,000 by December 31?",what-price-will-ethereum-hit-in-2025,0x739d41fabd86a9b1cb66dfa00a7784b911d6348f9ec65b497192597251bea7e8
26021ef352fab6f966090df30c27d57d1b9a4b3f,0x91327ef84dca65ca90eea309c5d455daee4b8256,0xeeb92ddd77d671d1f9ea1f5727208d1fa91896a6d1f657fdcd7c9d578fe5c46c,101047384638948889500274126169139867032724036159322634390400440566762028472215,SELL,0.98,373.52,366.0496,1764994425,No,1,"Will Ethereum hit $5,000 by December 31?",what-price-will-ethereum-hit-in-2025,0x288c9131b1fd447ca651c912aad10c7d91c4563c7e36046ce397b41167db5d9a
705197493d6de4de4a966c7b585165fd27e19dcf,0x91327ef84dca65ca90eea309c5d455daee4b8256,0xf0facaa00e7dc1670f70db0ba28ff9bdac5ec2db1d1640fe6d6e104275a9de17,85115024216433553134808281393314667850581983686440216340018154843843827506779,BUY,0.9746302093,375.05,365.535059997965,1764994583,No,1,BNB all time high by December 31?,bnb-all-time-high-by-december-31,0x91d661c3a152c0770bd779ebc103d5e91118d12fcde6948d5f63756868d97c58
b61979a9ff073cb6dbff01968176723371e5134b,0x91327ef84dca65ca90eea309c5d455daee4b8256,0x19ee98e348c0ccb341d1b9566fa14521566e9b2ea7aed34dc407a0ec56be36a2,3074539347152748632858978545166555332546941892131779352477699494423276162345,BUY,0.992,377.8125,374.79,1766753049,No,1,MicroStrategy sells any Bitcoin in 2025?,microstrategy-sell-any-bitcoin-in-2025,0x11c32d29b61de31dcbcb85017bf1d93ae58cb3b8cc287747d1480d0e439fb1b7
db2fa87b61320cfe8ad14259daa2c745aa3bd337,0x91327ef84dca65ca90eea309c5d455daee4b8256,0x3392d482621c56ea88b671505df166ab696f540e35f775f459cd1531e9175855,108486514414842703538374367881053903639293890281148646707209852592689342522430,BUY,0.8399999985,449.321427,377.42999800601785,1767453209,No,1,Will Lighter reach $10 before 2027?,what-price-will-lighter-hit-before-2027,0x03d250c833a649249e060115e51edcfe04050b9fdf3dfb25bee9100d10d87fcb
e0fec3dc8fb23449f48856ab23c3d034500650be,0x91327ef84dca65ca90eea309c5d455daee4b8256,0x7bcbcf94ede69ef40b90bea8f219d21c1ee911ee2366016178ae43c6d5f37766,62746176600840746852764646813783268561986913961682413215779312525579711343796,BUY,0.98,60.85,59.633,1768271017,No,1,Opinion FDV above $5B one day after launch?,opinion-fdv-above-one-day-after-launch,0xfb08d0a7d072844f6c6aad33d0e164f11ea7ad374aac88fba6cd0675f02a76cf
467c9dc0015b76b87736edd7749de44ee60da635,0x91327ef84dca65ca90eea309c5d455daee4b8256,0xd9fb1184af0064e5e34b129f5b79afa5a17b7e32f2953ab05efed82315fee6d4,90772332434487149264114862115632028379978765245278600275169585501290867536237,BUY,0.8699999981,351.114941,305.4699980028816,1768530546,No,1,Will China invade Taiwan by end of 2026?,will-china-invade-taiwan-before-2027,0xd5125da797751a4002a5ae2296e4ec67d74980293c95613f1ae322f7b91a0b3e
1be31bb64a851681339fb32ef445fea530bc2586,0x91327ef84dca65ca90eea309c5d455daee4b8256,0xe93c89c41d1bb08d3bb40066d8565df301a696563b2542256e6e8bbbb1ec490d,112838095111461683880944516726938163688341306245473734071798778736646352193304,BUY,0.996,314.0,312.74399999999997,1769607859,Yes,0,No change in Fed interest rates after January 2026 meeting?,fed-decision-in-january,0x6ee6b283d013f811599e99663554e7589d4cf9b150f35deb0df257b2541f1fa0
1251b1247cf72abde593c8f37dcedc71127b4883,0x91327ef84dca65ca90eea309c5d455daee4b8256,0x7bcbcf94ede69ef40b90bea8f219d21c1ee911ee2366016178ae43c6d5f37766,62746176600840746852764646813783268561986913961682413215779312525579711343796,SELL,0.994,87.19,86.66686,1770044152,No,1,Opinion FDV above $5B one day after launch?,opinion-fdv-above-one-day-after-launch,0x6790831ab543dda78c4e71627b28d0f72f0fe424b8b5ab54e57409629d781bba
0f64befc3565bce834856f1462c4f8464e21939b,0x91327ef84dca65ca90eea309c5d455daee4b8256,0x875dacd2ffb9cada120777b5748a7d650f012c4bc5b9bcf73ae79db2dd94e60b,78211258083599852304924054346492231363759979886428576853698041083207888965709,BUY,0.9950967228,401.56,399.59104000756804,1770044178,No,1,Will the price of XRP be above $2.40 on February 4?,xrp-above-on-february-4,0x4a18760805e0a7051f72fbddff16ee52db77026ecf7428bd98aeb2420042e3bc
5fdc6d7b7047d5f53f404946a72aa53d4b294ffb,0x91327ef84dca65ca90eea309c5d455daee4b8256,0xd62a4fe6bcf32a9d447dcfa5fbcf9df61d19994d8dd02e31d05f1b9ecb957cc8,25670932782815009213079071677655949133387619881338887285116873633676094934404,BUY,0.998,403.13,402.32374,1770301981,No,1,"Will the price of Bitcoin be between $88,000 and $90,000 on February 7?",bitcoin-price-on-february-7,0x40d6fa745d298d53a9a09ec6cb93ce0cc0714c0a48ad5b48b845ee532daece8f
b7c1fdddb18d1220bafa1cfbf49bf8d5438ed3ec,0x91327ef84dca65ca90eea309c5d455daee4b8256,0xc53e31ac2fe2f0b54a6690a0f3438581d6a8d34d5f89f0a11499c37013e01d34,31844574133952735741250780556058493574602249841436894500857561900427329551181,BUY,0.9979999994,403.937874,403.1299980096373,1770528695,No,1,"Will the price of Bitcoin be above $80,000 on February 9?",bitcoin-above-on-february-9,0x85284bc7e3b25f623cbf9b5333a88b3d4e712f7f710e9c94f1e7f723eae3126b
ed4fe5e398e70ce4c266ac8b91e509256daa1255,0x91327ef84dca65ca90eea309c5d455daee4b8256,0xc53e31ac2fe2f0b54a6690a0f3438581d6a8d34d5f89f0a11499c37013e01d34,31844574133952735741250780556058493574602249841436894500857561900427329551181,SELL,0.999,0.4,0.3996,1770648581,No,1,"Will the price of Bitcoin be above $80,000 on February 9?",bitcoin-above-on-february-9,0xa7a32d9717316f7c8e0be1ee2030e40971fcdb60d5f0c516c1c78b310a529bf8
82b1de99ad64eb204d838bcc5e99381fbdb41200,0x91327ef84dca65ca90eea309c5d455daee4b8256,0xa5fa2094af61fdfdb0398c22c4f1bb8788cabc680bcc0042f77c6388b23afaf4,34859576120138621057883642775024843615141424700876369267127573058571005854932,BUY,0.91,171.88,156.4108,1770648725,Yes,0,Will NVIDIA be the largest company in the world by market cap on February 28?,largest-company-end-of-february,0x202da974dab307997c8ef831c4ff14be81b3a7cf6635ed348c1c312b0089d82b
460392d8745db2d16743190bc9dfe280f25f6311,0x91327ef84dca65ca90eea309c5d455daee4b8256,0x52d4c5bcfd2312d2872558ccd7cfec91b079d5497b0efdc01fc722faa6914ca4,12667937787672230525410002852176671561757538872401694431317541947690367316427,BUY,0.987,129.49,127.80663000000001,1770648783,No,1,Will Alphabet be the largest company in the world by market cap on February 28?,largest-company-end-of-february,0xb0b907197ed3da6ec67b6dd0beb79e8d6d097f95fbe35f52fe996ac92c4623c6
21950aeceb4f5f4ae62e356c0544b8c928211751,0x91327ef84dca65ca90eea309c5d455daee4b8256,0x26c1db42bd307ebfba9e8224c515ae1778f7319ce32551f312c8a39aace1c917,107798711200050464185077319917394339589496218581432085857614724457907413383463,BUY,0.997,300.86,299.95742,1771731984,Yes,0,"Will the price of Bitcoin be above $58,000 on February 23?",bitcoin-above-on-february-23,0x112231a087dd4e161e4935973444170dbaedfd5ed9743dbb9c40883f1d23169f
9c8976bf710f5c4c91e984526e1af4a5b1fd86e9,0x91327ef84dca65ca90eea309c5d455daee4b8256,0xead96b5a5b4d54ece6037f535f97789c7f48c8aa49790cda0ace394818657449,11812299948237309997213569995897160497631665400758828248691700337531633816509,BUY,0.997,22.2,22.133399999999998,1771909870,No,1,Will Solana reach $150 February 23-March 1?,what-price-will-solana-hit-february-23-march-1,0xdcc3500dbbb1e550daca6514aa3d5a9b7609f5715e9ac6d632b09d110f3335b5
fed8d790e706f3668074583b555f30d245067d32,0x91327ef84dca65ca90eea309c5d455daee4b8256,0x2a315243b148cf1951259110bcf7ade0f9fdbcfdbf08e1937454bae0bc95e287,105132555536517914354962334021022560551672117927782306254991140730393534783073,BUY,0.996,409.29,407.65284,1771909894,No,1,"Will Bitcoin reach $80,000 February 23-March 1?",what-price-will-bitcoin-hit-february-23-march-1,0x3763521edc589cfd6ec4ac0afa434173752f1376fa9099070570eb2a309e106d
eba79d506b85ec24cfd5f2d942cd4de142893a46,0x91327ef84dca65ca90eea309c5d455daee4b8256,0xe8d2b3e5257248c18cf7ee917668503224ff046d330ea38a7e356b2056bd944e,68695234660217986707235739264514035298626042916947141761106590932004315204155,BUY,0.999,409.29,408.88071,1772255181,No,1,Will Solana dip to $50 in February?,what-price-will-solana-hit-in-february-2026,0x552e29a3aca7b67ed30da2b328775c7f9d7b318578b1acd62dae27123c64e941
b8b1054f3627ee846553d388d3e35fd6dc4fc8fd,0x91327ef84dca65ca90eea309c5d455daee4b8256,0x401f55b6bc311192951049cbe856c506e558cd5f9ce60f76baf8fdb506ec948e,105899707861568117659994058684794200494513203265202566825936062212892403416111,BUY,0.999,431.92,431.48808,1772545497,No,1,Will the price of Solana be above $100 on March 3?,solana-above-on-march-3,0xedc4354cfc1a4a0ea514f56d9e65e2208ff19242f2e5648dbc69705eace14326
7cdb193f1012125becc3a7240944478167d7aeb4,0x91327ef84dca65ca90eea309c5d455daee4b8256,0x6ba417ed3baacd713cd382669dcbc8d20d9f1673b45c2136656b7af42a4de80b,694661007580789583711529542353895066642713769127805365618276616712579618839,BUY,0.996,433.66,431.92536,1772639739,No,1,"Will Bitcoin dip to $52,000 March 2-8?",what-price-will-bitcoin-hit-march-2-8,0xf3d15587382d07f22d0cec6103c8dff6ae9ac799dbec6fe361f219df45a3d9e1
dcbffb73add3cfd5dd1516d7da7221c3554cf09a,0x91327ef84dca65ca90eea309c5d455daee4b8256,0x8ffe5ff5b9007a7b6cb1f367e6d4962bdb20d3dae8abf52ae4674e3258a0f785,97132503905093910511585301311381170945318401780921091771113506998942283136272,BUY,0.99,100.02,99.01979999999999,1773018595,No,1,"Will Gold (GC) hit (HIGH) $7,000 by end of March?",will-gold-gc-hit-by-end-of-march,0xb64964feed26f6341e40dbd9df63f55fc3c701c251321b4a2c98e5894a2371c8
2be2c05d029ec63b7b4e159070bb807b953bb7e0,0x91327ef84dca65ca90eea309c5d455daee4b8256,0x2b1c0d7dbaf18bf7e34a040d9a1c065ab73d1afbdc25b1b2335274d5e1d357b0,12415328903864967581171982397736966152916554172401850553516325537345988980884,BUY,0.9964757757,335.2,334.01868001464,1773018639,No,1,"Will Bitcoin dip to $62,000 March 2-8?",what-price-will-bitcoin-hit-march-2-8,0xc948a4c3153d6fd4440ba3fc31afecc49e12a250148b86b4bce4bf17e39cfc10
d41a3e480fe6afbf0d9c57d8798ba1d325fc246a,0x91327ef84dca65ca90eea309c5d455daee4b8256,0x8ffe5ff5b9007a7b6cb1f367e6d4962bdb20d3dae8abf52ae4674e3258a0f785,97132503905093910511585301311381170945318401780921091771113506998942283136272,SELL,0.994,100.02,99.41987999999999,1773154535,No,1,"Will Gold (GC) hit (HIGH) $7,000 by end of March?",will-gold-gc-hit-by-end-of-march,0xebd6faf5a9feac30beeb0d9ed06e4d21ee21f2d7c1ffbff6f8fb6bc2c2e1996b
d25047204ce5bb6ae164dc37d19c9fc71b78ef87,0x91327ef84dca65ca90eea309c5d455daee4b8256,0x7b007b04f52ba685309cbf75379ccf8b40e0db01da6532ca537c5fc5ad48f96c,77758333725134682315136928503035281269286209601401749945593606791468699127730,BUY,0.991,438.06,434.11746,1773154637,No,1,Will Crude Oil (CL) hit (HIGH) $140 by March 13?,will-crude-oil-cl-hit-week-of-march-9,0xde5994f163d0afa10a3296ab04aff26110f06610cebdfc11f0a33b151a87bea7
49031e6a9acaace652dbb8f42e43e37fef11f793,0x6274f5f961800af6ddef3d6a362ba12422166907,0x8a62a7f7a9affdded6b3947b0fb63a5e8701e544a263d76d200599642c97d956,23652271072868479451669340197856451484162370322289640139409689331343219097989,BUY,0.913,210.0,191.73000000000002,1773210419,No,1,"Will Gold (GC) hit (HIGH) $7,000 by end of June?",gc-hit-jun-2026,0x91ed9c3f6b105b0b4d16792a59df84141407630ca2349ab90e877334ed5f7960
6d790950eeaac02ea3e5174846223316a9b117e4,0x33b45b246a2b8d69f96f3ca615b940c48d5b0f91,0x8d62f20324e9e7f1a3c663ab6aac9a2f6e7adb96c6a69ac2cea7e08a71a7f2ef,36038186568927998467509291483985866554521847803798174147820946484272760262519,SELL,0.932,210.0,195.72,1773213795,No,1,Will Tom Steyer win the California Governor Election in 2026?,california-governor-election-2026,0xb42ab33aa994e7761d2f1fcbcad5b7637e8182b4265580bcd9f8179c46fe485f
cbf06616201f37497473c196bd04f6c6909977a1,0x6274f5f961800af6ddef3d6a362ba12422166907,0x8a62a7f7a9affdded6b3947b0fb63a5e8701e544a263d76d200599642c97d956,23652271072868479451669340197856451484162370322289640139409689331343219097989,SELL,0.919,210.0,192.99,1773215327,No,1,"Will Gold (GC) hit (HIGH) $7,000 by end of June?",gc-hit-jun-2026,0x4e984fd946c46cc61db15a41e864023d3477e09830a160e0b2c11d0ea2ae1b5a
2ed620d51678bd9cf2e75ccb278badd04342ec13,0x33b45b246a2b8d69f96f3ca615b940c48d5b0f91,0x3c7554ff96b000cfd9ede670196c4718da7dcfdb858a8c01ed53cebb6b99da93,49685844184785189598805078707693505190269487052660762688087166896714898927058,BUY,0.84,240.0,201.6,1773218295,LYON,1,Valorant: Contra vs LYON (BO3) - VCL Latin America North Group Stage,val-bbb-lyon-2026-03-11,0x19ee32cd52f43acea7038a7e21a6ae7a766c60957199c71af568d48e50dc2f96
4206a5521be7d1d459b731924d709acd1e3b02d9,0x6274f5f961800af6ddef3d6a362ba12422166907,0x3c7554ff96b000cfd9ede670196c4718da7dcfdb858a8c01ed53cebb6b99da93,49685844184785189598805078707693505190269487052660762688087166896714898927058,BUY,0.84,230.0,193.2,1773218457,LYON,1,Valorant: Contra vs LYON (BO3) - VCL Latin America North Group Stage,val-bbb-lyon-2026-03-11,0xf6e27ad800ec0825f038501dc549d8873255b3f37af88809c21aafa6a912b997
04659d9aec8166bc6107a09bcde65433857d703e,0x33b45b246a2b8d69f96f3ca615b940c48d5b0f91,0x9181b5f970d9ef1033ea42083806d726faf4efd21032f085a73ab4c213e0027e,56568984848636775094496592969195017278168227748650806056880472533477517239231,BUY,0.9,260.0,234.0,1773313903,Wang,1,WTT - Women's Singles: Yangzi Liu vs Yidi Wang,wttwom-liu-wang-2026-03-12,0xecc341d7d62cf2c5fa01df9e722089346b99aed3114caf13a61d9789275e7aef
2a0ac7cd0ade414cc9dc5bc7cd654f49031d1154,0x6274f5f961800af6ddef3d6a362ba12422166907,0x512dffd12257b5a84942e0515e9295b2d0b980d68d53130cd606258bfa08b265,106763723615167033591744850392708661153586143803399898265320931338812234391436,BUY,0.71,310.0,220.1,1773315317,Lebrun,1,WTT - Men's Singles: Jae-Hyun An vs Felix Lebrun,wttmen-an-lebrun-2026-03-12,0xdd324b1189fe2f57694813fd22a340d04e1724ad468e4de0b4b2a01978f7dfbb
bcee24a4cc129b50368eeb93749d14a43e178705,0x6274f5f961800af6ddef3d6a362ba12422166907,0x78d972fbd63c4b1acd100b87ca011456b6e39e49e2cedf9802104891e3cd8a87,39200619172803344488855316399163984362948976029172613152447050393388762406753,BUY,0.85,230.0,195.5,1773392639,Katarzyna Kawa,0,Antalya 3: Katarzyna Kawa vs Carole Monnet,wta-kawa-monnet-2026-03-13,0xfd90f9a9eb70c68d6382e91f4a265adc3fef4ab70a7f6973d9a21236b52bcd2d
1c65357769280d18167a99bcbc9674ac69808008,0xd34f2b5e9ee02bed8a107fdf9bda2d866dc61c95,0xd25b2fc3a916b317d71b398c5d0f81ad33fe1da6b56d6c9f717332d31584504e,86620530406157559149607427304423476709238424342859385697887050586116236047982,BUY,0.981,3327.47,3264.2480699999996,1773449485,No,1,Will Reza Pahlavi enter Iran by March 31?,will-reza-pahlavi-enter-iran-by-june-30,0x845ea924e311d004ce181e21aae1f9a2c913083486165744909ae052a47d69ae
398b568155c8bbf5964e0e7b3930757a6388f063,0xd34f2b5e9ee02bed8a107fdf9bda2d866dc61c95,0x30a892ea01a40602dd58029243f165a97ce22dbfeabf427f86d705ae650fad4b,85520490413572360235058851450781930532680155921712950189237409407488519651948,BUY,0.959,140.0,134.26,1773450853,No,1,US forces enter Iran by March 14?,us-forces-enter-iran-by,0xbb616b66e268d2805770adb3d46aff5f53f61a28aabd546486dd48b7759b01bf
6473f8ee67567dd98f88f45f001d486797435d25,0xd34f2b5e9ee02bed8a107fdf9bda2d866dc61c95,0x30a892ea01a40602dd58029243f165a97ce22dbfeabf427f86d705ae650fad4b,85520490413572360235058851450781930532680155921712950189237409407488519651948,BUY,0.959,30.0,28.77,1773451417,No,1,US forces enter Iran by March 14?,us-forces-enter-iran-by,0x16343c1edb4a5a331e35f5b4187dfe00f0a2900dd595ca1599d3e656b8a1297f
45642c5587d87c97a354ea3baa402fa84b862538,0xd34f2b5e9ee02bed8a107fdf9bda2d866dc61c95,0x30a892ea01a40602dd58029243f165a97ce22dbfeabf427f86d705ae650fad4b,85520490413572360235058851450781930532680155921712950189237409407488519651948,BUY,0.959,59.32,56.887879999999996,1773451423,No,1,US forces enter Iran by March 14?,us-forces-enter-iran-by,0x67cca34839e573124ea3a2ddfe9a8896d89714c6e3a68d24a97b14caebb3cdb9
1329047a6f40e47e4402c8856e8f8eb276afab43,0xd34f2b5e9ee02bed8a107fdf9bda2d866dc61c95,0x30a892ea01a40602dd58029243f165a97ce22dbfeabf427f86d705ae650fad4b,85520490413572360235058851450781930532680155921712950189237409407488519651948,BUY,0.968,607.24,587.80832,1773459083,No,1,US forces enter Iran by March 14?,us-forces-enter-iran-by,0x5a98a2054926c9bd852bc377d347281a4285a06264f124640cd01cbb75437899
afc62151dfd3f8be13f206e2fd2b86494751c059,0x91327ef84dca65ca90eea309c5d455daee4b8256,0x54ad5601f4011e2c592bf0e52da92c045e83b8fc01af3738b2d4e7308e6c66b9,104025752009691730751556691494754124512174644218971657715810804998280961621784,BUY,0.996,438.93652,437.18077392,1773475507,Yes,0,"Will the price of Bitcoin be above $62,000 on March 16?",bitcoin-above-on-march-16,0x48c5fa34ab5c7468ce51fdf148899a03fe5f4a3b44f40a56a738ae9e3847cc34
a393afceb952fc54a550d539becab06fa9620cef,0xd34f2b5e9ee02bed8a107fdf9bda2d866dc61c95,0x07d45de444dbe0595c068a9eade49ace2bd381e30d6a45022d801ec10e7d0294,27851546862383383121956711655366545988049735087817211489701223277998595226738,BUY,0.995,935.0,930.325,1773514655,No,1,US x Iran ceasefire by March 15?,us-x-iran-ceasefire-by,0x73fc2a24c9691a11ec914411a0c1cd96c1adc0206a4528cc2f84e8742a550f91
0881dc2007b845facd9a63b0a331f8ea6b6b536d,0xd34f2b5e9ee02bed8a107fdf9bda2d866dc61c95,0x30a892ea01a40602dd58029243f165a97ce22dbfeabf427f86d705ae650fad4b,85520490413572360235058851450781930532680155921712950189237409407488519651948,SELL,0.999,836.56,835.72344,1773550607,No,1,US forces enter Iran by March 14?,us-forces-enter-iran-by,0x4c089e694cc82ba8498aa103bb0f8a295393cadb2c4380adbd4453a3c7bcac1e
41a1f102c933e8053374ecfe97705a91f82978f9,0xd34f2b5e9ee02bed8a107fdf9bda2d866dc61c95,0x07d45de444dbe0595c068a9eade49ace2bd381e30d6a45022d801ec10e7d0294,27851546862383383121956711655366545988049735087817211489701223277998595226738,BUY,0.996,835.0,831.66,1773550781,No,1,US x Iran ceasefire by March 15?,us-x-iran-ceasefire-by,0x27f65b7319ac85b2bcd4114d746098f2c62ee3964f252b63cc08434120e2e925
0f2481488f5740f4c22abcd5c185992cbb3a610d,0x6274f5f961800af6ddef3d6a362ba12422166907,0x6e980168a8f82a37ce3ba2280eefb4932d20f54e37219673942b76cb7c8182d1,40088846480747802706068290704425078473736395543014371296540717889526377296734,BUY,0.6,320.0,192.0,1773640267,Raul Brancaccio,0,Murcia: Raul Brancaccio vs Alejo Sanchez Quilez,atp-brancac-quilez-2026-03-16,0x173b4f5f90e4056b284f7415a5fd66f279c1f268c4cdf62ef3740ca4a69c606f
1661ead7eee4293ddf91736f0ff31fe9fc37eeab,0x33b45b246a2b8d69f96f3ca615b940c48d5b0f91,0x246559691ae64806ee51dcc5ca1d1216bf6e25d80127a3425b72ba559190e96f,39566589937550212448258609297746844085372401710754044636465348884923971182683,SELL,0.411,640.0,263.03999999999996,1773643159,No,1,"Will Gold (GC) hit (HIGH) $5,500 by end of June?",gc-hit-jun-2026,0xf91d8192c7f595d186e069b6eda3438013fe4790239d456fe2d484a528944e05
6b86de617ec718c6d35117ff05a03e8bab185c5f,0x91327ef84dca65ca90eea309c5d455daee4b8256,0x177d5098c6607b4d4ace1679700ea28509db1cc9f4f837a7b917577c549b0a43,95862520737611314913974827529822774428786199356126835130755155209297239121820,BUY,0.9944799664,440.25338,437.8231665498864,1773664659,Yes,0,"Will the price of Bitcoin be above $66,000 on March 17?",bitcoin-above-on-march-17,0xd21ed60f7510b99b5581c1eefa7bf6ce900bfa75b79fea69ed8480869d0741a7
cfe87f79f97f8740fc9ad45d5fb9d126dd61b3d7,0xd34f2b5e9ee02bed8a107fdf9bda2d866dc61c95,0xf412ee89699dbbec81c111e74f0b5cc84f5049e9f436c31652f5051b9990ff59,79303065530955895530989528513308042752426804156573882491532872853270358009009,BUY,0.987,25.0,24.675,1773728373,No,1,Will Crude Oil (CL) hit (LOW) $70 by March 20?,will-crude-oil-cl-hit-week-of-march-16,0xd746dd694577e08f4be8c1e7121f029af1fc1d0c4e26096cda58797d0bc0881f
e3cc9e9c93e9ac8b47c545e339a41e9d66d561ce,0xd34f2b5e9ee02bed8a107fdf9bda2d866dc61c95,0xf412ee89699dbbec81c111e74f0b5cc84f5049e9f436c31652f5051b9990ff59,79303065530955895530989528513308042752426804156573882491532872853270358009009,BUY,0.987,20.0,19.74,1773728589,No,1,Will Crude Oil (CL) hit (LOW) $70 by March 20?,will-crude-oil-cl-hit-week-of-march-16,0x914fc7547bafc0db8bf00e4b5841dcfbba2372d6b67f1b486334be40afeeafb4
92061b9185152e808797c223af5abc2877069343,0xd34f2b5e9ee02bed8a107fdf9bda2d866dc61c95,0xf412ee89699dbbec81c111e74f0b5cc84f5049e9f436c31652f5051b9990ff59,79303065530955895530989528513308042752426804156573882491532872853270358009009,BUY,0.987,5.0,4.935,1773729695,No,1,Will Crude Oil (CL) hit (LOW) $70 by March 20?,will-crude-oil-cl-hit-week-of-march-16,0xea5f748c5fe119383ea9bfa7fc926b6e388c8b7cf92dd7085550cc0bc783661a
c238dcd20348992ccd530b5e2010ee3d733880f1,0x33b45b246a2b8d69f96f3ca615b940c48d5b0f91,0x72e78837f958d2109f1cb174aefde8c7cf2480c4cd3e44280fb5884bf0ab47b1,7008237636820043713028544137197733598987890698639962396666541498762616852487,BUY,0.973,100.0,97.3,1773732413,No,1,Will Milena Moreira win Big Brother Brasil 26?,who-will-win-big-brother-brasil-26,0x606c0836461cc2f2201fb893de788b6093d791b8711d6c392fd494e0ffd1d0f1
d7b02d3035be2c5c406ceed0bf2dbf7af33673a6,0x33b45b246a2b8d69f96f3ca615b940c48d5b0f91,0x72e78837f958d2109f1cb174aefde8c7cf2480c4cd3e44280fb5884bf0ab47b1,7008237636820043713028544137197733598987890698639962396666541498762616852487,SELL,0.9694938,100.0,96.94937999999999,1773732431,No,1,Will Milena Moreira win Big Brother Brasil 26?,who-will-win-big-brother-brasil-26,0x74cedc2d3be2b263045ec66475cdabcf8d9726822448fbf84712afde05d69aa6
a5bb465f37656636a2674bf199fbe04e6a42e8c3,0x33b45b246a2b8d69f96f3ca615b940c48d5b0f91,0x72e78837f958d2109f1cb174aefde8c7cf2480c4cd3e44280fb5884bf0ab47b1,7008237636820043713028544137197733598987890698639962396666541498762616852487,BUY,0.973,199.0,193.62699999999998,1773732765,No,1,Will Milena Moreira win Big Brother Brasil 26?,who-will-win-big-brother-brasil-26,0xfc7bba40837cba92122d0b3f564b6f25c6561766848f32a07169f474058eb014
5a196f80d3946c23d8fba97dd9b940a26017686c,0x33b45b246a2b8d69f96f3ca615b940c48d5b0f91,0x72e78837f958d2109f1cb174aefde8c7cf2480c4cd3e44280fb5884bf0ab47b1,7008237636820043713028544137197733598987890698639962396666541498762616852487,SELL,0.958,199.0,190.642,1773736001,No,1,Will Milena Moreira win Big Brother Brasil 26?,who-will-win-big-brother-brasil-26,0xc9c78d0d9a5f37c2d04b47d4fd62789c020197d058af8b28a3b4eb357c2bd01b
ed4e0a60b43190a39519ce22cf7a786962931bbf,0xd34f2b5e9ee02bed8a107fdf9bda2d866dc61c95,0xd21a20ef774f8ceed3a5fe14a8b038d34ba77465b70e40ae1ab620539c57d730,24268293109518975297113873976925158497019424957101411214323854839638366733504,BUY,0.9699854,600.0,581.99124,1773775521,Up,0,S&P 500 (SPX) Up or Down on March 17?,spx-up-or-down-on-march-17-2026,0xff986f717952a93ff3a8b6c1ac51afdb1008ccc8214810f94c0bddde4cfbe673
c9f5b3def42ac3a0abeda646ab855666a4b45abd,0xd34f2b5e9ee02bed8a107fdf9bda2d866dc61c95,0xd21a20ef774f8ceed3a5fe14a8b038d34ba77465b70e40ae1ab620539c57d730,24268293109518975297113873976925158497019424957101411214323854839638366733504,BUY,0.97,250.0,242.5,1773775551,Up,0,S&P 500 (SPX) Up or Down on March 17?,spx-up-or-down-on-march-17-2026,0x5e9b823e5189a43d84352b0b4eb86ca4f24c3c067f62d916e5fe42403b438bc3
c235cd443c048efa9d25ad5e6e5f493661abc879,0xd34f2b5e9ee02bed8a107fdf9bda2d866dc61c95,0xd21a20ef774f8ceed3a5fe14a8b038d34ba77465b70e40ae1ab620539c57d730,24268293109518975297113873976925158497019424957101411214323854839638366733504,BUY,0.977,250.0,244.25,1773776159,Up,0,S&P 500 (SPX) Up or Down on March 17?,spx-up-or-down-on-march-17-2026,0xaff85eb2144e1bd35b079cd3f081f8d498f853c817a1bd8042edfb1099a186fa
fc52c2787bf40a577a12c65a727c8d27abef62dd,0xd34f2b5e9ee02bed8a107fdf9bda2d866dc61c95,0xd21a20ef774f8ceed3a5fe14a8b038d34ba77465b70e40ae1ab620539c57d730,24268293109518975297113873976925158497019424957101411214323854839638366733504,BUY,0.97166616,250.0,242.91654,1773776159,Up,0,S&P 500 (SPX) Up or Down on March 17?,spx-up-or-down-on-march-17-2026,0xbe6f2d6b65d0772c989ca471be70cc727e9cbe545eec754f55ff24de724be688
6c1ecc01dd9624d426c4547a364e0236cb35c3b0,0xd34f2b5e9ee02bed8a107fdf9bda2d866dc61c95,0xd21a20ef774f8ceed3a5fe14a8b038d34ba77465b70e40ae1ab620539c57d730,24268293109518975297113873976925158497019424957101411214323854839638366733504,BUY,0.97566772,250.0,243.91693,1773776161,Up,0,S&P 500 (SPX) Up or Down on March 17?,spx-up-or-down-on-march-17-2026,0xa72644c2ed14d745e11880c03b5bd1db6f4768aad050916e0d4a7e2139115cfb
c72165ddf775b5793b6fc124bd3d3396f2a82db2,0xd34f2b5e9ee02bed8a107fdf9bda2d866dc61c95,0xd21a20ef774f8ceed3a5fe14a8b038d34ba77465b70e40ae1ab620539c57d730,24268293109518975297113873976925158497019424957101411214323854839638366733504,BUY,0.977,67.0,65.459,1773776169,Up,0,S&P 500 (SPX) Up or Down on March 17?,spx-up-or-down-on-march-17-2026,0x419086499ce2daef67ad3b39c8b77cd4013bbbad41be17a6e0a6b0a96017eed4
3dac9efd6ad0000be69c41acadce40679cfc3fcf,0x33b45b246a2b8d69f96f3ca615b940c48d5b0f91,0x9ed7843f74c93ea281977821e2bcadff0cd079e8a0cb9ed5f54e08762de29315,59842152423886959698913523540438171551080993964534193032041515880305287053269,SELL,0.39,580.0,226.20000000000002,1773802145,Level UP,1,Dota 2: Ilbirs eSports vs Level UP (BO3) - European Pro League Group B,dota2-ill-lvlup1-2026-03-17,0x4afcf0c91d6feb4c76d2ac7bb94111684d2dfa0b146d144eec725a1b56fbda2f
db3d940d8a0761b5af1d4175f6bdb50c77569c24,0xd34f2b5e9ee02bed8a107fdf9bda2d866dc61c95,0x93fdba592a2275b2e01d0c979e59396349aed7a45f4f22780aca3ee93841937b,76605752939065512858608714881859270707902759329334202859503495091308901477003,BUY,0.47,48.44874,22.7709078,1773819749,Up,0,"Bitcoin Up or Down - March 18, 3:40AM-3:45AM ET",btc-updown-5m-1773819600,0x543981c966478bb96f39bfcd32ce74ef2f20956634df4e091ce36774d3d158fb
b2fe4332908b2e6eff2896c8de8b64742a62d5f6,0xd34f2b5e9ee02bed8a107fdf9bda2d866dc61c95,0x93fdba592a2275b2e01d0c979e59396349aed7a45f4f22780aca3ee93841937b,76605752939065512858608714881859270707902759329334202859503495091308901477003,BUY,0.8964332,497.84516,446.28492988331203,1773819845,Up,0,"Bitcoin Up or Down - March 18, 3:40AM-3:45AM ET",btc-updown-5m-1773819600,0x1ec7df1336913f89491735035621a930356f0b4772ae74a7a7e92f4f2befd8da
cd14a1a4e434ac65c0be1829ce93ec57aaa67c90,0xd34f2b5e9ee02bed8a107fdf9bda2d866dc61c95,0xd462c37c15323fa53c2f29e5933f7e0e3de9a5e2ea9a0fea9534c44ac091c618,26620900213524346144635440994385767050404601488929969571261535262322199460738,BUY,0.97,99.95766,96.9589302,1773821353,Up,0,"Bitcoin Up or Down - March 18, 4:00AM-4:15AM ET",btc-updown-15m-1773820800,0xb3275b5b3ff917cb3fdaacfc2a2bcca1574b85d0414173e941f12f293ee712c0
40adb196c6dbc29d4a9712d0da173413af47940d,0xd34f2b5e9ee02bed8a107fdf9bda2d866dc61c95,0xd462c37c15323fa53c2f29e5933f7e0e3de9a5e2ea9a0fea9534c44ac091c618,26620900213524346144635440994385767050404601488929969571261535262322199460738,BUY,0.991,99.99604,99.09607564,1773821591,Up,0,"Bitcoin Up or Down - March 18, 4:00AM-4:15AM ET",btc-updown-15m-1773820800,0x1c6798ddae60f30c7f7ab37e53e1c48f6b19454128b396f76c1780b3b05ec0c9
86fc3227585a372cc443472d42d9eab4e67b3a78,0xd34f2b5e9ee02bed8a107fdf9bda2d866dc61c95,0xd462c37c15323fa53c2f29e5933f7e0e3de9a5e2ea9a0fea9534c44ac091c618,26620900213524346144635440994385767050404601488929969571261535262322199460738,BUY,0.9927068646,16.16958,16.05165306369887,1773821593,Up,0,"Bitcoin Up or Down - March 18, 4:00AM-4:15AM ET",btc-updown-15m-1773820800,0x9e99f4ba2309533180f659b75e3541ef7d46d9ee3deeead847adb31d77301b25
6ea739bd61312267ae9a40cee627fd9863ec79e0,0xd34f2b5e9ee02bed8a107fdf9bda2d866dc61c95,0xd462c37c15323fa53c2f29e5933f7e0e3de9a5e2ea9a0fea9534c44ac091c618,26620900213524346144635440994385767050404601488929969571261535262322199460738,BUY,0.991,4.84982,4.806171620000001,1773821597,Up,0,"Bitcoin Up or Down - March 18, 4:00AM-4:15AM ET",btc-updown-15m-1773820800,0x0eb49e966de98a1606cd3bfe2de06f55cfcc5cf25698440471e82ea62a72b0e7
321e0f53984af3d1b129c11c8a45ec1b67221446,0xd34f2b5e9ee02bed8a107fdf9bda2d866dc61c95,0x0455ae7e4f249d39cf611470b47d3ed3fda2d98f91be329612f0ffe2998f10e1,62689291000398064159204121624131185786239109884493252204430063882391501283394,BUY,0.82,197.82144,162.2135808,1773822333,Up,0,"Bitcoin Up or Down - March 18, 4:15AM-4:30AM ET",btc-updown-15m-1773821700,0xb7312abfb604c520632092a7413e773d8df8e55d31f4a6fbd460c44c39d6e820
71e092faca4b58bb548c132e38077569f656baf6,0xd34f2b5e9ee02bed8a107fdf9bda2d866dc61c95,0x915659b46b6a59fda6f364918d0fa67a114eea21b9ad964f29e20171361a2f8f,7195021741610223892259576845066512574785561048788861161980758791198006473869,BUY,0.99,101.00516,99.9951084,1773873705,Down,1,"Bitcoin Up or Down - March 18, 6:30PM-6:45PM ET",btc-updown-15m-1773873000,0xb02216007f056aa2bec98481dd8871c6dff9ed44ec8faa6c96e1d368fd625d6d
f86c7ef43fa9c5ef513805b4dbd7d9fe3cab89a1,0xd34f2b5e9ee02bed8a107fdf9bda2d866dc61c95,0x915659b46b6a59fda6f364918d0fa67a114eea21b9ad964f29e20171361a2f8f,7195021741610223892259576845066512574785561048788861161980758791198006473869,BUY,0.99,638.33232,631.9489968,1773873707,Down,1,"Bitcoin Up or Down - March 18, 6:30PM-6:45PM ET",btc-updown-15m-1773873000,0xc4f7f015e73e950757e03b09d3e7b71eb53a293fb784c1cca4a442c1bbcd25a0
3db17dd32bea75d3545cb72c7c36386892097c1b,0xd34f2b5e9ee02bed8a107fdf9bda2d866dc61c95,0x4596ae4d537e6d299512c295d608eb21b259e0bbb40837b66df3678953fb473d,80917524602448853676075660752128782060636507818511640333424060881187404072492,BUY,0.99,746.78152,739.3137048,1773874679,Up,0,"Bitcoin Up or Down - March 18, 6:45PM-7:00PM ET",btc-updown-15m-1773873900,0x8b41eedb7d278af58d6362669c41666cdb4a7250816df8b94d30a874e77b7595
038be9b8ce6cdd6dd971c194ea86d73f036a0f47,0xd34f2b5e9ee02bed8a107fdf9bda2d866dc61c95,0xed4584abd131e3e2e8a50ee0729f9645a3bd918079e4b4f5d44e5d7ded2bdcc2,82241306185403667839238009947254916376995707445799536209673132687626700415113,BUY,0.8944599298,831.197,743.4724102699706,1773875437,Up,0,"Bitcoin Up or Down - March 18, 7:00PM-7:15PM ET",btc-updown-15m-1773874800,0x8006737ff2605d0da4b6575d73ef66a4a5dfd580df6b79ddf8d19fdeecec5cb4
405bb8d001ff776ad437f0cbd331310f6ac0b143,0xd34f2b5e9ee02bed8a107fdf9bda2d866dc61c95,0x2bbce1c192cb3602d9f5b914761a5d18c3a65a16db6c18664b37a5ca775bd8b1,34955128325227822919006683520357937577157995922642884038175886655737950121891,BUY,0.2799999731,17.494281,4.898398209403842,1773875969,Up,0,"Bitcoin Up or Down - March 18, 7:15PM-7:30PM ET",btc-updown-15m-1773875700,0x76858d0128fdbcc20af6fccf41feafa71fbb7edcb694de3d8c3ea1a5cb25447c
9d48be91160304a2ca8bdf06fdeb19dd1286505f,0xd34f2b5e9ee02bed8a107fdf9bda2d866dc61c95,0x2bbce1c192cb3602d9f5b914761a5d18c3a65a16db6c18664b37a5ca775bd8b1,34955128325227822919006683520357937577157995922642884038175886655737950121891,SELL,0.35,17.67,6.1845,1773876017,Up,0,"Bitcoin Up or Down - March 18, 7:15PM-7:30PM ET",btc-updown-15m-1773875700,0x198522b2e5bf7a4352337a5063ead14866bf1f85bc70f611ec02eb96499749b4
d99d4d5e7fdf833c56536e46c761c94135e6f6dd,0xd34f2b5e9ee02bed8a107fdf9bda2d866dc61c95,0x2bbce1c192cb3602d9f5b914761a5d18c3a65a16db6c18664b37a5ca775bd8b1,66462489440742170727862747964156312964012739219847352746388744623151085491990,BUY,0.6877510532,142.048688,97.6941347776782,1773876121,Down,1,"Bitcoin Up or Down - March 18, 7:15PM-7:30PM ET",btc-updown-15m-1773875700,0x238fa79c726c228cfdffff69a0f971d29bb139576d16aaea8e28f9ba9e1e2824
a61d7009fc61af29e8874b180c39ab17aaa265b4,0xd34f2b5e9ee02bed8a107fdf9bda2d866dc61c95,0x2bbce1c192cb3602d9f5b914761a5d18c3a65a16db6c18664b37a5ca775bd8b1,66462489440742170727862747964156312964012739219847352746388744623151085491990,BUY,0.7680407279,128.135206,98.41305688585645,1773876137,Down,1,"Bitcoin Up or Down - March 18, 7:15PM-7:30PM ET",btc-updown-15m-1773875700,0x16f049902a7eb0907f51b4adfc29291f3b840986965840dd3370748b4c79384d
0b738fd1feedeb52aefa37609c8baf28883317dd,0xd34f2b5e9ee02bed8a107fdf9bda2d866dc61c95,0x2bbce1c192cb3602d9f5b914761a5d18c3a65a16db6c18664b37a5ca775bd8b1,66462489440742170727862747964156312964012739219847352746388744623151085491990,SELL,0.7147418374,272.89,195.045900008086,1773876277,Down,1,"Bitcoin Up or Down - March 18, 7:15PM-7:30PM ET",btc-updown-15m-1773875700,0x5367e743558b6c4a6c5c47f7b215b221437d4d513b6a1724d643d77737ca47d2
11f5e6f210fae95143152f18dc4e156fdb269b05,0xd34f2b5e9ee02bed8a107fdf9bda2d866dc61c95,0x2bbce1c192cb3602d9f5b914761a5d18c3a65a16db6c18664b37a5ca775bd8b1,34955128325227822919006683520357937577157995922642884038175886655737950121891,BUY,0.85,11.66908,9.918717999999998,1773876517,Up,0,"Bitcoin Up or Down - March 18, 7:15PM-7:30PM ET",btc-updown-15m-1773875700,0x0466d553262b4ccf246dc056c66dcc2d09a515696a03754d0f226da5d7b6888c
1b2d55c98a2e837414ff3ca482ef9c4eb84f01f3,0xd34f2b5e9ee02bed8a107fdf9bda2d866dc61c95,0x2bbce1c192cb3602d9f5b914761a5d18c3a65a16db6c18664b37a5ca775bd8b1,34955128325227822919006683520357937577157995922642884038175886655737950121891,SELL,0.9,11.72,10.548,1773876529,Up,0,"Bitcoin Up or Down - March 18, 7:15PM-7:30PM ET",btc-updown-15m-1773875700,0xbf56aed317e986a90e147f51e3e7d75be7ca7e06b8a20c173182c87002135056
e57ab195e1cf45494cd50846fc52a5da675b9e3f,0xd34f2b5e9ee02bed8a107fdf9bda2d866dc61c95,0x556d258df4619caee7101ae5837329f16a0d6050e26760fe253a03d14598183b,64772569009797105989779101116128650600167709024369876018515036092652539011879,BUY,0.369999998,262.927629,97.28322220414475,1773876649,Down,1,"Bitcoin Up or Down - March 18, 7:30PM-7:45PM ET",btc-updown-15m-1773876600,0x199d852d159eb15ddaa11462df135c34578474e279391312c0f8011aa3cc30f7
0fccb912a0374ff16e3eb572cc5242906110c6ca,0xd34f2b5e9ee02bed8a107fdf9bda2d866dc61c95,0xc9811a3634a00302ace32a51c1656cebd052384c073999bfbc9366e9f4f3d15a,44017374101900942564300252102128881672932566159151738089460360870516677838035,BUY,0.32,30.51016,9.7632512,1773877659,Down,1,"Bitcoin Up or Down - March 18, 7:45PM-8:00PM ET",btc-updown-15m-1773877500,0x109f163cbbceb682ad654ca4608e90d0dfd396e712f7df6527a56a0c1d047118
3e864fe6011c8da0d4d46f89d31d30046a0f9dd4,0xd34f2b5e9ee02bed8a107fdf9bda2d866dc61c95,0xc9811a3634a00302ace32a51c1656cebd052384c073999bfbc9366e9f4f3d15a,44017374101900942564300252102128881672932566159151738089460360870516677838035,BUY,0.3399999633,14.335641,4.874117413881975,1773877661,Down,1,"Bitcoin Up or Down - March 18, 7:45PM-8:00PM ET",btc-updown-15m-1773877500,0xc405d112faf94f8318f2ab4ef40218f99635f46df60f63de2d877453635c83e4
67ee1be08e25f58e7067f387bccf7df2d36965d2,0xd34f2b5e9ee02bed8a107fdf9bda2d866dc61c95,0xc9811a3634a00302ace32a51c1656cebd052384c073999bfbc9366e9f4f3d15a,44017374101900942564300252102128881672932566159151738089460360870516677838035,SELL,0.37,45.4,16.798,1773877707,Down,1,"Bitcoin Up or Down - March 18, 7:45PM-8:00PM ET",btc-updown-15m-1773877500,0x521b7ddcaba93f194a08f277fb57074a0ab1c03422cccb98e3ac1200c30f1bb6
3239d5ce7e4b14d2c8342721d532b6679713651d,0xd34f2b5e9ee02bed8a107fdf9bda2d866dc61c95,0xc9811a3634a00302ace32a51c1656cebd052384c073999bfbc9366e9f4f3d15a,44017374101900942564300252102128881672932566159151738089460360870516677838035,BUY,0.3782223538,257.083575,97.23475485981884,1773877727,Down,1,"Bitcoin Up or Down - March 18, 7:45PM-8:00PM ET",btc-updown-15m-1773877500,0x7ae4550e560f77dbcda7812003e4f24ac49dafa973f59c83d50a626243b5e2f6
75b9b8a0c518818f556f4849e786bd1c8b18cb36,0xd34f2b5e9ee02bed8a107fdf9bda2d866dc61c95,0xc9811a3634a00302ace32a51c1656cebd052384c073999bfbc9366e9f4f3d15a,44017374101900942564300252102128881672932566159151738089460360870516677838035,SELL,0.44,260.73,114.72120000000001,1773877863,Down,1,"Bitcoin Up or Down - March 18, 7:45PM-8:00PM ET",btc-updown-15m-1773877500,0x1fa41295c2bc4b5cd653a290288ae8549fe1217d2513a2f5c98efaaee1775fb7
ec26b7d0e92bfc1869b53de7039d12173161d9f5,0xd34f2b5e9ee02bed8a107fdf9bda2d866dc61c95,0xc9811a3634a00302ace32a51c1656cebd052384c073999bfbc9366e9f4f3d15a,44017374101900942564300252102128881672932566159151738089460360870516677838035,BUY,0.8632236797,11.503736,9.93029732021736,1773878397,Down,1,"Bitcoin Up or Down - March 18, 7:45PM-8:00PM ET",btc-updown-15m-1773877500,0xaa84e14578be6fe75b2753a2da0b52406f540deeca7ecf35f5a25961435643be
51ee0357a85794ee7cd734d4c31196aa517868e7,0xd34f2b5e9ee02bed8a107fdf9bda2d866dc61c95,0x638081fb8f96e7ba44dc7f7bb6329ab92198602beaeeb0ca981fd53f1732bbfb,4820384161136594808469929888234250540314869704849004463123775567397027270571,BUY,0.995,100.50116,99.9986542,1773879221,Down,1,"Bitcoin Up or Down - March 18, 8:00PM-8:15PM ET",btc-updown-15m-1773878400,0x83f024403b46a9c4c3b46f1fbf7a16de1184aac93e5c9eb1a4b0b0e268929b37
f28ad2131d65eb06530e42a10a925207526d0775,0xd34f2b5e9ee02bed8a107fdf9bda2d866dc61c95,0x3935c433829df636340ddbb317debce0883e7ec6183c0a1469e9c814e308ad7c,77402127835207236394753016219197662556941393288481407591038848335673749412185,BUY,0.3599999921,54.081014,19.46916461275999,1773879593,Up,0,"Bitcoin Up or Down - March 18, 8:15PM-8:30PM ET",btc-updown-15m-1773879300,0x02d5ebd677df2828c67e4761d878446bf70a75e53a01b0ec889f0fd5ba3ca2fa
7c2c2f9371f1c0e9cdafafe85b4f8a2f0cda199e,0xd34f2b5e9ee02bed8a107fdf9bda2d866dc61c95,0x3935c433829df636340ddbb317debce0883e7ec6183c0a1469e9c814e308ad7c,77402127835207236394753016219197662556941393288481407591038848335673749412185,SELL,0.32,54.81,17.5392,1773879767,Up,0,"Bitcoin Up or Down - March 18, 8:15PM-8:30PM ET",btc-updown-15m-1773879300,0xaae3a7b7e35a566404e98286007e19a953ae72c22c82f63d7e59d1f4896b0450
d12ced780416687e5150c42848d563b0436bb548,0xd34f2b5e9ee02bed8a107fdf9bda2d866dc61c95,0x372d51b8683173623df3cc9f0bce2e1e0974c51e9e9b9a56308c32b684eba7fb,23689770098718805781886623168161478411291962810190492311553041321488568414983,BUY,0.04,249.81568,9.9926272,1773880697,Up,0,"Bitcoin Up or Down - March 18, 8:30PM-8:45PM ET",btc-updown-15m-1773880200,0x74e4f6a7ed427bcb9805b5ad418be695988a674a776a67e0151b5add2350e151
05b2593e82cd161f77248a90af46b0fd84558581,0x91327ef84dca65ca90eea309c5d455daee4b8256,0xf412ee89699dbbec81c111e74f0b5cc84f5049e9f436c31652f5051b9990ff59,79303065530955895530989528513308042752426804156573882491532872853270358009009,BUY,0.997,784.45,782.0966500000001,1773887649,No,1,Will Crude Oil (CL) hit (LOW) $70 by March 20?,will-crude-oil-cl-hit-week-of-march-16,0xb644329d10150de9f0e339c87179559dc7649823dfad281dc62915b20f880fe6
df35835f7372b7912994c8142a669fc63c40c5a0,0x91327ef84dca65ca90eea309c5d455daee4b8256,0xf412ee89699dbbec81c111e74f0b5cc84f5049e9f436c31652f5051b9990ff59,79303065530955895530989528513308042752426804156573882491532872853270358009009,BUY,0.997,162.73,162.24181,1773887659,No,1,Will Crude Oil (CL) hit (LOW) $70 by March 20?,will-crude-oil-cl-hit-week-of-march-16,0x06144dcafa65bf800cec89e6e406a77c032025ffa1eb5ee2d9eef30d7dcc60d8
b492d2fc59bc43bbc0e9f67088b84fdf628a11c7,0xd34f2b5e9ee02bed8a107fdf9bda2d866dc61c95,0xf1cd69d04f555534decf0961580c145e3b2ecd640b6cb5f3b103b015a06693f3,107415826716350765388351170890807773450538747260013800202238339447490135617783,BUY,0.992,700.0,694.4,1773889181,Grizzlies,1,Nuggets vs. Grizzlies,nba-den-mem-2026-01-25,0x168aa57a62924d9087b57816a2976b37d1f3da61551a63558bce4d3bf2c2bdfc
da08fc7b533d5c3c37ba1265185aff654c66bf01,0xd34f2b5e9ee02bed8a107fdf9bda2d866dc61c95,0xf1cd69d04f555534decf0961580c145e3b2ecd640b6cb5f3b103b015a06693f3,107415826716350765388351170890807773450538747260013800202238339447490135617783,SELL,0.999,700.0,699.3,1773890553,Grizzlies,1,Nuggets vs. Grizzlies,nba-den-mem-2026-01-25,0x56639ffe780b7bb65e824471d4e25f99880e22ed47ada12dd4dbc47313b043cb
be3d0f5000b7845a9ed7b56ef391c282d3c91046,0xd34f2b5e9ee02bed8a107fdf9bda2d866dc61c95,0x7733c66dc48654789c7fb319ff0a2f8e857722302213e994925fa6b9c5a814a2,54243614841750931071316833692940221742207950103534282918342934456258529787542,BUY,0.995,599.99258,596.9926171,1773890703,Up,0,"Bitcoin Up or Down - March 18, 11:15PM-11:30PM ET",btc-updown-15m-1773890100,0x5d40e9de7dfd3e244cbcfb9c49947d2f4198afac44e954483c28ff8c6fd79559
45e94533db01be3fabcb49661656a63cce37cdbe,0xd34f2b5e9ee02bed8a107fdf9bda2d866dc61c95,0x475193a9d67a78470f7c83679cbfc8d84dc712b636c6e8672233f42555260da6,113235521459128782017831674318946328717594443475916228424313989069464629897096,BUY,0.95,5.57074,5.292203,1773896963,Under,1,Saint Joseph's Hawks vs. Colorado State Rams: O/U 144.5,cbb-stjoe-colst-2026-03-18,0x860f6419acfed02aebe6e3b746fe34412c954c4e4563717a0ccc6d43d30cd6d9
4f01c949a8e3355a0e4ef9976929e6ff6f4fa8d5,0xd34f2b5e9ee02bed8a107fdf9bda2d866dc61c95,0x475193a9d67a78470f7c83679cbfc8d84dc712b636c6e8672233f42555260da6,113235521459128782017831674318946328717594443475916228424313989069464629897096,BUY,0.95,8.15642,7.7485990000000005,1773896969,Under,1,Saint Joseph's Hawks vs. Colorado State Rams: O/U 144.5,cbb-stjoe-colst-2026-03-18,0xe73042bfa21d232f5799dc58600078e6a2f0882d84bfb59388922c0d61226843
9fefdf1e5f9d9393457ad73a235a1c220255b15e,0xd34f2b5e9ee02bed8a107fdf9bda2d866dc61c95,0x3d925c78a39bee364e80fb90f2c882692bed296b7a9af91dbd87a1226999f6f8,60592298714514950164020125825484935107591711964441375299211670061994716762516,BUY,0.93,4.98862,4.639416600000001,1773897005,Under,1,Saint Joseph's Hawks vs. Colorado State Rams: O/U 142.5,cbb-stjoe-colst-2026-03-18,0x6ec53dee6e26353465bf74cffb6d6097fa85c2884ed451d657914327b71ac0ee
fa48461a8ae2ab8c038c976f4aa02b140c9b0f86,0xd34f2b5e9ee02bed8a107fdf9bda2d866dc61c95,0x22ebb3584b7d5434eac23e9990fc136623de44295bb8e9f3750d0515f76d285c,1918982514211706735309724373829409214115060852730250297670903684931723074949,BUY,0.95,5.57074,5.292203,1773897015,Under,1,Saint Joseph's Hawks vs. Colorado State Rams: O/U 139.5,cbb-stjoe-colst-2026-03-18,0x6b2da630e43967561b802ec722de5f40cb2551a376198ffd8a734880c0c2ad77
680bd55888301a2c12ad3e2113afb9fb90f7cc09,0xd34f2b5e9ee02bed8a107fdf9bda2d866dc61c95,0x7545f7fb7cb72a1a17062d1f66e1d9a7a1b53c0b20d926c08dec2f261c8e3dec,4400051514217269681524139021329285041766832332784818767525992340381135134265,BUY,0.95,5.57074,5.292203,1773897023,Under,1,Saint Joseph's Hawks vs. Colorado State Rams: O/U 138.5,cbb-stjoe-colst-2026-03-18,0x64259002c414ab592694aee2c568b096418348d8f372db01951fe88b192393e2
9c42f665131aa0c5d876886c143ac5184c33c98f,0xd34f2b5e9ee02bed8a107fdf9bda2d866dc61c95,0x7545f7fb7cb72a1a17062d1f66e1d9a7a1b53c0b20d926c08dec2f261c8e3dec,4400051514217269681524139021329285041766832332784818767525992340381135134265,BUY,0.9552741021,10.56418,10.091687563922777,1773897025,Under,1,Saint Joseph's Hawks vs. Colorado State Rams: O/U 138.5,cbb-stjoe-colst-2026-03-18,0x3bc21ce2da98ea55db2ccff1d3e73d6e893af9af077d8100d95f81e5e487ab1e
01319d3e01bf333345fc05dba198f4bfc0840c77,0xd34f2b5e9ee02bed8a107fdf9bda2d866dc61c95,0x7545f7fb7cb72a1a17062d1f66e1d9a7a1b53c0b20d926c08dec2f261c8e3dec,4400051514217269681524139021329285041766832332784818767525992340381135134265,BUY,0.96,4.99328,4.7935488,1773897029,Under,1,Saint Joseph's Hawks vs. Colorado State Rams: O/U 138.5,cbb-stjoe-colst-2026-03-18,0xfa7de0490b8060b78f81861fb184973c96f39289afe51242e821f8be77e0275a
2076710fd621fe828b9c59e69a3e579e009573ba,0xd34f2b5e9ee02bed8a107fdf9bda2d866dc61c95,0x7545f7fb7cb72a1a17062d1f66e1d9a7a1b53c0b20d926c08dec2f261c8e3dec,4400051514217269681524139021329285041766832332784818767525992340381135134265,BUY,0.98,29.97942,29.3798316,1773897051,Under,1,Saint Joseph's Hawks vs. Colorado State Rams: O/U 138.5,cbb-stjoe-colst-2026-03-18,0xf7db9a0ad769f675e60ccee0eedb4d2af311e977782a82ed8ddd263af613d5ee
9b58cedbbda22c331da7b99052e77893d94821c6,0xd34f2b5e9ee02bed8a107fdf9bda2d866dc61c95,0x22ebb3584b7d5434eac23e9990fc136623de44295bb8e9f3750d0515f76d285c,1918982514211706735309724373829409214115060852730250297670903684931723074949,BUY,0.9577738201,22.42822,21.481161947443223,1773897055,Under,1,Saint Joseph's Hawks vs. Colorado State Rams: O/U 139.5,cbb-stjoe-colst-2026-03-18,0x2fd67278ab82b9fa15dbfa17133ecd0ae302dbd028a5b77f471d0e40da9efdce
0c1bcd189a06b7ec0506eedc1579ede7705b079a,0xd34f2b5e9ee02bed8a107fdf9bda2d866dc61c95,0x22ebb3584b7d5434eac23e9990fc136623de44295bb8e9f3750d0515f76d285c,1918982514211706735309724373829409214115060852730250297670903684931723074949,BUY,0.98,29.97942,29.3798316,1773897125,Under,1,Saint Joseph's Hawks vs. Colorado State Rams: O/U 139.5,cbb-stjoe-colst-2026-03-18,0xbd09c42c0c882a2e27f2c977b5d303037c5363029bfc47f350f56d17cc843f18
5006e6aeecb73c10a156b204f476e1d794152e47,0xd34f2b5e9ee02bed8a107fdf9bda2d866dc61c95,0xbd3c6179513b0c010dbc797fa27ef502dfbb69f59d305ebc09ea3c735f62a1d7,90333777823692586607717950846205601767247506063809853071912446035393208742099,BUY,0.9798958139,535.21072,524.4507440824051,1773897165,Under,1,Saint Joseph's Hawks vs. Colorado State Rams: O/U 133.5,cbb-stjoe-colst-2026-03-18,0x8916f069e60e6235d06181d5003319047a9a0a371b8261dcee122eb6b24fab16
903d96fa84e62693e9a5852fbf89124c42194978,0xd34f2b5e9ee02bed8a107fdf9bda2d866dc61c95,0xbd3c6179513b0c010dbc797fa27ef502dfbb69f59d305ebc09ea3c735f62a1d7,90333777823692586607717950846205601767247506063809853071912446035393208742099,BUY,0.97,4.99492,4.845072399999999,1773897173,Under,1,Saint Joseph's Hawks vs. Colorado State Rams: O/U 133.5,cbb-stjoe-colst-2026-03-18,0x7017acb0b6749abbdd47a8df89a695c658a6fa15c48cb0b80a5027c3d9c4e1ce
b95e1c92bdca87c688d61220e6e1a24fd5385c73,0xd34f2b5e9ee02bed8a107fdf9bda2d866dc61c95,0xdc0bee9bef8e474d6d3ab652274793f027761d61fa4c66ff931717d91e85bd3a,12154869380247811866274282527037280256782419031130383412547784668320284153034,BUY,0.94,25.95866,24.401140399999996,1773902657,Down,1,"Bitcoin Up or Down - March 19, 2:30AM-2:45AM ET",btc-updown-15m-1773901800,0x7d52d74ceeaa4848e456d49725a1dac030f28671a859df837877f8a4ff025847
40af8ad6ea23368578c2a1de1cc9d14c28021430,0xd34f2b5e9ee02bed8a107fdf9bda2d866dc61c95,0x7a4349174ecce7ddbb534a769628724b607c4adb0fe8737de8685c33b68e5e19,28797107387738181138698429245197706484488698249943673969859903183189183065726,BUY,0.9909444444,89.99638,89.18141277711128,1773904217,Down,1,"Bitcoin Up or Down - March 19, 3:00AM-3:15AM ET",btc-updown-15m-1773903600,0x4d96fde7d89943317d804d54151df90de2d5fe19d2a2d1de7f5acbfb78f63829
3afff1df5292961812349274c2330a72fc480de0,0xd34f2b5e9ee02bed8a107fdf9bda2d866dc61c95,0xf8f54e8f5fcdd45aa8b74a98d23f005426d5e522719bb0adbed4ee0cda14dd74,75391245910723724063990005979165052587152093226530994339135888314706012450835,BUY,0.99,9.99952,9.8995248,1773912313,Up,0,"Bitcoin Up or Down - March 19, 5:15AM-5:30AM ET",btc-updown-15m-1773911700,0x666c0e73d73a01283eee705d018269e4a273439b87115c08b3390fdd93250665
43940372d9994212bb3442adb735c07ce0cee252,0xd34f2b5e9ee02bed8a107fdf9bda2d866dc61c95,0xf8f54e8f5fcdd45aa8b74a98d23f005426d5e522719bb0adbed4ee0cda14dd74,75391245910723724063990005979165052587152093226530994339135888314706012450835,BUY,0.956,99.91154,95.51543224,1773912393,Up,0,"Bitcoin Up or Down - March 19, 5:15AM-5:30AM ET",btc-updown-15m-1773911700,0x00817f155a4ad0171f281c68186093b21bd9610474c8913655bce0e1ab9e685f
a4b8f88061ad72aa5ec67d1afd32423796ccaf8f,0xd34f2b5e9ee02bed8a107fdf9bda2d866dc61c95,0x1f9606998328dfd2dc7a4c574d6bf583654ee20bcd4e5a3adf297efdfe31c8fd,13676687220596603628347923407774703510072928438169179772798285220429221388777,BUY,0.98,24.98286,24.483202799999997,1773945279,Under,1,Troy Trojans vs. Nebraska Cornhuskers: O/U 141.5,cbb-troy-nebr-2026-03-19,0x72b57016656e16ad58be51a53b2d7fa71fd2b8d78aadb804a5392046bd657b44
f51c5f8568f71158f1c1f88c25578f54910eedf4,0xd34f2b5e9ee02bed8a107fdf9bda2d866dc61c95,0xa617bf663a894be631936ff1361722ad07deeec7835f46f82d5db03a00f2c67f,36560996538999287772789168474535495782342846028844589271861884994713139611755,BUY,0.96,5.57252,5.349619199999999,1773945317,Under,1,Troy Trojans vs. Nebraska Cornhuskers: O/U 140.5,cbb-troy-nebr-2026-03-19,0x485258383dc2b2642edcd1a4c4cac08550b162e39a1558d7f717fac14920fe5e
a969302fe0a4e9cdf169021bf81570db3d86afef,0xd34f2b5e9ee02bed8a107fdf9bda2d866dc61c95,0x379a4f6b314b8bf6a63411ba9b23bc297b79cf5e8df71c7fd65f5afd04ef6574,39437939140973204571829364385704641608957606918674515273757784215539892069154,BUY,0.93,5.5673,5.177589,1773945341,Under,1,Troy Trojans vs. Nebraska Cornhuskers: O/U 138.5,cbb-troy-nebr-2026-03-19,0x6c8d66524c14ec421ca4b2f3cd046145596fd44a510c4a69487d6c95952e77ee
ee8aa4137c65009860f36f0fbf058a97f294c432,0xd34f2b5e9ee02bed8a107fdf9bda2d866dc61c95,0x8a8af61b59671869aaa28db7fadd9ac2dc4b58f2e099c4a5956e59d2976e03c4,63606993169912156480544347188593305139869405140247187618062035901751554478602,BUY,0.99,5.57808,5.5222992,1773945407,Under,1,Troy Trojans vs. Nebraska Cornhuskers: O/U 137.5,cbb-troy-nebr-2026-03-19,0x67c4c332a88fd6372a7e6d9cc1cd100b023cde7b22228d995f7d63fea96f113d
af42c374f26910743759a9241f1dc5eb9199dd85,0xd34f2b5e9ee02bed8a107fdf9bda2d866dc61c95,0x1c3864851c652cad82cdc41d67c611d5eada28cf16f09626167fbdb41579ffe3,103942622139049673074298756873055511146669503953080375203258422315526878012080,BUY,0.468752,96.89938,45.421778173759996,1773987911,Up,0,"Bitcoin Up or Down - March 20, 2:20AM-2:25AM ET",btc-updown-5m-1773987600,0xbf3119d1839f9ac5c1fc08dce3d614964ce878815678402138a6cd402d7bdb5a
2dcc30d117b76f112f576d592fb55e5066ac9f20,0xd34f2b5e9ee02bed8a107fdf9bda2d866dc61c95,0x1c3864851c652cad82cdc41d67c611d5eada28cf16f09626167fbdb41579ffe3,103942622139049673074298756873055511146669503953080375203258422315526878012080,BUY,0.51,96.8775,49.407525,1773987913,Up,0,"Bitcoin Up or Down - March 20, 2:20AM-2:25AM ET",btc-updown-5m-1773987600,0x6b1a181673e504900c17939e033d28c12406ec0ae22ce1ae09d9186a867c0339
451d6fdba0dcb140ff4aa406320629d194cfd2d7,0xd34f2b5e9ee02bed8a107fdf9bda2d866dc61c95,0x79c82efe54b0333183fa3929356e9597ddede0af537d2ed42b1053c53984c514,26038828011956295000369055044471354131331833861485746541363001923447988020595,BUY,0.921935,99.74102,91.9547372737,1773988181,Down,1,"Bitcoin Up or Down - March 20, 2:25AM-2:30AM ET",btc-updown-5m-1773987900,0x7655a2fa9b68014d51f69c12c0d3950c376d24fc3565972ade98d2e84d60e843
4825b3fbb0fab1394e413d4c2e4350d45dc1fba9,0xd34f2b5e9ee02bed8a107fdf9bda2d866dc61c95,0x79c82efe54b0333183fa3929356e9597ddede0af537d2ed42b1053c53984c514,26038828011956295000369055044471354131331833861485746541363001923447988020595,BUY,0.85,99.1872,84.30912000000001,1773988191,Down,1,"Bitcoin Up or Down - March 20, 2:25AM-2:30AM ET",btc-updown-5m-1773987900,0x68e5a2e80340ce4dea94ffdd75830ff94abee5726dfb968ca4c187afece8f595
a9ca6af8a093bbb1e3446a5d4d340d4b0acd1378,0xd34f2b5e9ee02bed8a107fdf9bda2d866dc61c95,0x79c82efe54b0333183fa3929356e9597ddede0af537d2ed42b1053c53984c514,26038828011956295000369055044471354131331833861485746541363001923447988020595,BUY,0.47,9.68976,4.554187199999999,1773988201,Down,1,"Bitcoin Up or Down - March 20, 2:25AM-2:30AM ET",btc-updown-5m-1773987900,0xd7e81cd3242e8b6afaf196464339895334fa63fa45a04bcf75c36cfd35961187
946962aca731b87a8b12f29dc6854aaacf0e4fbe,0xd34f2b5e9ee02bed8a107fdf9bda2d866dc61c95,0xf412ee89699dbbec81c111e74f0b5cc84f5049e9f436c31652f5051b9990ff59,79303065530955895530989528513308042752426804156573882491532872853270358009009,SELL,0.998,150.0,149.7,1773988543,No,1,Will Crude Oil (CL) hit (LOW) $70 by March 20?,will-crude-oil-cl-hit-week-of-march-16,0x296fd05775723023c8ae0524a8ae873abf2530c5ed7ea544291c420c8f6fc761
548f70ff463e442add6c43fe6af7d53cb828ea69,0xd34f2b5e9ee02bed8a107fdf9bda2d866dc61c95,0xd25b2fc3a916b317d71b398c5d0f81ad33fe1da6b56d6c9f717332d31584504e,86620530406157559149607427304423476709238424342859385697887050586116236047982,SELL,0.9856479397,3327.47,3279.7139499135587,1773988545,No,1,Will Reza Pahlavi enter Iran by March 31?,will-reza-pahlavi-enter-iran-by-june-30,0x6f99bb2e9c6b1ea3f58b3c27f15d026c8055d2fa9ef5e7ccf9ae9fe1c3040339
c9d163d20324f2c530f47afef70f1d236d6aa66d,0xd34f2b5e9ee02bed8a107fdf9bda2d866dc61c95,0x9d6fea30d712f07830bb80a280c022f55ae9212359080e0e4c0545fac9632dd1,12394802636038218688670715268516342175996671480969167811711433265448283957149,BUY,0.9981754188,345.62944,344.99881102160947,1773989101,Down,1,"Bitcoin Up or Down - March 20, 2:30AM-2:45AM ET",btc-updown-15m-1773988200,0xff7a738a55a5dc2ea74a3b94e327aa2016a7da0dd440a4b47f49c4932471cede
c8a6fa8ba5f5f72d115f4bf8d8aca110c160dcf7,0xd34f2b5e9ee02bed8a107fdf9bda2d866dc61c95,0x21b9ec091e3011336c59a2afdb5eac21412c8fb45add88e2f890de24758a67d3,2581524338611606688842262469033630585245947971588942783392866910144281666673,BUY,0.996,519.76588,517.6868164800001,1774018905,Yes,0,"Will the price of Bitcoin be above $68,000 on March 20?",bitcoin-above-on-march-20,0xa20059616978001f4cf12b98ba0959edf5537d7a599ea9c9ee9d767ec1197b54
6509d04c627df4d9273e42acc4e812d1014c1ab8,0xd34f2b5e9ee02bed8a107fdf9bda2d866dc61c95,0x21b9ec091e3011336c59a2afdb5eac21412c8fb45add88e2f890de24758a67d3,2581524338611606688842262469033630585245947971588942783392866910144281666673,BUY,0.996,49.99962,49.79962152,1774018911,Yes,0,"Will the price of Bitcoin be above $68,000 on March 20?",bitcoin-above-on-march-20,0xacfd8c04a28b45f53b6fe3b8599e546d2e60ed2acc2a1d00c5a9e1168622a0af
f688d7dcfd634d478afe288d41711758e6b82d35,0xd34f2b5e9ee02bed8a107fdf9bda2d866dc61c95,0x21b9ec091e3011336c59a2afdb5eac21412c8fb45add88e2f890de24758a67d3,2581524338611606688842262469033630585245947971588942783392866910144281666673,BUY,0.997,99.99956,99.69956132,1774018917,Yes,0,"Will the price of Bitcoin be above $68,000 on March 20?",bitcoin-above-on-march-20,0xc04e7ae4579d7267aef40b0cd68ce26ae5ddb53cf03ad197c0a9b33f71e5c925
40cda2af32463b779a9e419767c7d04150a656c4,0xd34f2b5e9ee02bed8a107fdf9bda2d866dc61c95,0x21b9ec091e3011336c59a2afdb5eac21412c8fb45add88e2f890de24758a67d3,2581524338611606688842262469033630585245947971588942783392866910144281666673,BUY,0.997,99.99956,99.69956132,1774018935,Yes,0,"Will the price of Bitcoin be above $68,000 on March 20?",bitcoin-above-on-march-20,0x4cd5623da535aefd610e1b0e5e01371510423aec142048acf4fd105a8fc38d96
6ecb5bc5b047726368c1e15583238484ea478d01,0xd34f2b5e9ee02bed8a107fdf9bda2d866dc61c95,0x852a4dfdc090c0ffe3b8518ed96c09aad2798aca0679fba3c8f895e8027119c4,27531998172925488232327419718348165812184214072657856377804246713996475785855,BUY,0.997,30.77,30.67769,1774022055,Yes,0,"Will S&P 500 (SPX) close over 5,925 on Friday of the week of Mar 16 – Mar 20?",spx-above-on-march-20-2026,0x37fa90d91d6ae35c120d9df513a56f2a099eeea87c86e01b5e280feff55d42bc
cf6541ce15b82de127e40d6fb0d6c452aeeb482f,0xd34f2b5e9ee02bed8a107fdf9bda2d866dc61c95,0x852a4dfdc090c0ffe3b8518ed96c09aad2798aca0679fba3c8f895e8027119c4,27531998172925488232327419718348165812184214072657856377804246713996475785855,BUY,0.998,18.41,18.37318,1774022063,Yes,0,"Will S&P 500 (SPX) close over 5,925 on Friday of the week of Mar 16 – Mar 20?",spx-above-on-march-20-2026,0x357da49c0de78952a553894b81f45930d192f9491fa56a523e4a7054804cf806
030a346918985f0a4f98d4ebac53a2a0fcfd3466,0xd34f2b5e9ee02bed8a107fdf9bda2d866dc61c95,0x0099942cbdac2b28044b3f5be1869431da08718a620c00501fcdaabc105e7028,105678920647740899614517828544060700313422827272383778501304761721779792022017,BUY,0.998,266.71,266.17658,1774022081,Yes,0,"Will S&P 500 (SPX) close over 6,000 on Friday of the week of Mar 16 – Mar 20?",spx-above-on-march-20-2026,0x419bb9906b3afa7d3775a17e76b88438661f77431891d5a72d1a9f32d95be009
b1f56191661fe56be97500b82a7876652ce6dc29,0xd34f2b5e9ee02bed8a107fdf9bda2d866dc61c95,0x0099942cbdac2b28044b3f5be1869431da08718a620c00501fcdaabc105e7028,105678920647740899614517828544060700313422827272383778501304761721779792022017,BUY,0.999,10.0,9.99,1774022083,Yes,0,"Will S&P 500 (SPX) close over 6,000 on Friday of the week of Mar 16 – Mar 20?",spx-above-on-march-20-2026,0x8a986ab161ba3b8bc775d14b334a9e6b58d6db7d9fc7fb72a4e3ca421277e830
6f62d0686e80f7e84455caab276b1cd2f067ef93,0xd34f2b5e9ee02bed8a107fdf9bda2d866dc61c95,0x21b9ec091e3011336c59a2afdb5eac21412c8fb45add88e2f890de24758a67d3,2581524338611606688842262469033630585245947971588942783392866910144281666673,SELL,0.999,943.58,942.63642,1774022307,Yes,0,"Will the price of Bitcoin be above $68,000 on March 20?",bitcoin-above-on-march-20,0xf280c97f9f14d1318c62ff7c026b51067a7c594d09c5719bbc1c750d0754ca39
e2930db3a179b4b1c4740343dda9be9aeaedf5fe,0xd34f2b5e9ee02bed8a107fdf9bda2d866dc61c95,0x72ed0f5f2e6bbd6517ac01662454c7190130ba238b1e5a42772f9bf6435f1c10,39829697320176989985503028974666946383014229767454199726389166850858348791044,BUY,0.997,38.43,38.31471,1774023309,No,1,Will Amazon (AMZN) close at <$190 on the final day of trading of the week of Mar 16 – Mar 20?,amzn-week-march-20-2026,0x7a1da232b0b901032207bfa11f1a9fa016cb1b53b06b79da7c11e86bfa97165b
7afa3b5b0e6963251bd8d58880484bce339bfe6e,0xd34f2b5e9ee02bed8a107fdf9bda2d866dc61c95,0x9b94f627c6c7130d6f46b79a72ef5f5a03ce05399e31f4c2d9196e85b84ade9d,26660111313911343145195380635653744418367605043981949505659289421385638862276,BUY,0.997,37.81,37.69657,1774023317,No,1,Will Amazon (AMZN) close at $190-$195 on the final day of trading of the week of Mar 16 – Mar 20?,amzn-week-march-20-2026,0x9fe0f01ac848a133536d35e10e650e453960094a17151204b7b2e33b39e503aa
71dcc4f741cb5b501266f66f51769e0542c9f38b,0xd34f2b5e9ee02bed8a107fdf9bda2d866dc61c95,0xdff82001cc78f8558af7c47c1f3ca311881b67b38f0c2fa6ae74e580141c51fb,75537526610111970779307319073774753425201895609046926428369953648021810909201,BUY,0.99,8.0,7.92,1774023371,No,1,Will Amazon (AMZN) close at $195-$200 on the final day of trading of the week of Mar 16 – Mar 20?,amzn-week-march-20-2026,0x5acf73dc8b58fd1b5df066bd137938e23a28751c5366caf201cedfb3a3515cbe
198067475c92c1bef7fec524f83a3eec2869e78f,0xd34f2b5e9ee02bed8a107fdf9bda2d866dc61c95,0xdff82001cc78f8558af7c47c1f3ca311881b67b38f0c2fa6ae74e580141c51fb,75537526610111970779307319073774753425201895609046926428369953648021810909201,BUY,0.991,43.0,42.613,1774023407,No,1,Will Amazon (AMZN) close at $195-$200 on the final day of trading of the week of Mar 16 – Mar 20?,amzn-week-march-20-2026,0xda6a3bd906d239d02c5695904c0568b83737340e66e4c0d9ae46795f69de53b4
0ac8e2b5bb0b0e827344e747fe2b1055e98b1202,0xd34f2b5e9ee02bed8a107fdf9bda2d866dc61c95,0xdff82001cc78f8558af7c47c1f3ca311881b67b38f0c2fa6ae74e580141c51fb,75537526610111970779307319073774753425201895609046926428369953648021810909201,BUY,0.996,43.0,42.828,1774023423,No,1,Will Amazon (AMZN) close at $195-$200 on the final day of trading of the week of Mar 16 – Mar 20?,amzn-week-march-20-2026,0x26edbceeac8ed61dccdc329eda50ed82d239f38f3512f21140bc496b27e5ba66
ed966d44e56e9b5c80a1564c7a10731f572c013f,0xd34f2b5e9ee02bed8a107fdf9bda2d866dc61c95,0x00ed8ebe8aa11eb11583c30fdf56487fa9957cad226d55b65b5c0877036dd055,104322261177505124536017354515281860906151758724130256996058320622197203671031,BUY,0.996,17.36,17.29056,1774024301,Yes,0,"Will S&P 500 (SPX) close over 5,775 on Friday of the week of Mar 16 – Mar 20?",spx-above-on-march-20-2026,0x5d1939b36b23f37381e191cea70b7352083a4740ea9b29f977b29aca28a2bd1a
c180373202689918cb04941d84c7fa7fd44cb50a,0xd34f2b5e9ee02bed8a107fdf9bda2d866dc61c95,0x00ed8ebe8aa11eb11583c30fdf56487fa9957cad226d55b65b5c0877036dd055,104322261177505124536017354515281860906151758724130256996058320622197203671031,BUY,0.997,54.06,53.89782,1774024309,Yes,0,"Will S&P 500 (SPX) close over 5,775 on Friday of the week of Mar 16 – Mar 20?",spx-above-on-march-20-2026,0xde344586988d790d679d714d98836f61626ba53d240994f66df38abed330c2fe
48732494d5013d0b47601e33732bafe6efff35ed,0xd34f2b5e9ee02bed8a107fdf9bda2d866dc61c95,0x00ed8ebe8aa11eb11583c30fdf56487fa9957cad226d55b65b5c0877036dd055,104322261177505124536017354515281860906151758724130256996058320622197203671031,BUY,0.998,25.01,24.95998,1774024313,Yes,0,"Will S&P 500 (SPX) close over 5,775 on Friday of the week of Mar 16 – Mar 20?",spx-above-on-march-20-2026,0x9808b5b673400438461bd4b7f88d56cb19be762be4ee2610e7c8833face8c116
d247866687ecc5e67496912143ade446e15efc81,0xd34f2b5e9ee02bed8a107fdf9bda2d866dc61c95,0x00ed8ebe8aa11eb11583c30fdf56487fa9957cad226d55b65b5c0877036dd055,104322261177505124536017354515281860906151758724130256996058320622197203671031,BUY,0.998,172.68,172.33464,1774024343,Yes,0,"Will S&P 500 (SPX) close over 5,775 on Friday of the week of Mar 16 – Mar 20?",spx-above-on-march-20-2026,0xde1b9315e1a0a81a40184660bb80a4434214cd0e0b1e15752871d9a62ceeb840
3f21c2ca69240f12e866ad271df815637cb62cec,0xd34f2b5e9ee02bed8a107fdf9bda2d866dc61c95,0x9749a75db05d49980e10f2bc3aab9a4227d0e1feab81ca7f20449770e9c05744,97662770256635936134020597747829033105415949188550601658198628430383205763598,BUY,0.998,100.0,99.8,1774024521,Yes,0,Will Opendoor (OPEN) finish week of March 16 above $4.00?,open-above-on-march-20-2026,0x5b7b6a75bc5745ad7fe7c0ed7b52b4189d3dc78c79b0cb663ed90c2c0bfee357
7f8d359029242c9cd2fb26f496acab715b508b4f,0xd34f2b5e9ee02bed8a107fdf9bda2d866dc61c95,0x9749a75db05d49980e10f2bc3aab9a4227d0e1feab81ca7f20449770e9c05744,97662770256635936134020597747829033105415949188550601658198628430383205763598,BUY,0.998,46.99,46.89602,1774024525,Yes,0,Will Opendoor (OPEN) finish week of March 16 above $4.00?,open-above-on-march-20-2026,0x950d350744f84374b234868cff3eb34cd7ee2760988db72aa93d30e979c8c782
9acfe585ab8159a06918377be561cfb406ad7b75,0xd34f2b5e9ee02bed8a107fdf9bda2d866dc61c95,0x7a33b1e60af6e765fd950e522cb586ee86b0e4421504638f8a42238239098897,83991015420727803740245853859380609544656222608316554208838142363587233082098,BUY,0.998,141.98,141.69603999999998,1774024575,No,1,Will Opendoor (OPEN) finish week of March 16 above $7.50?,open-above-on-march-20-2026,0x5676c463c85f86b853fd652e153c9acee5290d776b30a267444eae987f806cab
db3e39232c9490727ed8157ae80952d71024359d,0xd34f2b5e9ee02bed8a107fdf9bda2d866dc61c95,0x810060451cdda81274a7f445978664689f6a02b8b4f311f9d0d4f8d3c7807d2e,40660289776140265532060919407977737245791197682117621035144823589896602131705,BUY,0.998,69.57,69.43086,1774024595,No,1,Will Opendoor (OPEN) close at $6.00-$7.00 on the final day of trading of the week of Mar 16 – Mar 20?,open-week-march-20-2026,0xc8c3443c4decd40304db9fec2a459898420de5d07dd69a81624e3cce4c82e645
2d4b2cbfd91bf2695881473c176d258722ab9df8,0xd34f2b5e9ee02bed8a107fdf9bda2d866dc61c95,0x155f79067c58827a70364405d240280dad8a2fe1e482e59a22666fbf584bb49d,11912881052805406668089106112095048518613875007874115595843278918985228399171,BUY,0.997,54.86,54.69542,1774025243,No,1,Will Tesla (TSLA) finish week of March 16 above $415?,tsla-above-on-march-20-2026,0x96ce4b48c0c14b63039a92c03ecab7b08dfd3c2b4d3a33a1a19e2a9a0fdc47ca
ffc7d897742a2893e957ab010f583d136fe39237,0xd34f2b5e9ee02bed8a107fdf9bda2d866dc61c95,0x155f79067c58827a70364405d240280dad8a2fe1e482e59a22666fbf584bb49d,11912881052805406668089106112095048518613875007874115595843278918985228399171,BUY,0.998,67.74,67.60452,1774025251,No,1,Will Tesla (TSLA) finish week of March 16 above $415?,tsla-above-on-march-20-2026,0x021d0868ea32b9403b4a148d5aa15e116d18f4e7d036301094977087d035bdf0
529196b3acd6a17e4688cc9dd45c0468d9440fbe,0xd34f2b5e9ee02bed8a107fdf9bda2d866dc61c95,0x72ed0f5f2e6bbd6517ac01662454c7190130ba238b1e5a42772f9bf6435f1c10,39829697320176989985503028974666946383014229767454199726389166850858348791044,BUY,0.998,209.76,209.34047999999999,1774025683,No,1,Will Amazon (AMZN) close at <$190 on the final day of trading of the week of Mar 16 – Mar 20?,amzn-week-march-20-2026,0xd913f115a82dcc795d5a0639cc92e80753fac0709c33e39eee1dd588b797989c
9d29b348145a7bbd815a1002b5c638af8b06c3d9,0xd34f2b5e9ee02bed8a107fdf9bda2d866dc61c95,0xfccb0fea18161857601c87dd7bd0c5a6de6775e90053baabb7b6fa0690cff0e7,109889799873933120538388391197054361872457952088262929473598280664283716854501,BUY,0.998,217.45,217.0151,1774025707,No,1,Will Amazon (AMZN) close at $225-$230 on the final day of trading of the week of Mar 16 – Mar 20?,amzn-week-march-20-2026,0xe1f2184fe16691106bcde7ecc498ed5ce9bc9940f8615c124d70ed214c9a1b55
bb68813bbc50b091733d72a7a7a59a7473748971,0xd34f2b5e9ee02bed8a107fdf9bda2d866dc61c95,0xf4b5003a8888c699265524e2cc4f8fb499db2e5ccde8252958b8781bba81c361,17904411025733575473429335924744178183794178835124331965553152756973468789253,BUY,0.997,212.71,212.07187000000002,1774025743,No,1,Will Amazon (AMZN) close at $220-$225 on the final day of trading of the week of Mar 16 – Mar 20?,amzn-week-march-20-2026,0x17d45e2fe4487fb0751fcbfb5e356c4b7a05c09f9957ecc883d9bcd8a54e5f89
24a5d231cc16dc0097dedc851d5c3c159678fbfa,0xd34f2b5e9ee02bed8a107fdf9bda2d866dc61c95,0x22834e93e0242e154299785629202f0db8b6fdec576b5c9f77474ad117f8f1e8,50765781428156906169990278810430504780326486037388620591390826305895910594949,BUY,0.97,199.91532,193.9178604,1774025901,Up,0,"Bitcoin Up or Down - March 20, 12:45PM-1:00PM ET",btc-updown-15m-1774025100,0xd22f03aa926c5007ae8dcc2037c4e9c4470fb946d134e5d549afd1736e2f25e5
2893361bd95c09009b4d438fab4f317ddd7b5feb,0xd34f2b5e9ee02bed8a107fdf9bda2d866dc61c95,0x22834e93e0242e154299785629202f0db8b6fdec576b5c9f77474ad117f8f1e8,50765781428156906169990278810430504780326486037388620591390826305895910594949,BUY,0.98,499.90396,489.9058808,1774025911,Up,0,"Bitcoin Up or Down - March 20, 12:45PM-1:00PM ET",btc-updown-15m-1774025100,0xdd1852ccba2778539b12104f2fb4fc3b75220a82852d8d9e1bd5fe24c1c41202
0e42b34fd0d473b47423b714e15309a9d354be0b,0xd34f2b5e9ee02bed8a107fdf9bda2d866dc61c95,0x22834e93e0242e154299785629202f0db8b6fdec576b5c9f77474ad117f8f1e8,50765781428156906169990278810430504780326486037388620591390826305895910594949,BUY,0.98,699.86556,685.8682488,1774025917,Up,0,"Bitcoin Up or Down - March 20, 12:45PM-1:00PM ET",btc-updown-15m-1774025100,0x6606b534d4148c87d2735a258b2a9b08c45ba877502cc40a97918faa5c6f2920
611f7fa0dcbaa398c920ec69c018bc40333b4360,0xd34f2b5e9ee02bed8a107fdf9bda2d866dc61c95,0xf4b5003a8888c699265524e2cc4f8fb499db2e5ccde8252958b8781bba81c361,17904411025733575473429335924744178183794178835124331965553152756973468789253,BUY,0.998,100.0,99.8,1774026011,No,1,Will Amazon (AMZN) close at $220-$225 on the final day of trading of the week of Mar 16 – Mar 20?,amzn-week-march-20-2026,0xfd1aa101cdd37201bfe96abac35dfb5f70e1a73b036b227142fd9349f3359aaa
7e30858bae3153ffe918a0c62ab695e5ce5a67aa,0xd34f2b5e9ee02bed8a107fdf9bda2d866dc61c95,0x8b5c3b42682eacdf4be73eb305d2fea9b685663f0eee8dbbea1ef1d138156227,97398112012764667217423670623918380917469066736349071197144607360658329012164,BUY,0.997,100.0,99.7,1774026789,No,1,Will Opendoor (OPEN) finish week of March 16 above $6.00?,open-above-on-march-20-2026,0xe490294c6c9aba8a6c2e17d45893dae2303964c22e27cef0b7c73a7d20b573a0
e12ee360e6509de88399825dd7efb96f6f7048e5,0xd34f2b5e9ee02bed8a107fdf9bda2d866dc61c95,0x8b5c3b42682eacdf4be73eb305d2fea9b685663f0eee8dbbea1ef1d138156227,97398112012764667217423670623918380917469066736349071197144607360658329012164,BUY,0.9963628748,142.06,141.543309994088,1774026813,No,1,Will Opendoor (OPEN) finish week of March 16 above $6.00?,open-above-on-march-20-2026,0x618810b39ab7a778865baa35068bbe12114e2b5f97ada721e3eb76f0382f9494
8bf30c2cc282e92985ec350cb368d200539f47a9,0xd34f2b5e9ee02bed8a107fdf9bda2d866dc61c95,0x7a33b1e60af6e765fd950e522cb586ee86b0e4421504638f8a42238239098897,83991015420727803740245853859380609544656222608316554208838142363587233082098,BUY,0.998,19.79,19.75042,1774027553,No,1,Will Opendoor (OPEN) finish week of March 16 above $7.50?,open-above-on-march-20-2026,0xf021384cb0e847ab51ca0afdf555de7bd3b9c6b462654259efc2fe64dfe59d5a
ea1a3b75525cfcd398231279d530bc2ab3d06f8b,0x91327ef84dca65ca90eea309c5d455daee4b8256,0x13f2e2eb325b655d9dd661a6b12263783d8a5693b38fd1ef235cd52ea7daf389,45892576215230745790735776236456947554993163253375829384589173242973406809139,BUY,0.9979368527,948.098,946.1419341711645,1774109745,No,1,"Will Bitcoin dip to $60,000 March 16-22?",what-price-will-bitcoin-hit-march-16-22,0x6d7c50dc5dbc5140834256b74a8aae8b376313ee5e8a2e72503e281b4e2082fb
bfa2979f2046024da78675d58db5b7dafaf0c0f5,0xd34f2b5e9ee02bed8a107fdf9bda2d866dc61c95,0xbb5d554a67a1cd4859f41d116426b723e913fed80c0600ce154627535affcbb9,41645637247271293879532462526110729731058542050684920183379693675651775476862,BUY,0.995,4.99994,4.974940299999999,1774128971,No,1,"Will Bitcoin reach $73,000 on March 21?",what-price-will-bitcoin-hit-on-march-21,0x4f9afdb6f0bdb0480d9a8e50ef60990a18ce6d01c1d0ff3ced8497f3efd8efdd
9ca1c44338e13d959d32302114651e2aaaaa3f74,0xd34f2b5e9ee02bed8a107fdf9bda2d866dc61c95,0x5e7e455898af11f9ca3401ba9dd6d47b6aa1e753ebc9b8ec0004683d1e5f8512,2998473717583622744753500353954477765502381855603433602691746557680475686177,BUY,0.987,12.45898,12.29701326,1774129009,No,1,"Will Bitcoin reach $72,000 on March 21?",what-price-will-bitcoin-hit-on-march-21,0x48740123a08c0053651c04e3898f32b505e3c38ebc847acf1ffecfdbebe8a285
9a12ec20c60c772e688e2bce2b5d48e5902f7945,0xd34f2b5e9ee02bed8a107fdf9bda2d866dc61c95,0x4d72a0224df77b0b3db884cf584973c444d892a7c5984ece677f2f654b4e6daa,16604996405277762285634561908417664486693514086939526649925725895058427076120,BUY,0.975,899.2322,876.751395,1774226997,Under,1,UNLV Runnin' Rebels vs. Tulsa Golden Hurricane: O/U 161.5,cbb-unlv-tulsa-2026-03-22,0xb51a4cfb17975977a2089de8a2d3a35689cc97f0ebd8c4560b88b7f63434cc53
82c3726eae8add71058c9dff4c0767beaa5dd5c1,0xd34f2b5e9ee02bed8a107fdf9bda2d866dc61c95,0x4d72a0224df77b0b3db884cf584973c444d892a7c5984ece677f2f654b4e6daa,16604996405277762285634561908417664486693514086939526649925725895058427076120,BUY,0.986,499.75844,492.76182184,1774227177,Under,1,UNLV Runnin' Rebels vs. Tulsa Golden Hurricane: O/U 161.5,cbb-unlv-tulsa-2026-03-22,0x4502d798fb120b594715382c2f35bda32dfa742498a0580554011ef1915bd683
ce67972c668895e48c91d922f0ba425956faaa06,0xd34f2b5e9ee02bed8a107fdf9bda2d866dc61c95,0xcdb9216f3d5201aae441a4c3846489e69bf1101a77e1523cc0c229b0de1ebf9e,1848858627514444649686782944343058247581408258683129003661244646661692690907,BUY,0.98,4.99658,4.8966484,1774229277,Over,0,Iowa Hawkeyes vs. Florida Gators: O/U 148.5,cbb-iowa-fl-2026-03-22,0x04666c2b9267c1e1aa9c1c82b86d0a67a1f4b4132aec65e772fec893c65a5c0e
29cba7a91ac9eb46224d5b62ac5f1b46081770ce,0xd34f2b5e9ee02bed8a107fdf9bda2d866dc61c95,0xf8d35e8a221224d3171f2707722fe1a46c4f984afeb0a6f7411e671909da073e,55492152155467070791487794289515056828752643275771851358928551583389598788697,BUY,0.98,4.99658,4.8966484,1774229285,Over,0,Iowa Hawkeyes vs. Florida Gators: O/U 152.5,cbb-iowa-fl-2026-03-22,0xcad43585540bc9bdb0f7bcfe61dd987ec9de01f42ce83a42353bf47cc73f20ee
2cd1022041a1abb0479c5ef93263c143707108d8,0xd34f2b5e9ee02bed8a107fdf9bda2d866dc61c95,0xcdb9216f3d5201aae441a4c3846489e69bf1101a77e1523cc0c229b0de1ebf9e,78999805186241977186801315824476129391822961264654961182082507001398693458692,BUY,0.99,104.85366,103.8051234,1774229333,Under,1,Iowa Hawkeyes vs. Florida Gators: O/U 148.5,cbb-iowa-fl-2026-03-22,0xb242e74b2ca311bbc3df1ea9b80593a29096cbd75e2a68e66359fc9cb405aa6e
a1b3df7b2497886c217b33bac8d4cc1ac468e0c4,0xd34f2b5e9ee02bed8a107fdf9bda2d866dc61c95,0xf8d35e8a221224d3171f2707722fe1a46c4f984afeb0a6f7411e671909da073e,67415847238438105265888156397642262962095189364507012732184446809076201529429,BUY,0.98,4.99658,4.8966484,1774229347,Under,1,Iowa Hawkeyes vs. Florida Gators: O/U 152.5,cbb-iowa-fl-2026-03-22,0x1777a0d3893ba7caf5a0e8e17da8a43d953a46d659aa2fe399e4625dfd4da9aa
aefb3040b6b2ff368ad9f69a73a1c5a1919f6873,0xd34f2b5e9ee02bed8a107fdf9bda2d866dc61c95,0xf8d35e8a221224d3171f2707722fe1a46c4f984afeb0a6f7411e671909da073e,67415847238438105265888156397642262962095189364507012732184446809076201529429,BUY,0.99,104.96362,103.91398380000001,1774229351,Under,1,Iowa Hawkeyes vs. Florida Gators: O/U 152.5,cbb-iowa-fl-2026-03-22,0xc58a9190b03ca07aa7ed23945438f3761abc99008b239099748f022f4a356819
f34d00ef78fbc5191fe0714e6beea747d26c3d54,0xd34f2b5e9ee02bed8a107fdf9bda2d866dc61c95,0xf0bceb49ed0921f74cf48552673f535cada47713d94dfbc00dbc5619d17cdabe,23765662805596506281927374144745382393917217447202077167176924475762645188177,BUY,0.99,69.97576,69.2760024,1774236087,Under,1,UCLA Bruins vs. Connecticut Huskies: O/U 145.5,cbb-ucla-uconn-2026-03-22,0x98801e0a441a25fa67001b34656fc1bd1f4f3f0d436c65b47da590cac5cf6635
de6d78d842bc41fbfc0119a84ebae7dd9a0b6b6a,0xd34f2b5e9ee02bed8a107fdf9bda2d866dc61c95,0xf2170a53dd2faafe7ae701d1ebc2e907881578faab11879a7330609ff3950a5e,47082874766795063603251698258265146821975486651925692611569722737750614102414,BUY,0.99,69.97576,69.2760024,1774236097,Under,1,UCLA Bruins vs. Connecticut Huskies: O/U 144.5,cbb-ucla-uconn-2026-03-22,0x0ad217c4caf3643c7352402dbe278573a1cc4ba4b9f046e6807d5d15b101fc57
6645242dade49cb3105ba8ef1ebe5e93415d8826,0xd34f2b5e9ee02bed8a107fdf9bda2d866dc61c95,0x224acec387ed313c19c39a3b22e95bfbd603b5d6a95e97b3815007c39aaf93d9,42696501906221010919100669157480790797185064093947717944818704212890488061969,BUY,0.98,4.99658,4.8966484,1774236221,Under,1,UCLA Bruins vs. Connecticut Huskies: O/U 141.5,cbb-ucla-uconn-2026-03-22,0x3c519dd95299028283a93e19a0bc1fb8c90565bd9997d2b9055b0464a6f59cad
94c53648bdeacec54417cb6ffa2beea117e3baab,0xd34f2b5e9ee02bed8a107fdf9bda2d866dc61c95,0xbd341c4fe2d071a7641965e3756c45ab752aa8d4f3999fea79c70a7f9211af70,97455343129418505679050824044184315183285252105926364886142917628521823666300,BUY,0.98,4.99658,4.8966484,1774236253,Under,1,UCLA Bruins vs. Connecticut Huskies: O/U 140.5,cbb-ucla-uconn-2026-03-22,0xca53b047927dfdf5218ae00ab24fed266cf695b83256671c3a2ed19b7dc3e956
112d11d5dd3c02622b39c4a1bc091fbe3e85c67b,0xd34f2b5e9ee02bed8a107fdf9bda2d866dc61c95,0x224acec387ed313c19c39a3b22e95bfbd603b5d6a95e97b3815007c39aaf93d9,42696501906221010919100669157480790797185064093947717944818704212890488061969,BUY,0.99,69.97576,69.2760024,1774236261,Under,1,UCLA Bruins vs. Connecticut Huskies: O/U 141.5,cbb-ucla-uconn-2026-03-22,0x5eebb27381e453a4afd12fa1ab32f33fd1b39b654a4a6d32d31d530225a69122
9cdd4b39f802381294c22462ed0088c58f689565,0xd34f2b5e9ee02bed8a107fdf9bda2d866dc61c95,0xf0bceb49ed0921f74cf48552673f535cada47713d94dfbc00dbc5619d17cdabe,23765662805596506281927374144745382393917217447202077167176924475762645188177,BUY,0.999,29.99896,29.96896104,1774236339,Under,1,UCLA Bruins vs. Connecticut Huskies: O/U 145.5,cbb-ucla-uconn-2026-03-22,0xd0cef2ce8f361de28b1e2a2cd6c155c8993dbfedbb90054dbbaeaff63e7537b6
a3017faa3dce2bdc24cee10e0ea0b8cb982e695b,0xd34f2b5e9ee02bed8a107fdf9bda2d866dc61c95,0x5a200d7d560169d60dc82cd16bb14c16f36f029fdf609dcb92d06a554f9f0fe1,60020156117014074723286818065417148342963800223162713452237763775488251828713,BUY,0.852,0.83,0.7071599999999999,1774276137,No,1,Iran x Israel/US conflict ends by March 31?,iran-x-israelus-conflict-ends-by,0xc7fbe1be363c0db60bddaf68c3cc8f079750203b0aca14b1de0e23da87b2888d
646b813a83294d89334cecd855ab3d9f224b877c,0xd34f2b5e9ee02bed8a107fdf9bda2d866dc61c95,0x5a200d7d560169d60dc82cd16bb14c16f36f029fdf609dcb92d06a554f9f0fe1,60020156117014074723286818065417148342963800223162713452237763775488251828713,BUY,0.854,3500.0,2989.0,1774276841,No,1,Iran x Israel/US conflict ends by March 31?,iran-x-israelus-conflict-ends-by,0x5145d23d09d185af332a7764e0594ab9e8ef18c641511ed911ca8f6370c4b413
cfa8a796812121b0ddb891c2d478aafc4527ecc9,0x91327ef84dca65ca90eea309c5d455daee4b8256,0xf517a932b62f25e06f57a64efecb4e4f2554e30aaa589f4f96bfdb521a8bd409,55856441295360298322482570730091623928387556581436545123091935679884976004282,BUY,0.99,105.0,103.95,1774359909,No,1,Will BNB reach $800 in March?,what-price-will-bnb-hit-in-march,0xd7fcf777c002bc451829716770cb24f2d1f01ebeba72e42c53808c6a0a07cf0b
cee5bc27fdaf9f6b588f841fea95c72fa1c80373,0x91327ef84dca65ca90eea309c5d455daee4b8256,0x5390ec0f11c53ff42253fa5389242dd28a399e4e1cde470f9d83ed63e0dcef18,90617079791518036347118336491098437332571262609495550137617555664172441583671,BUY,0.97,300.0,291.0,1774359929,No,1,Will BNB dip to $500 in March?,what-price-will-bnb-hit-in-march,0x0c636de8295d0f7929c0e6638a89932e78235c7cb6c12482f785c30a1ddf8b3d
bdb960df059f1ebfea3d70101678fcb8b896cb01,0x91327ef84dca65ca90eea309c5d455daee4b8256,0x15770b0e1312d201d9a4fcfd749f3f082978356d03dd16ce8abb79091ad4c9c7,20727748036623452046574669266106203605372361277701501878031883145733910463042,BUY,0.996,341.48,340.11408,1774360135,No,1,Will Silver (SI) hit (HIGH) $130 by end of March?,will-silver-si-hit-by-end-of-march,0x1492dce32f00e740595b1bc886a9cbbb5e5d9efbc85e60ce4643f0e47201259f
e5732550cf23e6138740a97e39547022d2f24238,0x91327ef84dca65ca90eea309c5d455daee4b8256,0xedeee03bd3d1b00acbf4ede0e7ffb80261e8271827dfe484360460dfe98c9a90,43671995069397705120882169002025644024374556905460072310535886340957364902813,BUY,0.993,214.6,213.0978,1774360155,No,1,Will Silver (SI) hit (HIGH) $115 by end of March?,will-silver-si-hit-by-end-of-march,0xbc294c94df066b561d08f12b53d8dc267df891595df75d4667e1d48bbe04193a
adc831a0b189d2f224e9c90f121f31cca06adfa7,0x91327ef84dca65ca90eea309c5d455daee4b8256,0x9fea74df291cd0dc43304940b2cb91ec5cb9c44b0fe538e9180b87c388e06704,25262566223364004803395311510362270613783150212139788204321325826788288615511,BUY,0.999,660.75,660.08925,1774750308,No,1,"Solana all time high by March 31, 2026?",solana-all-time-high-by,0x59ba7454d57a6e40f8ecad186d9237d84ce878f9b1e6b7c3481ee620ec9e7a7f
c8b5835a641aedcc34f1a8dafa7fa439dbd4a5aa,0xd34f2b5e9ee02bed8a107fdf9bda2d866dc61c95,0x5a200d7d560169d60dc82cd16bb14c16f36f029fdf609dcb92d06a554f9f0fe1,60020156117014074723286818065417148342963800223162713452237763775488251828713,SELL,0.997,232.74,232.04178000000002,1774973807,No,1,Iran x Israel/US conflict ends by March 31?,iran-x-israelus-conflict-ends-by,0x52f245ed329a15c41334b083c1330e7a060899499b460e4d38e4c2278a573833
6ef3fef8e01bdd7ec0fc2011a456a1d716f416a6,0xd34f2b5e9ee02bed8a107fdf9bda2d866dc61c95,0x22fe0f993bb899d3ae33bbdfbeb7f7d06df0982f578ae26592b55cf581396376,624805853743069021770497200644159037049111141216581424603124357722002489342,BUY,0.993,143.0,141.999,1774973861,No,1,Will Qatar strike Iran by March 31?,which-countries-will-strike-iran-by-march-31,0x5597bb845c8766aecef954abe72342bbe27b66f449898f10507bb19baf6d5939
dd12d1df3957e3d4f73e5810b1866514a5133ed5,0xd34f2b5e9ee02bed8a107fdf9bda2d866dc61c95,0x22fe0f993bb899d3ae33bbdfbeb7f7d06df0982f578ae26592b55cf581396376,624805853743069021770497200644159037049111141216581424603124357722002489342,BUY,0.993,102.0,101.286,1774973869,No,1,Will Qatar strike Iran by March 31?,which-countries-will-strike-iran-by-march-31,0xf25c84e516835d1bea7a534f02f8447dd6eb45ab2535c0a6d36f85073b3fadd5
f967c35efc461584e86f7970dc46448c471cff98,0xd34f2b5e9ee02bed8a107fdf9bda2d866dc61c95,0x763395316f2802193416d7d2a4128674a7e228cd2e2b333433dce70ca6d97ce5,67766009524334332697260328808313841474531688353376614003258234550694097791039,BUY,0.99,6.85,6.781499999999999,1775058809,Yes,0,Will Tesla (TSLA) close above $360 on April 1?,tsla-close-above-on-april-1-2026,0xc3f43d7cce9fc4117c95f73db9c83cb0ba6c9f3fab5f3f8e13890ae6aadf8f26
e31943ad9c64620cb944848494473626d87f006a,0xd34f2b5e9ee02bed8a107fdf9bda2d866dc61c95,0x09066748077b49b408fb9c041c00b650aeca8642e69503530cae7f09427c931b,96476212072561484342774739013134030844352258638253406727558117947052543480797,BUY,0.99,23.98,23.7402,1775058833,Yes,0,Will Amazon (AMZN) close above $205 on April 1?,amzn-close-above-on-april-1-2026,0x64ac04b2f3fa95ede4542c636ef234dc6015e2c30edd370bb6397019dc7f0332
7d2237b25a2f2d6520a196c953caae0699a2dd33,0xd34f2b5e9ee02bed8a107fdf9bda2d866dc61c95,0xc383ea6f93a22d2f38587b51364caddc4acb3e6fce90b3fb1843f07b2dbcfbff,78351601208170206214238272943240477784347047829681664494769472704149407183514,BUY,0.973,10.0,9.73,1775058969,Yes,0,Will Meta (META) close above $560 on April 1?,meta-close-above-on-april-1-2026,0x3b67b65e392b383d709bc2517b1cde011199eed2a39eecf721e20a090a01858c
2aad13baf06366fb762ad83eaa16334cff946d52,0xd34f2b5e9ee02bed8a107fdf9bda2d866dc61c95,0xc383ea6f93a22d2f38587b51364caddc4acb3e6fce90b3fb1843f07b2dbcfbff,78351601208170206214238272943240477784347047829681664494769472704149407183514,BUY,0.973,10.0,9.73,1775058977,Yes,0,Will Meta (META) close above $560 on April 1?,meta-close-above-on-april-1-2026,0x2c3778efa70d8581d2062e17b61e0689f1b05051b8dc2a9069206bb2724f4365
528ee225a7aa057ea707122485a1a35ef4ecdf54,0xd34f2b5e9ee02bed8a107fdf9bda2d866dc61c95,0xc383ea6f93a22d2f38587b51364caddc4acb3e6fce90b3fb1843f07b2dbcfbff,78351601208170206214238272943240477784347047829681664494769472704149407183514,BUY,0.974,39.21,38.19054,1775058999,Yes,0,Will Meta (META) close above $560 on April 1?,meta-close-above-on-april-1-2026,0x24db36de224222e5c960a79cf2fcfbb92e4aeab241d8253fe906f38ccd47921f
8a2a769dda5a07661bbdef5fc49970f2c705decf,0xd34f2b5e9ee02bed8a107fdf9bda2d866dc61c95,0xc78f6dbba84e4074aa91a5569937a533af12451e15ab91f3c91f9d5bcaae4d19,96336136262306363399872957518260193666346388109522948957551887440520088352051,BUY,0.99,15.0,14.85,1775063007,Yes,0,Will Microsoft (MSFT) close above $350 on April 2?,msft-close-above-on-april-2-2026,0x59c711e5088d9fe8018d7080bfd7698c053cb8d2c4e9fa13d00aedcf67d211e9
021a37c4a72fbc7e8d8bb9362c299d831bb4b069,0xd34f2b5e9ee02bed8a107fdf9bda2d866dc61c95,0xc78f6dbba84e4074aa91a5569937a533af12451e15ab91f3c91f9d5bcaae4d19,96336136262306363399872957518260193666346388109522948957551887440520088352051,BUY,0.996,86.0,85.656,1775063181,Yes,0,Will Microsoft (MSFT) close above $350 on April 2?,msft-close-above-on-april-2-2026,0xd3f08da49229c7b84a9719271b564096b25ef6224778fc79b9f05dd3828a2610
8c70ac6cb78340ea071ff4d3c9ab478f66ed874a,0xd34f2b5e9ee02bed8a107fdf9bda2d866dc61c95,0xd7c3018ddeb325c655802f2821a72009fce44f505cd9e192e9afe1699592b114,1866415307076540989686869299922701894945826526011480665445324987562228431563,BUY,0.98,57.0,55.86,1775063223,Yes,0,Will Microsoft (MSFT) close above $360 on April 2?,msft-close-above-on-april-2-2026,0x65e49e1ba5d1cbc1cdc87a098d3e1ab287aa5a7276074decda85f2c5ac5546d7
6681277fc76f25cb6f4fc8cd4f5cf4a719a1e825,0xd34f2b5e9ee02bed8a107fdf9bda2d866dc61c95,0xbb6655ad2e2d95fd29f4131b90f20e60d2e749c7bb6c3bb9c6a688cca45f105d,62846401239969157341880084774430341987940701047818893056269612827550732703738,BUY,0.997,1684.98178,1679.9268346600002,1775349275,No,1,"Will Bitcoin reach $69,000 on April 4?",what-price-will-bitcoin-hit-on-april-4,0xbeb63d937c3fe1a30a66009d9c05c686a40bc110b6d96ab044ed496783f31fa3
c148bb349a53745b61b4784f371bf5661976d0b8,0xd34f2b5e9ee02bed8a107fdf9bda2d866dc61c95,0x3c3f605855ade4e93ac742e405d40ab02b001f32ba33f4643a264ed60167a8c3,92947678662391261113287551582115341910787307409328578339705874975592648462678,BUY,0.999,1343.05658,1341.71352342,1775349311,No,1,"Will Bitcoin reach $70,000 on April 4?",what-price-will-bitcoin-hit-on-april-4,0x0aeb0aedee52b2ec4e6301bc5fdede046bc3899b278bcaaa6fe55e263674786e
ac697a40460c0de3add668939861f9c07bdea860,0xd34f2b5e9ee02bed8a107fdf9bda2d866dc61c95,0x143f4351b662159febb9c2b6cd8461c3a1a8b391c755eb922d8ac33a2ff24338,24004393801935885858484992957370681463828346992785429025805841284916069676028,BUY,0.999,49.997,49.947003,1775349441,Over,0,O/U 0.5 Rounds,ufc-jos60-rob21-2026-04-04,0xd0822fda5824db05e79c5fe36e8c1c91f78e96f1d9407fbf27d6b420de702937
bf293625c6b266a9091c27fbedaed55d84356afc,0xd34f2b5e9ee02bed8a107fdf9bda2d866dc61c95,0x444df28f30ea8ab78efba1ea9951b3fa8653315d7973fbf941a8b72fd63ef785,95767911977319714488678296701962653976370607112140849441455720207083722278809,BUY,0.999,57.67654,57.61886346,1775349459,Over,0,O/U 1.5 Rounds,ufc-jos60-rob21-2026-04-04,0x37cd55cc09b5d4527bf173981ec38c01b5e8cb8ff84fa7bb757f96a326c7bfa3
f026ac4643263445b6ca3adbaac3f2a6675dff4f,0xd34f2b5e9ee02bed8a107fdf9bda2d866dc61c95,0x75633b1fd9838c2deae0688e6721448ce1dbf8e47dfd82e3d5f268cc09817004,37183951803869946692578830671994111204705158566963392904814388109224524913174,BUY,0.998,5.57934,5.56818132,1775349467,Over,0,O/U 2.5 Rounds,ufc-jos60-rob21-2026-04-04,0x5443c686948e24b8fb47c9a6c0e2be7b0310ee3167bcd8ef5b6bf0b85c3d2b59
c98ee1326f77d94adeb1c40d3cd2f8b08a7610ff,0xd34f2b5e9ee02bed8a107fdf9bda2d866dc61c95,0x75633b1fd9838c2deae0688e6721448ce1dbf8e47dfd82e3d5f268cc09817004,37183951803869946692578830671994111204705158566963392904814388109224524913174,BUY,0.999,55.57668,55.52110332,1775349469,Over,0,O/U 2.5 Rounds,ufc-jos60-rob21-2026-04-04,0x6ae23881b1a7fba01c7641f201de93d8d2446df61998c19d15118ad241382d7c
ae9f0cc815dc95f7458bcc789795488cf22d461f,0xd34f2b5e9ee02bed8a107fdf9bda2d866dc61c95,0x5dad7a433623ef4f0bbe06e59f0fbd114b3eb770bb064bb534217304bbff6c98,24936050587084438467121037358672626444756467773360042594813703187893488533553,BUY,0.998,3998.848,3990.850304,1775424987,No,1,"Will Bitcoin dip to $62,000 March 30-April 5?",what-price-will-bitcoin-hit-march-30-april-5,0x4e5d32cbda2ee98c35c46a7a1b7258a8516732181793596d4c9b0a029f426f61
c10d6d8d0344aa831f54fb2a639289e1690ff2ec,0xd34f2b5e9ee02bed8a107fdf9bda2d866dc61c95,0xbde25e1a113011d7827d1fed3dad5212d7fad61a2fe7d22d1bef44f3a1f1421c,74064572353901660374441221410231146567974782838127698256873777707662758213145,BUY,0.998,199.9424,199.5425152,1775502549,No,1,"Will Bitcoin reach $75,000 on April 6?",what-price-will-bitcoin-hit-on-april-6,0xfae564f09f9766570b7ae035d28ffb08a757a81254267e318cdd077d25c9c8c8
c27fc95f55b3b30ad08e27292d51f32dc78436fb,0xd34f2b5e9ee02bed8a107fdf9bda2d866dc61c95,0x7906cd6173224908e191e630efd2f6654d44eaf8ee32c02d0116677132816a4f,18028413596010267801636850810264526246129049765675282059995559197910189072054,BUY,0.997,599.7408,597.9415776000001,1775502571,No,1,"Will Bitcoin reach $74,000 on April 6?",what-price-will-bitcoin-hit-on-april-6,0xf7800a7e95f90d1587b865c51b526599f875133d0514179f0e9d602b28fae743
bba2440036189d8ae760bf6418de79ca4bc8ecd3,0xd34f2b5e9ee02bed8a107fdf9bda2d866dc61c95,0x7906cd6173224908e191e630efd2f6654d44eaf8ee32c02d0116677132816a4f,18028413596010267801636850810264526246129049765675282059995559197910189072054,BUY,0.998,606.8252,605.6115496,1775502715,No,1,"Will Bitcoin reach $74,000 on April 6?",what-price-will-bitcoin-hit-on-april-6,0x14f178d3fe7f4dfd7a6aea9384452bb88b797a815fc562eacbe4d174359b7571
96dc05c4579de5ab7ffef957395f79c47b76c07d,0x91327ef84dca65ca90eea309c5d455daee4b8256,0x0c49acf1da62df0eaba8c74a2c1c16c870b399edf533d26e05c09b4d150b04dd,4578336796537032415291749264424882096235412876331920338320202695253399872520,BUY,0.9735978072,298.52814,290.64634249149464,1775543789,No,1,Will WTI Crude Oil (WTI) hit (LOW) $60 in April?,what-price-will-wti-hit-in-april-2026,0xc6dc8dd5c3aaa0c9a4c42f74ec94581bfc47f501e42808839a36dcf327cc7fee
f46299da849dfac15078d3ddf7ba89e13df554f9,0x91327ef84dca65ca90eea309c5d455daee4b8256,0x0c49acf1da62df0eaba8c74a2c1c16c870b399edf533d26e05c09b4d150b04dd,4578336796537032415291749264424882096235412876331920338320202695253399872520,BUY,0.9757838539,461.75372,450.5718244542615,1775543805,No,1,Will WTI Crude Oil (WTI) hit (LOW) $60 in April?,what-price-will-wti-hit-in-april-2026,0xcebf10dc29fe81bdb56f10772062e289db9c7da31182fa4836ef996e63c56387
a11ebd8a4eff4fe76ffccac479338f0efb767649,0x91327ef84dca65ca90eea309c5d455daee4b8256,0x47afe89d517f5183208282c97fca6ec0e367a7bd2df10f62c8c8c2ba5e1456ce,59940748740410526615446220377430804050467294620998458978139935229649482362807,BUY,0.9899009247,219.35264,217.1373811713862,1775543813,No,1,Will WTI Crude Oil (WTI) hit (LOW) $50 in April?,what-price-will-wti-hit-in-april-2026,0x4853eb0cd7277b0f4408c801e2d2cb2a432828f78d20c7a0d418a0571bf95b43
dba950db7cfb881600e0a0182538e316a567e73e,0xd34f2b5e9ee02bed8a107fdf9bda2d866dc61c95,0x855bee88887dadc5203fa16f0e1e11e4e5413a121296670f64f6eed66fbc8397,102419568405026803024748712951315501110125599596316033650538268522388427457080,BUY,0.996,299.8272,298.6278912,1775590569,No,1,"Will Bitcoin reach $74,000 on April 7?",what-price-will-bitcoin-hit-on-april-7,0x545243c7f9628d4043d4aaf34d411ef1c9e981b105a643334b6e627e120feb85
0f3148517be5c935b057045e2c539fcb9cede2aa,0xd34f2b5e9ee02bed8a107fdf9bda2d866dc61c95,0x855bee88887dadc5203fa16f0e1e11e4e5413a121296670f64f6eed66fbc8397,102419568405026803024748712951315501110125599596316033650538268522388427457080,BUY,0.997,999.568,996.569296,1775590601,No,1,"Will Bitcoin reach $74,000 on April 7?",what-price-will-bitcoin-hit-on-april-7,0x1dd266983f38155d01a95a23634cc21f015bb99067d52796b9f0b49b68420d8b
ff3b9a2e74d1ec6c37da55b41c04c5473e7e6647,0xd34f2b5e9ee02bed8a107fdf9bda2d866dc61c95,0x855bee88887dadc5203fa16f0e1e11e4e5413a121296670f64f6eed66fbc8397,102419568405026803024748712951315501110125599596316033650538268522388427457080,BUY,0.998,586.21114,585.03871772,1775590611,No,1,"Will Bitcoin reach $74,000 on April 7?",what-price-will-bitcoin-hit-on-april-7,0x3cc488e644ff5b6d4d78ae18204fe6cabc08fb34c784a98ba33061898c27f592
6caffd5f7bf6f7eac181cde15617fda2307846b0,0xd34f2b5e9ee02bed8a107fdf9bda2d866dc61c95,0xc281a1956b7b73122745b9a341b2829657b02423c359b065d4ee32e2a0365539,87699838301942172680535113437352436099414803216239179283673964807287678428310,BUY,0.988,1.12806,1.11452328,1775590647,No,1,"Will Bitcoin reach $73,000 on April 7?",what-price-will-bitcoin-hit-on-april-7,0xc1bd1eb08f6e74260e2cb8f613f91e5d45180f3c6c83f763c3b309c59cbd8673
a53d6cbad85dded2517a2baa7c26d45b870f3d78,0xd34f2b5e9ee02bed8a107fdf9bda2d866dc61c95,0xc281a1956b7b73122745b9a341b2829657b02423c359b065d4ee32e2a0365539,87699838301942172680535113437352436099414803216239179283673964807287678428310,BUY,0.991,599.2224,593.8293984,1775590875,No,1,"Will Bitcoin reach $73,000 on April 7?",what-price-will-bitcoin-hit-on-april-7,0x4ab4bd7af7b13b3aec64a65479fa05eeac69ccdc74ce09d0a458cb01bff15f23
da34411a59fc8615df17b4c2a9b27c360aebe1ec,0xd34f2b5e9ee02bed8a107fdf9bda2d866dc61c95,0xc281a1956b7b73122745b9a341b2829657b02423c359b065d4ee32e2a0365539,87699838301942172680535113437352436099414803216239179283673964807287678428310,SELL,0.197,2238.23,440.93131,1775604609,No,1,"Will Bitcoin reach $73,000 on April 7?",what-price-will-bitcoin-hit-on-april-7,0xd58fdfaf1dd91e03b229a6652901e087f8d9ead84bb94972b25f660439543d57
fff4f00087e3901e61d948f69e62568dd5705267,0xd34f2b5e9ee02bed8a107fdf9bda2d866dc61c95,0x53466eac5aa424d12f6382bd59591e16f463d9c68def1032df0b84f8d9057ed3,2994757697170537482832587985355097913863919624494734572240753960420928828955,BUY,0.99,419.3952,415.20124799999996,1775605499,No,1,"Will Bitcoin dip to $67,000 on April 7?",what-price-will-bitcoin-hit-on-april-7,0x032c9f769fddceb7f37878b29c470f0ce07ef81c7270560caec4c4fdc8a03e0f
0b118ffb9624f84c6dbafe8c0597c23e1e7ed986,0x2a17c545d823842cdc8baedb5d61ac4e32aeef0f,0x610d7b0ea9a73f5701960593b976554b39da176a5ed8e094cde95c23b1b24657,39555726306927591777862326332246943452755284608009378170782127894401363229650,SELL,0.018,262.0,4.715999999999999,1775622467,Yes,0,Will the Bank of Korea decrease the base rate after the May Meeting?,bank-of-korea-decision-in-may,0xf41e0db35ed9f9dc6917c7ebdbbd87ea821ba16fde609deef7c95b55ce3a5d9e
d8f89be54d691ea69471b874a889b70a746e27b4,0x2a17c545d823842cdc8baedb5d61ac4e32aeef0f,0x610d7b0ea9a73f5701960593b976554b39da176a5ed8e094cde95c23b1b24657,39555726306927591777862326332246943452755284608009378170782127894401363229650,SELL,0.018,271.0,4.877999999999999,1775622483,Yes,0,Will the Bank of Korea decrease the base rate after the May Meeting?,bank-of-korea-decision-in-may,0x16a1e6c4ac0e75dc5f5db9b09a08e0e29070ba80f9400eda814497b588564fe0
cef91b992be3d8573b4971c7e5363f0931d1c3f9,0xd34f2b5e9ee02bed8a107fdf9bda2d866dc61c95,0x4fd9a6c0e008689f66f98a8e73306d75e1bbb51d855e5c56e42c2d2791045684,54883221927701603324316277980994590557271565669679878956091304122905988661519,BUY,0.949,7.94126,7.53625574,1775663879,No,1,"Will Bitcoin dip to $69,000 on April 8?",what-price-will-bitcoin-hit-on-april-8,0x68dc19dc8492143b7e294d0d296ad72d939731643b68b7da17e90727c0929fed
f6d3ab02a314093b28d87054c31c4631e38b38e6,0xd34f2b5e9ee02bed8a107fdf9bda2d866dc61c95,0x4fd9a6c0e008689f66f98a8e73306d75e1bbb51d855e5c56e42c2d2791045684,54883221927701603324316277980994590557271565669679878956091304122905988661519,BUY,0.95,4.37826,4.1593469999999995,1775663905,No,1,"Will Bitcoin dip to $69,000 on April 8?",what-price-will-bitcoin-hit-on-april-8,0x5f34d59807f5173fa7c3196171464aa8ba08c25fd221ab9664f35ffcd137de3f
d7c705f034d69daccf1d26f9c93dfc7601dfc46d,0xd34f2b5e9ee02bed8a107fdf9bda2d866dc61c95,0x4fd9a6c0e008689f66f98a8e73306d75e1bbb51d855e5c56e42c2d2791045684,54883221927701603324316277980994590557271565669679878956091304122905988661519,BUY,0.978,99.6832,97.4901696,1775665575,No,1,"Will Bitcoin dip to $69,000 on April 8?",what-price-will-bitcoin-hit-on-april-8,0x012a46c737722b6a24533ec0d9e5c75bb5d7c018f91530541faf32835eb0237a
7576d2af91aefbd6d5122b2728e163a8e7fa0226,0xd34f2b5e9ee02bed8a107fdf9bda2d866dc61c95,0x856718af4f5e49b0c37b51829c7835099be3c3e683283082173796f5f39378be,57980737447202230511409231859738928306448187781051816255379130461229265562012,BUY,0.998,680.80388,679.4422722400001,1775665979,No,1,"Will Bitcoin dip to $66,000 on April 8?",what-price-will-bitcoin-hit-on-april-8,0x3a5c2795e6fadebd7b885798ffe443212ef514f0702dcab4a0ec4d4bdf39531d
f55dc17c2657b3d76d972fcee119fdace0a82a96,0x2a17c545d823842cdc8baedb5d61ac4e32aeef0f,0xff78bad30c99e8eed16b577a70b9fcfe69b83d1c838f238d3f84dcd3d2c94701,52472298363004668794598080911083049788694136003657179452761762091351614449151,SELL,0.11,339.0,37.29,1775717643,Yes,0,"US forces in Venezuela again by June 30, 2026?",us-forces-in-venezuela-again-by,0xd3e3a28b55ddf164a79b8cf4b51ee3cf738b1ebd5c421707e4784824ea6d1d15
54b6a9dea2f2269755eb42380c86c085ac584c58,0x2a17c545d823842cdc8baedb5d61ac4e32aeef0f,0xff78bad30c99e8eed16b577a70b9fcfe69b83d1c838f238d3f84dcd3d2c94701,52472298363004668794598080911083049788694136003657179452761762091351614449151,SELL,0.11,300.0,33.0,1775717665,Yes,0,"US forces in Venezuela again by June 30, 2026?",us-forces-in-venezuela-again-by,0xdf602bcee477402d1d4b89691dd65411a718220394373afafb68f4a6593ff642
0429e921536367f2209b807368ebb7d1b4cad6dc,0xd34f2b5e9ee02bed8a107fdf9bda2d866dc61c95,0x3ef734aaf92554d2e973539930456f820cdc40cef7f8d299615263a9c458476e,2857016405975816568528229640434610281829332577468586978119483910062025160025,BUY,0.988,598.9632,591.7756416,1775777813,No,1,"Will Bitcoin reach $74,000 on April 9?",what-price-will-bitcoin-hit-on-april-9,0xe68dd0fdea2d20c3bc643de641e59fb3baedb7e8a20358da684232836da5cc32
112e0853d69d382688723dd60459da3230f8e5b2,0x2a17c545d823842cdc8baedb5d61ac4e32aeef0f,0x1fa4c5e080e59674d14625faa0360cc7716c92fc063cfdb8506af2dd5af469ab,105853217129406574386439287833498321288354555843061128612520885206167904978615,SELL,0.034,304.0,10.336,1775806651,Yes,0,EU/NATO country announces peacekeeping force in Ukraine by June 30?,eunato-country-announces-peacekeeping-force-in-ukraine-before-2027,0x4fb30d8105541012fcb588487deaba51ba0bcbe0db43f603e3797b0b62b436a5
427875bc73dd5f6c9ed50465f42900a1710a7dcc,0x2a17c545d823842cdc8baedb5d61ac4e32aeef0f,0x1fa4c5e080e59674d14625faa0360cc7716c92fc063cfdb8506af2dd5af469ab,105853217129406574386439287833498321288354555843061128612520885206167904978615,SELL,0.034,274.0,9.316,1775806661,Yes,0,EU/NATO country announces peacekeeping force in Ukraine by June 30?,eunato-country-announces-peacekeeping-force-in-ukraine-before-2027,0x0734e340db432074482c98b7c1d395b324cf9c9961df70b367b9ee5b10256800
80567f58ca586c474f11b100c2c8a442e5ff7f27,0xd34f2b5e9ee02bed8a107fdf9bda2d866dc61c95,0x15d73a7e544e4b8865634515ac77af73c14296dbf53dc65d75848312d93339ac,113073349572967638283077533825633796479515868367974465730759605107091665767392,BUY,0.978,37.96934,37.13401452,1775834071,No,1,"Will the price of Bitcoin be above $74,000 on April 10?",bitcoin-above-on-april-10,0x6895a05e59ebff8581e5c322fd2ccfd9253815cc1c1f88b84d7bfb3ebf8abe49
254c4fb2e88de8631ffc16599fbc3c21c028338b,0xd34f2b5e9ee02bed8a107fdf9bda2d866dc61c95,0x15d73a7e544e4b8865634515ac77af73c14296dbf53dc65d75848312d93339ac,113073349572967638283077533825633796479515868367974465730759605107091665767392,BUY,0.979,180.45266,176.66315414000002,1775834079,No,1,"Will the price of Bitcoin be above $74,000 on April 10?",bitcoin-above-on-april-10,0x97805a7b83b16b966d70b730917507f939ed5c170452f241ebce6e3de2b22145
41e58d9161197719a7211bf1c9861626849eabe0,0xd34f2b5e9ee02bed8a107fdf9bda2d866dc61c95,0x15d73a7e544e4b8865634515ac77af73c14296dbf53dc65d75848312d93339ac,113073349572967638283077533825633796479515868367974465730759605107091665767392,BUY,0.98,714.606,700.3138799999999,1775834083,No,1,"Will the price of Bitcoin be above $74,000 on April 10?",bitcoin-above-on-april-10,0x2bdb67a6477ee864d9ec4f63a02a5569cfcbda702312134fdff2c9b56a899fd5
a60313c0cbb3e3224718855d1e2f05387a31e77e,0xd34f2b5e9ee02bed8a107fdf9bda2d866dc61c95,0x15d73a7e544e4b8865634515ac77af73c14296dbf53dc65d75848312d93339ac,113073349572967638283077533825633796479515868367974465730759605107091665767392,BUY,0.981,4.98632,4.89157992,1775834085,No,1,"Will the price of Bitcoin be above $74,000 on April 10?",bitcoin-above-on-april-10,0xb717072658f7b5c65c5b5509698384005f33f6ff1e8467f18f0da90809a641df
aa7dae96c8fe42cce25d6504ca5e00d89e84f441,0xd34f2b5e9ee02bed8a107fdf9bda2d866dc61c95,0x15d73a7e544e4b8865634515ac77af73c14296dbf53dc65d75848312d93339ac,113073349572967638283077533825633796479515868367974465730759605107091665767392,BUY,0.983,4.98776,4.90296808,1775834133,No,1,"Will the price of Bitcoin be above $74,000 on April 10?",bitcoin-above-on-april-10,0x1b0713358d1a62c794d1cc4df844c39f93c07d2bae88d04b6db41905291f0a2b
62ba02b014c4d0b081b5a9974a8aeda2e513f58e,0xd34f2b5e9ee02bed8a107fdf9bda2d866dc61c95,0x15d73a7e544e4b8865634515ac77af73c14296dbf53dc65d75848312d93339ac,113073349572967638283077533825633796479515868367974465730759605107091665767392,BUY,0.987,4.99064,4.92576168,1775834381,No,1,"Will the price of Bitcoin be above $74,000 on April 10?",bitcoin-above-on-april-10,0x404b86624260434b2694d978f2062847c0bab2192be20de484d4b5c5dac38058
4d3acebf597c3bd5806e3914c90e0da1b7741f07,0xd34f2b5e9ee02bed8a107fdf9bda2d866dc61c95,0xa6af935278930a18996a685d26f8f19411050ae0a30b80ab2a54261193515799,54479589355989097743732530474093461494284272244527598970628745282482549088030,BUY,0.982,3.79016,3.72193712,1775861151,No,1,"Will Bitcoin reach $75,000 on April 10?",what-price-will-bitcoin-hit-on-april-10,0x768b02d0ba6006948e1e36a93f1f616d3eff6af29f6e3989c85cbd5fe8c95061
0457acc7050fe8c6f32d1e16170aa7ac39bcf8ce,0xd34f2b5e9ee02bed8a107fdf9bda2d866dc61c95,0xa6af935278930a18996a685d26f8f19411050ae0a30b80ab2a54261193515799,54479589355989097743732530474093461494284272244527598970628745282482549088030,BUY,0.984,34.91936,34.36065024,1775861693,No,1,"Will Bitcoin reach $75,000 on April 10?",what-price-will-bitcoin-hit-on-april-10,0x612fe93d4c535830d2a0ffb79816a50349cff5707670177109ba0e217191eda5
dad42b720557f28a254c30a5ae039541cf71b4e9,0xd34f2b5e9ee02bed8a107fdf9bda2d866dc61c95,0xa6af935278930a18996a685d26f8f19411050ae0a30b80ab2a54261193515799,54479589355989097743732530474093461494284272244527598970628745282482549088030,BUY,0.989,149.7624,148.11501360000003,1775861713,No,1,"Will Bitcoin reach $75,000 on April 10?",what-price-will-bitcoin-hit-on-april-10,0x9fd7bfed401d4d38560f409bab39bd50c53b6b53eeeea334e2f6cad2a7d88430
a21d880389b71cb566ce157a4412f6f57d055592,0xd34f2b5e9ee02bed8a107fdf9bda2d866dc61c95,0xbb181a01e96c11018468d12458491a7e8aeec5a56e460ec412eefcdd8648c4e3,18580688514186129673214333551168055100625377255113738409735917759007136767558,BUY,0.998,799.7696,798.1700608,1775876029,No,1,"Will Bitcoin reach $74,000 on April 10?",what-price-will-bitcoin-hit-on-april-10,0x9ad01ddfd34a106379c09d90057a7c63fa6979a88976fbfdb8180069e22910a0
bc8d855d8dc2cce361fcbe6cc6f958c8f4c1757a,0xd34f2b5e9ee02bed8a107fdf9bda2d866dc61c95,0xbb181a01e96c11018468d12458491a7e8aeec5a56e460ec412eefcdd8648c4e3,18580688514186129673214333551168055100625377255113738409735917759007136767558,BUY,0.998,259.86514,259.34540972,1775876075,No,1,"Will Bitcoin reach $74,000 on April 10?",what-price-will-bitcoin-hit-on-april-10,0x2a2c43015a212ea93e111b75c29b12dfc9d7eb37402290765a6949179d9a1acc
53c813439eacd9c289a9214af79306b2290f0341,0xcfeaa2e026b2d5e92d76c5925be6f41834c3cba7,0xbad704f2ae063322169bf3add805258727ecd3e6c0ad37fc7e6590c993375732,7222446780603193936485021555727686526767361285081920316169851879719387571951,BUY,0.899,346.0,311.05400000000003,1775877465,No,1,"NATO x Russia military clash by June 30, 2026?",nato-x-russia-military-clash-in-2025,0xf4a94f5c5b235c4ad4c910ec362389ddb73b494c0a489c53ca16818d1b02fe51
a3537a81478ab953167ced5015353932c48b4455,0xcfeaa2e026b2d5e92d76c5925be6f41834c3cba7,0xc282e575295b4f8776b590124e89c9ea9bbb4cbc81207e830a044c2707016b74,49426234325198204078534361405300950021729630973615353343870768129871318658554,BUY,0.947,100.0,94.69999999999999,1775892091,Tigres de la UANL,1,Spread: CD Guadalajara (-2.5),mex-tig-gua-2026-04-11-more-markets,0xf59b7770f7a75ff9f519b175170043cc90a389f696306b712a60da74b4fc15b3
4e146a4638b232c6fc7f32b207444169dd0b1292,0xcfeaa2e026b2d5e92d76c5925be6f41834c3cba7,0xc282e575295b4f8776b590124e89c9ea9bbb4cbc81207e830a044c2707016b74,49426234325198204078534361405300950021729630973615353343870768129871318658554,BUY,0.947,229.0,216.863,1775892107,Tigres de la UANL,1,Spread: CD Guadalajara (-2.5),mex-tig-gua-2026-04-11-more-markets,0xde872d4f898e4323067c6c14b450bd5687cd9dfdb757b8d5ee974212d53ad9f8
008a5d4100dccb6bd378552beafcd9bf77539c5f,0xd34f2b5e9ee02bed8a107fdf9bda2d866dc61c95,0x7014ca6fb82a18e414c7f5ce443c4492fbf96dd1e286ce7f49ba8b703d01cb5b,51115921093242463938032063178519273775992480442959272925866474816565712716687,BUY,0.987,7.98504,7.88123448,1775952325,No,1,"Will Bitcoin dip to $71,000 on April 11?",what-price-will-bitcoin-hit-on-april-11,0xe24c7af3ea252f8fe4ef3b1739b4b0e36d8cad64e92d3b728ac187e8faae81a3
83e80bfc727551df13c770adb1f410d33631ccab,0xd34f2b5e9ee02bed8a107fdf9bda2d866dc61c95,0x7014ca6fb82a18e414c7f5ce443c4492fbf96dd1e286ce7f49ba8b703d01cb5b,51115921093242463938032063178519273775992480442959272925866474816565712716687,BUY,0.988,3.8733,3.8268204,1775952343,No,1,"Will Bitcoin dip to $71,000 on April 11?",what-price-will-bitcoin-hit-on-april-11,0x8c765c394ab553dc2124e7459f12f237d3ccc8a3f62ce315b00a607683b75fee
5154d2ec86a189c42f5e192690be6be07d007218,0xd34f2b5e9ee02bed8a107fdf9bda2d866dc61c95,0x7014ca6fb82a18e414c7f5ce443c4492fbf96dd1e286ce7f49ba8b703d01cb5b,51115921093242463938032063178519273775992480442959272925866474816565712716687,BUY,0.989,99.8416,98.7433424,1775952359,No,1,"Will Bitcoin dip to $71,000 on April 11?",what-price-will-bitcoin-hit-on-april-11,0x5999ccd594c10f1b5b612482f0048bf12c9018e046d4de3c4aaa69f80af609a0
2b0178768c198a1909a7fc64983a8bb6deb24d22,0xd34f2b5e9ee02bed8a107fdf9bda2d866dc61c95,0x7014ca6fb82a18e414c7f5ce443c4492fbf96dd1e286ce7f49ba8b703d01cb5b,51115921093242463938032063178519273775992480442959272925866474816565712716687,BUY,0.989,99.8416,98.7433424,1775952365,No,1,"Will Bitcoin dip to $71,000 on April 11?",what-price-will-bitcoin-hit-on-april-11,0x68bfaf0c9298a2d3000fd908c1c971808b60e5396f17b548e66e3d54eb6e2104
888669310a30980e2eccaa8d43689416b8c3a451,0xd34f2b5e9ee02bed8a107fdf9bda2d866dc61c95,0x7014ca6fb82a18e414c7f5ce443c4492fbf96dd1e286ce7f49ba8b703d01cb5b,51115921093242463938032063178519273775992480442959272925866474816565712716687,BUY,0.989,99.8416,98.7433424,1775952371,No,1,"Will Bitcoin dip to $71,000 on April 11?",what-price-will-bitcoin-hit-on-april-11,0x0fba037e95187a35992ffb56b72702e315efb327de0cd4fb421877a79b0c670a
4bfdcf328bbb74377312c695eb3fc64395d259fa,0xd34f2b5e9ee02bed8a107fdf9bda2d866dc61c95,0x7014ca6fb82a18e414c7f5ce443c4492fbf96dd1e286ce7f49ba8b703d01cb5b,51115921093242463938032063178519273775992480442959272925866474816565712716687,BUY,0.989,299.5248,296.23002720000005,1775952381,No,1,"Will Bitcoin dip to $71,000 on April 11?",what-price-will-bitcoin-hit-on-april-11,0xe9b0282a69ae80fb4d338d04874584f4a52e069b14510182f9931dde9495df31
afa9086efc584dd9bd2779321e8d1bdfd5d37214,0xd34f2b5e9ee02bed8a107fdf9bda2d866dc61c95,0x7014ca6fb82a18e414c7f5ce443c4492fbf96dd1e286ce7f49ba8b703d01cb5b,51115921093242463938032063178519273775992480442959272925866474816565712716687,BUY,0.989,599.0496,592.4600544000001,1775952385,No,1,"Will Bitcoin dip to $71,000 on April 11?",what-price-will-bitcoin-hit-on-april-11,0x2da545e4130a65bc8e153c930ba6ef35a0cc4ca44d91898dc95c1292b777fb7c
bfee475317e72522f30cc8d9a0ff058b29d3299f,0xd34f2b5e9ee02bed8a107fdf9bda2d866dc61c95,0x7014ca6fb82a18e414c7f5ce443c4492fbf96dd1e286ce7f49ba8b703d01cb5b,51115921093242463938032063178519273775992480442959272925866474816565712716687,BUY,0.99,29.9568,29.657232,1775952397,No,1,"Will Bitcoin dip to $71,000 on April 11?",what-price-will-bitcoin-hit-on-april-11,0x00dfc986b5f335f398d9369d11b40bfb5aa1f9fd526c2fcacf1d642d738adf6d
122916fd6e987a54ff36627584577bf30d7305d4,0xd34f2b5e9ee02bed8a107fdf9bda2d866dc61c95,0x7014ca6fb82a18e414c7f5ce443c4492fbf96dd1e286ce7f49ba8b703d01cb5b,51115921093242463938032063178519273775992480442959272925866474816565712716687,BUY,0.991,1198.4448,1187.6587968,1775952565,No,1,"Will Bitcoin dip to $71,000 on April 11?",what-price-will-bitcoin-hit-on-april-11,0xb8c552f2f3651a56f150baa09694854bf885344fcca5248fe8876ce834f7f13d
1a84ffbd867734ef767552e00b1bdfdcd0223d51,0xd34f2b5e9ee02bed8a107fdf9bda2d866dc61c95,0x842bc98c9f7c707752805cc886cf3674ab8a7775ec319ba68ce8d7b0d01ed991,3778384374216307224058507849359501119562292781358733070496577814531360557458,BUY,0.997,1199.4816,1195.8831552000001,1776049009,No,1,"Will Bitcoin dip to $70,000 on April 12?",what-price-will-bitcoin-hit-on-april-12,0x0fb4369486271d04eddbf67bd91a531687bac505da82fbebf37977ab5125bc88
5a179637044777619e4011bf4b30d6b2ae9fd872,0xd34f2b5e9ee02bed8a107fdf9bda2d866dc61c95,0x842bc98c9f7c707752805cc886cf3674ab8a7775ec319ba68ce8d7b0d01ed991,3778384374216307224058507849359501119562292781358733070496577814531360557458,BUY,0.997,1199.4816,1195.8831552000001,1776049071,No,1,"Will Bitcoin dip to $70,000 on April 12?",what-price-will-bitcoin-hit-on-april-12,0xb8bf1d81b1bfc271b573aea8f8ae1e2e149f74f18b4656f56509bc0b3b9418c5
58a429e717491db45427ebd5ad53eb959e555cfe,0xd34f2b5e9ee02bed8a107fdf9bda2d866dc61c95,0xbc820c185b6fe8a77c3ac68a54bdcd6ef28667b5f4ec5f09c0ea65002c6ee49e,59958815582789946954927415047841080910430013144690385235459895644447027204067,BUY,0.9908337,1198.41608,1187.431038685896,1776090049,Yes,0,"Will the price of Bitcoin be above $70,000 on April 13?",bitcoin-above-on-april-13,0x6470282c8b1f17f00c1e63632a483d6bca251a65145918ce211c57996e0e63a2
67e9e81b82bf2c1d630fa467faab5d1e3536b9c2,0xd34f2b5e9ee02bed8a107fdf9bda2d866dc61c95,0xbc820c185b6fe8a77c3ac68a54bdcd6ef28667b5f4ec5f09c0ea65002c6ee49e,59958815582789946954927415047841080910430013144690385235459895644447027204067,BUY,0.989,2.69574,2.6660868599999996,1776090099,Yes,0,"Will the price of Bitcoin be above $70,000 on April 13?",bitcoin-above-on-april-13,0x43d167b424bec3dd1108017a4bba4e55c525b13ead1dd40bf7fb8c6e3a13a527
fd0ec5182e7bc3a90dea09d4fef75c82039529d5,0xd34f2b5e9ee02bed8a107fdf9bda2d866dc61c95,0xbc820c185b6fe8a77c3ac68a54bdcd6ef28667b5f4ec5f09c0ea65002c6ee49e,59958815582789946954927415047841080910430013144690385235459895644447027204067,BUY,0.992,269.68896,267.53144832,1776090387,Yes,0,"Will the price of Bitcoin be above $70,000 on April 13?",bitcoin-above-on-april-13,0x86074ae607bccd3accdf8c6ea2ad91943c354bd64ee801cd1c4bad021d5b6b52
28432783543db0b9a4c2d7a8667a1f347d9704e9,0xd34f2b5e9ee02bed8a107fdf9bda2d866dc61c95,0x93ed1d89ea9d6e33407ff855208ccec530055798b11f09572fa463349ce96b7c,25090371112225088338991029732296637210882194479395081460235352638655999590776,BUY,0.985,907.41574,893.8045039,1776178685,Yes,0,"Will the price of Bitcoin be above $74,000 on April 14?",bitcoin-above-on-april-14,0x6e03a28f365f8c92dce1ca3ad3b00c19937d4641f2505edbb401eb4a2445ce32
6b0867963810ed6f8ca7bd6922633e3c9b3637f9,0xd34f2b5e9ee02bed8a107fdf9bda2d866dc61c95,0x93ed1d89ea9d6e33407ff855208ccec530055798b11f09572fa463349ce96b7c,25090371112225088338991029732296637210882194479395081460235352638655999590776,BUY,0.985,39.94354,39.344386899999996,1776178689,Yes,0,"Will the price of Bitcoin be above $74,000 on April 14?",bitcoin-above-on-april-14,0xf9a7d6511923157837148aa08481364214aec1b5970314829725215f835bb3a0
2791be422a0d11f38090892d34e3ddbb4def73e3,0xd34f2b5e9ee02bed8a107fdf9bda2d866dc61c95,0x93ed1d89ea9d6e33407ff855208ccec530055798b11f09572fa463349ce96b7c,25090371112225088338991029732296637210882194479395081460235352638655999590776,BUY,0.985,518.90674,511.1231389,1776178691,Yes,0,"Will the price of Bitcoin be above $74,000 on April 14?",bitcoin-above-on-april-14,0xd12f5d4f8e0141ba33183385021c5e9279a5d1e2eb772b61207587b330ae8887
7f098efd4b816523f11c9a16f9273d7fc05483f6,0xd34f2b5e9ee02bed8a107fdf9bda2d866dc61c95,0x93ed1d89ea9d6e33407ff855208ccec530055798b11f09572fa463349ce96b7c,25090371112225088338991029732296637210882194479395081460235352638655999590776,BUY,0.986,29.96946,29.549887560000002,1776178701,Yes,0,"Will the price of Bitcoin be above $74,000 on April 14?",bitcoin-above-on-april-14,0x174481eb978a2d30a4c2d222401441a0473220070ac2c7c1e01d35ee280f4f35
168c7679072af8058630b153fb3c9e4f9ccd3bee,0xd34f2b5e9ee02bed8a107fdf9bda2d866dc61c95,0x7438bf2de0ee87a308aa099c59195adeee2ec11ff377bd55894d5e8432a9454c,7229788803562598857279243188405415811858371773914237759532775096216606176167,BUY,0.996,999.424,995.426304,1776213682,No,1,"Will Bitcoin dip to $72,000 on April 14?",what-price-will-bitcoin-hit-on-april-14,0x3e85e7f7199b956e6c181ad6545a92a20bce23fc652c9080058c245166291196
4b38b27b29b91ab150ec606b3fa90047c24b004a,0xd34f2b5e9ee02bed8a107fdf9bda2d866dc61c95,0xa4a0da10681ad4d5d111b94522c31ddbc11ccb414a12cbe778704d41a69abf0b,58782331120456500917469373370703617331878388045662842442218257975963412102431,BUY,0.983,238.41494,234.36188602,1776213722,No,1,"Will Bitcoin dip to $73,000 on April 14?",what-price-will-bitcoin-hit-on-april-14,0x2ceb2d7e278d46befcf0080a85e8668c4f4d05e2c1f1b8f6e7ba119f61163d8d
c65650f2027673b859359baf368dbb227d58732a,0xd34f2b5e9ee02bed8a107fdf9bda2d866dc61c95,0x894a26116ec1e467d89955a029545e090bbc38713351e21971da5c1572056c25,115730163824884769511972888651034351716525759147508567371667416148347583323310,BUY,0.419,543.0,227.517,1776273488,No,1,"Israel x Hezbollah ceasefire by April 15, 2026?",israel-x-hezbollah-ceasefire-by,0x095c6acb00db4d570689fefe2749baf674a46ebcf069930be86781edfba537da
423be75498740adc079c7e2698025645c11571a4,0xd34f2b5e9ee02bed8a107fdf9bda2d866dc61c95,0x894a26116ec1e467d89955a029545e090bbc38713351e21971da5c1572056c25,115730163824884769511972888651034351716525759147508567371667416148347583323310,BUY,0.4197251013,543.0,227.9107300059,1776273492,No,1,"Israel x Hezbollah ceasefire by April 15, 2026?",israel-x-hezbollah-ceasefire-by,0x9b05c59adf8009cc163faa22b886ff3d981f80137e98593787492cd2d6fe2941
3fb359b657890de98d1b353be4b169aa3887372e,0xd34f2b5e9ee02bed8a107fdf9bda2d866dc61c95,0x894a26116ec1e467d89955a029545e090bbc38713351e21971da5c1572056c25,115730163824884769511972888651034351716525759147508567371667416148347583323310,BUY,0.4116037534,1087.0,447.4132799458,1776273522,No,1,"Israel x Hezbollah ceasefire by April 15, 2026?",israel-x-hezbollah-ceasefire-by,0x889998b255ab9f75538db15aa31a54fb99c24bc3795f9f2bf9a4db95f7033021
c27cd37cc5627a93d4950df5be3f7f42247993bd,0xd34f2b5e9ee02bed8a107fdf9bda2d866dc61c95,0x894a26116ec1e467d89955a029545e090bbc38713351e21971da5c1572056c25,115730163824884769511972888651034351716525759147508567371667416148347583323310,BUY,0.476,90.0,42.839999999999996,1776273938,No,1,"Israel x Hezbollah ceasefire by April 15, 2026?",israel-x-hezbollah-ceasefire-by,0x3d528451ae79237e323be6b682eda517868251513ad98f79a0b78aebda4cbae6
7a29aefdff43c55dff55377d575495568f3a5a42,0xd34f2b5e9ee02bed8a107fdf9bda2d866dc61c95,0x894a26116ec1e467d89955a029545e090bbc38713351e21971da5c1572056c25,115730163824884769511972888651034351716525759147508567371667416148347583323310,BUY,0.47,285.0,133.95,1776273954,No,1,"Israel x Hezbollah ceasefire by April 15, 2026?",israel-x-hezbollah-ceasefire-by,0x0f36fb5eab7e874f003ddc6670fa169159bad8412e5594c19c22f2089b20e44f
2d0d49413093e37abd06fb4631f2ce668d1e9a4f,0xd34f2b5e9ee02bed8a107fdf9bda2d866dc61c95,0x894a26116ec1e467d89955a029545e090bbc38713351e21971da5c1572056c25,115730163824884769511972888651034351716525759147508567371667416148347583323310,BUY,0.51,29.0,14.790000000000001,1776274456,No,1,"Israel x Hezbollah ceasefire by April 15, 2026?",israel-x-hezbollah-ceasefire-by,0x1da097a7ab1caf82c9556e89c442167050b4d10d89e4b3b5d333892fbd4eb0e9
a851efd0f38ec87aeb871e94e8af9f4095862876,0xd34f2b5e9ee02bed8a107fdf9bda2d866dc61c95,0xbc1eeb2c77765dd73dae4d17968025a23888094ef832d0eeabfbbd6849c2299c,17366489626684585536180851561794706169275431484649103777326682967800585722668,BUY,0.996,30.01272,29.89266912,1776437724,No,1,"Will the price of Bitcoin be above $80,000 on April 17?",bitcoin-above-on-april-17,0x1a0723f8b2d9c8d42c00988ec2a1f4d1ab235dac3267079861a832510f51aa58
207d1e36f7d5fc154bcd26f2f56c99b93fcc416b,0xd34f2b5e9ee02bed8a107fdf9bda2d866dc61c95,0xbc1eeb2c77765dd73dae4d17968025a23888094ef832d0eeabfbbd6849c2299c,17366489626684585536180851561794706169275431484649103777326682967800585722668,BUY,0.996,2998.272,2986.2789119999998,1776437790,No,1,"Will the price of Bitcoin be above $80,000 on April 17?",bitcoin-above-on-april-17,0x1853365d427764f40500439cf0f0a041af388e7f256b2871785e9044565dd749
a982a4f68dd6d31de7f5bb61f28ae77c20635d23,0xd34f2b5e9ee02bed8a107fdf9bda2d866dc61c95,0xbc1eeb2c77765dd73dae4d17968025a23888094ef832d0eeabfbbd6849c2299c,17366489626684585536180851561794706169275431484649103777326682967800585722668,BUY,0.9958888889,899.46722,895.7694103277719,1776437810,No,1,"Will the price of Bitcoin be above $80,000 on April 17?",bitcoin-above-on-april-17,0x9221696c23a21d0d027a0463efc8672dcc2e8f67bfa2e49794498e05913e0019
7ceebfee20ded107dd6140a170e538961d109b32,0x91327ef84dca65ca90eea309c5d455daee4b8256,0x34af92bc260aaf1823fb0c3cab21c80d4dacdf1c07f1b75b62d4ca0cb4f2e725,81119856106856041876131562797836806504248976191017264919548224841883903184673,BUY,0.992,220.4158,218.65247359999998,1776503636,No,1,"Will Bitcoin reach $84,000 April 13-19?",what-price-will-bitcoin-hit-april-13-19,0x79b8ffc5ac39dbd2f361e7a622486a9721b81cd995ae39e7ad0e82ec91fd90eb
3738c74c379dcfc48caf794a464346723893afd2,0x6274f5f961800af6ddef3d6a362ba12422166907,0xbbc6689d0f6d57ea42168836712237c7308b3e0118c8914d31b6126d0f3254c5,10355316169421062771540371697837923442956106006258739802114788264214901200573,SELL,0.1367584667,6000.0,820.5508002,1776585018,Yes,0,"US x Iran permanent peace deal by April 22, 2026?",us-x-iran-permanent-peace-deal-by,0xb7805694eda93022337fa2ef14e8b4f06a95c053e74f47740d24d10f7b15e8ea
b464c78e30b72c3a78ec6ba56fb026c3a6fae016,0xd34f2b5e9ee02bed8a107fdf9bda2d866dc61c95,0x79b8e743e31d874f530a6bb48917b1cc59c867d3804115adf04ad9f36e6351b5,95301308185841556858285499177251803363453813945090298357749191879601260796150,BUY,0.998,5227.49406,5217.03907188,1776652628,No,1,"Will Bitcoin dip to $73,000 on April 19?",what-price-will-bitcoin-hit-on-april-19,0xf265b99a8e47ead80ad603e87ab2bf3183eb8a7a6102df09e83d0f7eac6d5446
07e778a51b9ff658dfbf6feaef7227e6fe2f68b9,0xd34f2b5e9ee02bed8a107fdf9bda2d866dc61c95,0xf591be76278370a628faf6e4dca0b01892bfb5010983430fe32417a56f5ac343,69840349056971276423376211721438893378499829043302559890610749738486961385146,BUY,0.999,2999.568,2996.568432,1776697026,No,1,"Will the price of Bitcoin be above $78,000 on April 20?",bitcoin-above-on-april-20,0x5ff847b8714531d21a4c33d83a0084b89f68ba69c606567d34a84ccade5df4b8
67ffb2b33dc2ad21658021e7e993ec211a013685,0xd34f2b5e9ee02bed8a107fdf9bda2d866dc61c95,0xf591be76278370a628faf6e4dca0b01892bfb5010983430fe32417a56f5ac343,69840349056971276423376211721438893378499829043302559890610749738486961385146,BUY,0.999,2241.67716,2239.43548284,1776697080,No,1,"Will the price of Bitcoin be above $78,000 on April 20?",bitcoin-above-on-april-20,0x5dd217e5a244ff7abf3f24f1cbdd22cb374ee1bbfea2fce696e04f6af5771cc2
ba4697b87774b9b5995b3fbef96ff13ae2a1d343,0xd34f2b5e9ee02bed8a107fdf9bda2d866dc61c95,0x545845357e45f1219e3dc4c0706474d0ba875cd9dc1b3995c5150344108ecb61,4980708561224897339629657964699663460186304394361174446931905649887360882924,BUY,0.99,99.856,98.85744,1776712362,Yes,0,"Bitcoin above 75,200 on April 20, 4PM ET?",bitcoin-above-on-april-20-2026-4pm-et,0xbed7a4cf9556253540c152f70cec941cd5ace26ce9e47e217666911dd537dd37
884ccb4a4890367cbf0c22b6667027b3aaa8c623,0xd34f2b5e9ee02bed8a107fdf9bda2d866dc61c95,0x788ab79efbf456b126a42d8adebf8841003be2f74d9592abd5dfc972b71c1805,97454302602641530606910089523647063302324521333744668155096780324605276117385,BUY,0.999,1000.75588,999.75512412,1776715838,No,1,"Bitcoin above 78,200 on April 20, 5PM ET?",bitcoin-above-on-april-20-2026-5pm-et,0x17f10e5e48d6c6b8ad337107855c77e5086971b3b594e3ea92f7838f4e3a7bff
8b04b68bd3ebb8fac0a0879f1e4a2d7c92074067,0xd34f2b5e9ee02bed8a107fdf9bda2d866dc61c95,0xb1367b92b00084562c59e40ede1dc1e01bb1fb75a90538dd5a20e8dac761ca46,86804899612316009787986975852104667446293567526646018488404966880362243155494,BUY,0.998,465.35594,464.42522812,1776715848,No,1,"Bitcoin above 77,800 on April 20, 5PM ET?",bitcoin-above-on-april-20-2026-5pm-et,0x6666ef815835affe6ffa6db5efd60a6ad0a4588de66c42d8e539633620628161
b24acf8e8c602ae4304c10e8cbe7c8424299c614,0xd34f2b5e9ee02bed8a107fdf9bda2d866dc61c95,0xb1367b92b00084562c59e40ede1dc1e01bb1fb75a90538dd5a20e8dac761ca46,86804899612316009787986975852104667446293567526646018488404966880362243155494,BUY,0.998,34.54006,34.470979879999994,1776716220,No,1,"Bitcoin above 77,800 on April 20, 5PM ET?",bitcoin-above-on-april-20-2026-5pm-et,0xd2cbcc1bf5dd2af0d1c19e26f089a74439ac5d1915ea5041dde060b3c9863c28
8d579f3d95f834c7fccf58eca2069e9061554937,0xd34f2b5e9ee02bed8a107fdf9bda2d866dc61c95,0x81efad28a904dee3ce99c4b54a25c9d72d82c4852d492fb9689b46a5ab867a9c,75336946930584193798215673101741152764384480793799319527987205615444098689780,BUY,0.998,375.11194,374.36171612,1776716296,No,1,"Bitcoin above 77,400 on April 20, 5PM ET?",bitcoin-above-on-april-20-2026-5pm-et,0x04a31dbb802b9e4b9a0eea213bd574e62514f0a1d7b56136a9abcc7f93fc0a2d
c473e9d58357a4f8d8ef833aeb6dafcbb1db61f3,0xd34f2b5e9ee02bed8a107fdf9bda2d866dc61c95,0xb1367b92b00084562c59e40ede1dc1e01bb1fb75a90538dd5a20e8dac761ca46,86804899612316009787986975852104667446293567526646018488404966880362243155494,BUY,0.999,1099.8416,1098.7417584,1776716438,No,1,"Bitcoin above 77,800 on April 20, 5PM ET?",bitcoin-above-on-april-20-2026-5pm-et,0x14c39755897c95af03e183ede68c13bb982c6f7c0583ea98f3756c7a7cf8ff33
c57c2b6e525c56650be542cdfa9dac2a2db70d73,0xd34f2b5e9ee02bed8a107fdf9bda2d866dc61c95,0x79044af77905b23b39a3c78e462dfc3b7ee3622d01c5fe433127e98453d4c34f,105570639204472680324284211397159961262624785942726500089594725681189373393819,BUY,0.999,346.92004,346.57311996,1776716710,Yes,0,"Bitcoin above 74,200 on April 20, 5PM ET?",bitcoin-above-on-april-20-2026-5pm-et,0x0700917f9f4cd869bd58624391c0b7e6f845ef87def4f11bd8fce5ddee06ab70
5fb06f180a1f0fb40bf6f1dae2c85302c26c5c31,0xd34f2b5e9ee02bed8a107fdf9bda2d866dc61c95,0x81efad28a904dee3ce99c4b54a25c9d72d82c4852d492fb9689b46a5ab867a9c,75336946930584193798215673101741152764384480793799319527987205615444098689780,BUY,0.998,97.97178,97.77583643999999,1776717168,No,1,"Bitcoin above 77,400 on April 20, 5PM ET?",bitcoin-above-on-april-20-2026-5pm-et,0xc318bd3b53cb222c4eb19c1e25228cc79b1f37e98f39925ed085e85c2489243c
60b3bf5f0fa9916db8b38a61f305e7356ba2fddd,0xd34f2b5e9ee02bed8a107fdf9bda2d866dc61c95,0x81efad28a904dee3ce99c4b54a25c9d72d82c4852d492fb9689b46a5ab867a9c,75336946930584193798215673101741152764384480793799319527987205615444098689780,BUY,0.999,1149.8344,1148.6845656,1776717174,No,1,"Bitcoin above 77,400 on April 20, 5PM ET?",bitcoin-above-on-april-20-2026-5pm-et,0xa67734b9d27b9ce491b82b361c58d0afde4e1b8b867d95cd361df620e12bedab
d1b3a8869fa8cf325f88801bdfc242096b9995e0,0xd34f2b5e9ee02bed8a107fdf9bda2d866dc61c95,0xe4fe433d7a047e6a7a4addda6a8df73815d86e1b0041f04cd2380d4e00b910f7,62194216666415188616257470226141958812538298186597443176792533171978406772678,BUY,0.999,1278.18592,1276.90773408,1776738762,No,1,"Will Bitcoin dip to $74,000 on April 20?",what-price-will-bitcoin-hit-on-april-20,0x54b6da6b75641b17f5fd77556424d1480a1030b36e80bf71a80ca5ad10b57012
4bc6a4d6a33e9554386190751e0b67288dd20aca,0xd34f2b5e9ee02bed8a107fdf9bda2d866dc61c95,0xd7c9496fcab12fa13507d818bd1901c6bdaee946208f94ec98f664cd34e5d98a,94844445512482329013953490118251062851758001418874146012839751949182995523359,BUY,0.998,3798.9056,3791.3077888000003,1776739562,No,1,"Will Bitcoin reach $77,000 on April 20?",what-price-will-bitcoin-hit-on-april-20,0x911a3c672265cf4416b0608173779e1e1c6b27481fa65079332207b3a09902af
c904687e7ae89cb3dd2fdbdcd77eda3e58afb823,0xd34f2b5e9ee02bed8a107fdf9bda2d866dc61c95,0xd7c9496fcab12fa13507d818bd1901c6bdaee946208f94ec98f664cd34e5d98a,94844445512482329013953490118251062851758001418874146012839751949182995523359,BUY,0.998,14.99568,14.96568864,1776739622,No,1,"Will Bitcoin reach $77,000 on April 20?",what-price-will-bitcoin-hit-on-april-20,0x734d220d7cc944fb88df5225b08ad7c2a32af9a7806276fe6e7e8f99d06643e1
4b40005bf1f0b51bb853c7daa09817a9dc498f84,0xd34f2b5e9ee02bed8a107fdf9bda2d866dc61c95,0xbbc6689d0f6d57ea42168836712237c7308b3e0118c8914d31b6126d0f3254c5,112998834930140849739317686306046962022222428099467375077336504369963794934957,BUY,0.88,5261.0,4629.68,1776778196,No,1,"US x Iran permanent peace deal by April 22, 2026?",us-x-iran-permanent-peace-deal-by,0x5625b86ea28a1d392c46dd433ba089b4f5cc0035063e6b06ef5dfa08490c631f
3a035ca33a78714158a005aa08c26e9115cafba9,0xd34f2b5e9ee02bed8a107fdf9bda2d866dc61c95,0xbbc6689d0f6d57ea42168836712237c7308b3e0118c8914d31b6126d0f3254c5,112998834930140849739317686306046962022222428099467375077336504369963794934957,BUY,0.88,630.0,554.4,1776778206,No,1,"US x Iran permanent peace deal by April 22, 2026?",us-x-iran-permanent-peace-deal-by,0x0b13ea6ca920ba396572c46f28b0e9711aaeb64ce687c490626e15f0c1f79da5
0966bc080093c5b0c6fb028444712839a6e4f3bc,0xd34f2b5e9ee02bed8a107fdf9bda2d866dc61c95,0xbbc6689d0f6d57ea42168836712237c7308b3e0118c8914d31b6126d0f3254c5,112998834930140849739317686306046962022222428099467375077336504369963794934957,BUY,0.88,85.0,74.8,1776778226,No,1,"US x Iran permanent peace deal by April 22, 2026?",us-x-iran-permanent-peace-deal-by,0xeb1109d21c890cd4a0ea5439776305682e5f6fc8d3ff75019a336f8cffd9197a
9c884fb80a798907b3d372df65168e9e345b7a81,0x91327ef84dca65ca90eea309c5d455daee4b8256,0xc296ac8f5e4d5eba0b6a36ed37be793f80e6547bf6b00cca8aa4a94c199263f1,57170655120592423080818129083831863519910936813712908290183067396876576619927,BUY,0.994,221.4585,220.12974899999998,1776947754,No,1,"Will Bitcoin dip to $64,000 April 20-26?",what-price-will-bitcoin-hit-april-20-26,0x8387c02c97fe1d23f9beb9090712f31f026f525c7856ec25e7f7e14dada1c1a0
a3a8f0741e0dff3d28cb7a42dbb2e6943e36b7cd,0xd34f2b5e9ee02bed8a107fdf9bda2d866dc61c95,0x8a9d48e62a62217e7ccc89f20e929ea2755b5d60b0f935ee0ae8e8e0abab6448,87064182455367242177211016663340077974284307051653710454213565577379952548777,BUY,0.981,460.44678,451.69829117999996,1776952784,Yes,0,"Will the price of Bitcoin be above $76,000 on April 23?",bitcoin-above-on-april-23,0xf6b26770e76049ae565c5159ddc97c864abb0d0c8531dbabfac1debfebc0f7ed
65d55333e186418909c32eea90d86b459153dd80,0x2a17c545d823842cdc8baedb5d61ac4e32aeef0f,0x0a41fdad163a6627011670f3825b0a7ba6846898edd967bf99e35edaf8e01c39,83546855922199778278638110763381036580571988319455032243211392303129625422550,BUY,0.958,446.0,427.268,1777018010,No,1,"Taiwanese Premier Cho Jung-tai out by June 30, 2026?",taiwanese-premier-cho-jung-tai-out-by,0x03e193baece58d4864f152eac2a5d7613092bfb5f867e8f6e119196a8f7498f4
774ae3fbd4ee58656db6e90fe177e9ee56379268,0x2a17c545d823842cdc8baedb5d61ac4e32aeef0f,0xdbda2c45b2e75048d4f90a04f077de9f7b48b1204efc8d36519879260412449d,57087600911992059973171756544926457626942403028463114038873972620357923946871,BUY,0.94,453.362,426.16028,1777020078,Rams Başakşehir FK,1,Spread: Kasımpaşa SK (-1.5),tur-iba-kas-2026-04-24-more-markets,0x1398731282e0c09d7b72c2b0f26b2e69c011bad85e37d4867425f61ab463c131
1de579896f2e37fa804eba78a29515002e201283,0xd34f2b5e9ee02bed8a107fdf9bda2d866dc61c95,0x6f0f8eccdbec39edf7fcb23173db3f03d641d2e0b60794cc5fff40c0c6af0d84,112081862431831228240946045819283308816289109088010313686253887260363961809762,BUY,0.998,101.68072,101.47735856,1777042474,Yes,0,"Will the price of Bitcoin be above $76,000 on April 24?",bitcoin-above-on-april-24,0x07af5979cf9a16a693dd1c17668db45c552344530439761d842b7c5af8dd1380
b9c8fc2b7aa62bdb1601c747858da636e8688ecf,0xd34f2b5e9ee02bed8a107fdf9bda2d866dc61c95,0x6f0f8eccdbec39edf7fcb23173db3f03d641d2e0b60794cc5fff40c0c6af0d84,112081862431831228240946045819283308816289109088010313686253887260363961809762,BUY,0.999,2391.65556,2389.2639044400003,1777042490,Yes,0,"Will the price of Bitcoin be above $76,000 on April 24?",bitcoin-above-on-april-24,0x56f220930d5a614b90c2d6e76bc8bed194ae52b9fcaa09d91ccdc656a7377a2a
cbd70fcd3c441d4a1c1af9a1c325b81556e7776c,0xd34f2b5e9ee02bed8a107fdf9bda2d866dc61c95,0x112f29096562552d16b628ac893401c23bcd65b2fcb6a4614ff33fbc7420b37c,83989997595849043856554621480817484019303357145628341034666633785844463263122,BUY,0.996,38.43786,38.28410856,1777080254,No,1,"Will Bitcoin dip to $75,000 on April 24?",what-price-will-bitcoin-hit-on-april-24,0x252477194226f1edef0388b3e0d3e91a23036381055afda4f94f0b3507c68e7f
bd09587aa2629ac90d15ab5149d3586a08489840,0xd34f2b5e9ee02bed8a107fdf9bda2d866dc61c95,0x112f29096562552d16b628ac893401c23bcd65b2fcb6a4614ff33fbc7420b37c,83989997595849043856554621480817484019303357145628341034666633785844463263122,BUY,0.997,1844.96264,1839.42775208,1777080276,No,1,"Will Bitcoin dip to $75,000 on April 24?",what-price-will-bitcoin-hit-on-april-24,0x089ca299b0c400f03e2993a149b9cfbd404d6fb4e1b25af4233ee38280ae04a5
c8e97ea74623e2f12d2f8dd39ddaec17c75241b5,0x6274f5f961800af6ddef3d6a362ba12422166907,0x325d0ee18895109bd0e6127dea6c589e2644b1635a8b9e7f5c7909378a51ad5f,7819108979748412373826964314628661442305937682808460639462882558404746144217,BUY,0.984,324.0,318.816,1777082724,No,1,"Will Japan send warships through the Strait of Hormuz by April 30, 2026?",which-countries-will-send-warships-through-the-strait-of-hormuz-by-april-30,0xb58f3ee42f892e70bd19af692810a0f8ede1c25f69e2b05781fb3f6a8f25a4b9
2864e7b75f8e69b9a96d6370475a7e9308d4b8a2,0xcfeaa2e026b2d5e92d76c5925be6f41834c3cba7,0x663ab202c03a5e1d399578d44a3b124307db73caba79b2ead36c52ce6094b2d4,13087547955543223651509733304346768461677455960394532927963165254525635891443,BUY,0.969,200.0,193.79999999999998,1777083440,No,1,"Will any country leave NATO by June 30, 2026?",will-any-country-leave-nato-in-2025,0xf80a923f4b944548dcd81ac801a60fa18a5cfe0a64ebc88d91d68a2b92a3b926
c6258f56323a387517f74b6d741dea6b73e102f6,0xcfeaa2e026b2d5e92d76c5925be6f41834c3cba7,0x663ab202c03a5e1d399578d44a3b124307db73caba79b2ead36c52ce6094b2d4,13087547955543223651509733304346768461677455960394532927963165254525635891443,BUY,0.969,239.0,231.59099999999998,1777083480,No,1,"Will any country leave NATO by June 30, 2026?",will-any-country-leave-nato-in-2025,0x60b5ad94a14a479185360b62d154d2670c6acacf3938684b03e7376f125f744d
81826ddb92963aa17b786bc048d852cf4156825e,0x6274f5f961800af6ddef3d6a362ba12422166907,0x325d0ee18895109bd0e6127dea6c589e2644b1635a8b9e7f5c7909378a51ad5f,7819108979748412373826964314628661442305937682808460639462882558404746144217,SELL,0.99,12.15,12.028500000000001,1777099916,No,1,"Will Japan send warships through the Strait of Hormuz by April 30, 2026?",which-countries-will-send-warships-through-the-strait-of-hormuz-by-april-30,0x0cc16559ad0ca77d03fac3e6ce17fcc3dbf21ecd9cf17dcbfbdfebfc039df61a
a94aad5a84e9f21042b89d547ce9564934d5bb45,0x6274f5f961800af6ddef3d6a362ba12422166907,0x1b75a1e8a3ac9975d55f7f7aa51b8c91c0f0ca43d0aab5eba4e02caa34c052f2,52901621943012392420799318377351058510678192450483777247252638331930729621310,BUY,0.94,390.5888,367.15347199999997,1777100004,Eyüpspor,1,Spread: Gaziantep FK (-2.5),tur-eyu-gfk-2026-04-25-more-markets,0xf5f1fd8ee97df1a5caa49f5f17f1ecbffc5844c23fd2f0bc05bb72bc886595c1
91b914f157ee4a62b8c7bde1720910609f783b64,0xd34f2b5e9ee02bed8a107fdf9bda2d866dc61c95,0x7c8241e9d7d1a6e8a42c6af38aeb18479ce087f7e47227399273b12766cb9ab2,1779256133940495628599037184919928752636482208365471696872270700614989767882,BUY,0.98,561.34,550.1132,1777148236,No,1,"US x Iran diplomatic meeting by April 26, 2026?",us-x-iran-diplomatic-meeting-by-329,0xcc6cf64cdcbf6e39d0bfb0885e2f99662c00aeacbb7fabbf87ef76982ccacfdf
e92abcbcf21fa8da617452166f9c486a11903914,0xd34f2b5e9ee02bed8a107fdf9bda2d866dc61c95,0xe208a07bd71069b04e3b89de92f71da8b155d45dc2e527dc46c3ceb2a63b307b,92079910675159907375467354284229768948316964233795313847482829094812147958054,BUY,0.896,200.0,179.20000000000002,1777148516,No,1,"US x Iran diplomatic meeting by April 27, 2026?",us-x-iran-diplomatic-meeting-by-329,0xef714c92d376feef8d17023606d3d4d5ddee6d6534e02c244f6aa1e58a2aee12
aab70f8c69926e05bb475d11f226bd3dc25802a2,0x6274f5f961800af6ddef3d6a362ba12422166907,0x96cd1bfdc9f904198fd559b1a62c0e5c23412672d1c174ebb8d025273577a3fd,99932575747050197176311353057287730758421737500750012119419196243225585645724,BUY,0.939,417.0,391.563,1777173272,No,1,"Israel and Indonesia normalize relations by June 30, 2026?",israel-and-indonesia-normalize-relations-by,0x530c992308b68f7e8681ae6706310da3f6e74c0e9aff0a5b67df7cbd22c545a6
0d27ad0579bb1e2c47c7588f69a5e7eb0b78cf49,0xd34f2b5e9ee02bed8a107fdf9bda2d866dc61c95,0x7c8241e9d7d1a6e8a42c6af38aeb18479ce087f7e47227399273b12766cb9ab2,1779256133940495628599037184919928752636482208365471696872270700614989767882,BUY,0.993,138.02,137.05386000000001,1777175036,No,1,"US x Iran diplomatic meeting by April 26, 2026?",us-x-iran-diplomatic-meeting-by-329,0x08649b73574c1e5432dafd0bc67836d982af0a1b4035ce6556f8bcf0b3969b55
676c563f84e071a2652f461471917daedb88825b,0x6274f5f961800af6ddef3d6a362ba12422166907,0xc1cfe01f137254aeee0db1c3ab301b6e0c4ae355dfc5d22a994ab7e9761f90e2,97428462231909769897953315701488742259219254482275604376292656704696967628586,BUY,0.987,394.6919,389.56090529999994,1777185046,ACF Fiorentina,1,Spread: US Sassuolo Calcio (-2.5),sea-fio-sas-2026-04-26-more-markets,0xaf290273cff21ebf801b6f594cae83bafdb98768350551be3970c80988bf60b8
37d229fcb19bd16f42dd9099cb8c8114f5b7f886,0xd34f2b5e9ee02bed8a107fdf9bda2d866dc61c95,0x9967297556e4fd7f7e1e688a2e44d6fdbc42b0700576a1e4e67aa37764ac640a,42277247300059455315872150222700537525647929202778246138550488342397262489345,BUY,0.978,11.82,11.55996,1777240226,No,1,"US x Iran diplomatic meeting by April 28, 2026?",us-x-iran-diplomatic-meeting-by-329,0x5e39975109c08c9866f778c8926de6318d422b925d53434889f5a5c35deeccde
8b15841f2c509cee9e709f08f6e268cd2ad82fbd,0xd34f2b5e9ee02bed8a107fdf9bda2d866dc61c95,0xe208a07bd71069b04e3b89de92f71da8b155d45dc2e527dc46c3ceb2a63b307b,92079910675159907375467354284229768948316964233795313847482829094812147958054,BUY,0.995,3460.0,3442.7,1777240334,No,1,"US x Iran diplomatic meeting by April 27, 2026?",us-x-iran-diplomatic-meeting-by-329,0x915c45d7db08a76b8a13ed6238ac141c5a32a4e31eeccc30feec89b6bcf83798
72a8449a2da1e716fe3a945add1c7410a27f3ac3,0x2a17c545d823842cdc8baedb5d61ac4e32aeef0f,0xce112692e25bd2e7e6f80e9435e5e49a5bff3f2ff6808c2023020d9e9686adde,2998245909046783642533716670181036719425089316662377970405334900963401895343,BUY,0.944,481.0,454.06399999999996,1777268572,No,1,Will Macky Sall be the next Secretary-General of the United Nations?,next-secretary-general-of-the-united-nations,0x53cbda5bc9e4b5992973b73610959343a21f9d10186181391c676c3dd7ab5e5e
53229878003ab94be006c4763618da0001ed85e2,0x2a17c545d823842cdc8baedb5d61ac4e32aeef0f,0x262e05e03bf5306c7a6caa73ffdc35efb5df5613d032e2bdd55bb90687173d53,27148931765415255450970852041045440861908823626967112155844505945912787262487,BUY,0.971,467.18568,453.63729528,1777271488,FC København,1,Spread: Vejle BK (-1.5),den-kob-vbk-2026-04-27-more-markets,0x2b4eb350f8da474c358630769f57fa8b6965ef525bae4de7bf6d501a86fb3682
8881b279b4886c61d8f3b40fe51b1269f455bd38,0x6274f5f961800af6ddef3d6a362ba12422166907,0xf78f04ac15082bd53191c6efd8670b3fa04fc99d07e33e98ea6ddcf99b7a2c93,76706438722657094807428459302230308718943542424974381190511598583787421448196,BUY,0.959,411.0,394.149,1777272236,No,1,"Israel and Syria normalize relations by June 30, 2026?",israel-and-syria-normalize-relations-in-2025,0x0db973597e98c6086755a461c5266d4339bb6a1cfbe10c33a0287d4cd93c2b45
091f1bc629f8ab4e4420c631cdce9e7d64f3453f,0x6274f5f961800af6ddef3d6a362ba12422166907,0xe36015f56935b6571c0d669d9e8ae8fa181fe2e9bc759b83c4bb1dbad3d562b4,20238780663984246115386558952849697240906640148682716270933778917195762288495,BUY,0.961,410.03826,394.04676786,1777279638,Beşiktaş JK,1,Spread: Fatih Karagümrük SK (-1.5),tur-bes-kar-2026-04-27-more-markets,0xa87c8b7c126bd28c0074c6dbc76357fdd9d0ef520496447f1dd69065ed5773cb
b5e1b082db25aaa7124329963dfb86f56d4119d3,0xd34f2b5e9ee02bed8a107fdf9bda2d866dc61c95,0xea17d3e6dc88b83572e25e29c937a5e9d85588ca42f91535595258272152f583,97106607946387100639221624175312525824425433772032794582576621228836352956279,BUY,0.988,39.03244,38.56405072,1777297614,Yes,0,"Will the price of Bitcoin be above $76,000 on April 27?",bitcoin-above-on-april-27,0x20c1f8eb70ba41e861b17dc7b1777dbee1ff04b3efab9f438fa8309d53206b57
feed71dc07074611bccfb35600919ac5ff96fe15,0xd34f2b5e9ee02bed8a107fdf9bda2d866dc61c95,0xea17d3e6dc88b83572e25e29c937a5e9d85588ca42f91535595258272152f583,97106607946387100639221624175312525824425433772032794582576621228836352956279,BUY,0.988,199.6544,197.2585472,1777297744,Yes,0,"Will the price of Bitcoin be above $76,000 on April 27?",bitcoin-above-on-april-27,0xc527a36b0b5345f4ed55c5cff4b898f3c75774ac3d63f7baf9fed2099c949d04
12c3a526f8c0de26bd4aafcf5ac7c2e6db7a8b1f,0xd34f2b5e9ee02bed8a107fdf9bda2d866dc61c95,0xea17d3e6dc88b83572e25e29c937a5e9d85588ca42f91535595258272152f583,97106607946387100639221624175312525824425433772032794582576621228836352956279,BUY,0.987,199.6256,197.03046719999998,1777297772,Yes,0,"Will the price of Bitcoin be above $76,000 on April 27?",bitcoin-above-on-april-27,0xa9371712e3f44176bcab4b03b7476d75e25a8ceb77600be0371b718cd1d126bf
8b8e789e121aab0880825b9afbe02ebc303ae077,0xd34f2b5e9ee02bed8a107fdf9bda2d866dc61c95,0xea17d3e6dc88b83572e25e29c937a5e9d85588ca42f91535595258272152f583,97106607946387100639221624175312525824425433772032794582576621228836352956279,BUY,0.99,143.7527,142.31517300000002,1777298448,Yes,0,"Will the price of Bitcoin be above $76,000 on April 27?",bitcoin-above-on-april-27,0x954f3357ac0495d0b8f75e5f712fbaf8471bce9d7e63253b5e3cd55acb3336e1
aa7e81ca7bb670d1d8ff749da66168f22dfac61a,0xd34f2b5e9ee02bed8a107fdf9bda2d866dc61c95,0xea17d3e6dc88b83572e25e29c937a5e9d85588ca42f91535595258272152f583,97106607946387100639221624175312525824425433772032794582576621228836352956279,BUY,0.991,44.98164,44.57680524,1777298454,Yes,0,"Will the price of Bitcoin be above $76,000 on April 27?",bitcoin-above-on-april-27,0xa6fd971e37620b68055d5af74da94bf5796cd957c41df84aaa74fefef1ff4a22
f7a58d22f5c465d3f26dad637c239aae211642c6,0xd34f2b5e9ee02bed8a107fdf9bda2d866dc61c95,0xea17d3e6dc88b83572e25e29c937a5e9d85588ca42f91535595258272152f583,97106607946387100639221624175312525824425433772032794582576621228836352956279,BUY,0.998,112.96746,112.74152508,1777301256,Yes,0,"Will the price of Bitcoin be above $76,000 on April 27?",bitcoin-above-on-april-27,0x7ad4943a5869fbd1657d3d17d62ba4b8df32f069de945c233ff38a6064d8db71
c9a197eb4887b04000f52bd442746130d3155367,0xd34f2b5e9ee02bed8a107fdf9bda2d866dc61c95,0xb31cf77ff0aff5a207ad9fd46bc0b42fbf9eb61d2624024aa1ef6a3c80333cd8,23756495981443706898112017000323817980749869208253106664026485521604130100924,BUY,0.986,136.59408,134.68176287999998,1777346274,No,1,"Will Bitcoin dip to $76,000 on April 27?",what-price-will-bitcoin-hit-on-april-27,0x08fb2955cbd84e1e4d50308f221ca916f0f24d3442a09045da354bc49a872aa1
822d00be8a03b760308f599bfa92ff8a79ae5f10,0xd34f2b5e9ee02bed8a107fdf9bda2d866dc61c95,0xb31cf77ff0aff5a207ad9fd46bc0b42fbf9eb61d2624024aa1ef6a3c80333cd8,23756495981443706898112017000323817980749869208253106664026485521604130100924,BUY,0.987,122.18086,120.59250881999999,1777346278,No,1,"Will Bitcoin dip to $76,000 on April 27?",what-price-will-bitcoin-hit-on-april-27,0x6f1a05ccf37af25e53a47d55b7699bd043aa4508a2cc40541206c58b4d2f3e37
4531013eca7d4be83579b0c8c5530395c8edf490,0xd34f2b5e9ee02bed8a107fdf9bda2d866dc61c95,0xb31cf77ff0aff5a207ad9fd46bc0b42fbf9eb61d2624024aa1ef6a3c80333cd8,23756495981443706898112017000323817980749869208253106664026485521604130100924,BUY,0.992,147.77958,146.59734336,1777346568,No,1,"Will Bitcoin dip to $76,000 on April 27?",what-price-will-bitcoin-hit-on-april-27,0x9ce0505a0ce17e870f5d92b999422b07e889bfbae87534f7301d54b9058b2bdd
23cdc333c288a52bd0db8f6283fade6679afae8c,0x2a17c545d823842cdc8baedb5d61ac4e32aeef0f,0x8bb861046d70534248fe10aaef5ca28a91fe4c923db024005ea26b86946ca114,72638240516733289490270090522790097230468696624096216694556170058909027876326,BUY,0.958,488.0,467.50399999999996,1777350992,No,1,"Israel withdraws from Lebanon by May 31, 2026?",israel-withdraws-from-lebanon-by,0x65580caadb47d356be4e4fe9cb4833ba40733ba495ada6fbde7512e69813b69d
d4b7c2c4152abbec143f89e55dd331cf643828ae,0x2a17c545d823842cdc8baedb5d61ac4e32aeef0f,0x1159ad7747d1c973161ba6bc3b28440842e7609248a987cc0b92991cb9e8c59b,22548933639356276868836870066504334472631665401424786513094991424457460629141,BUY,0.942,494.27392,465.60603263999997,1777355302,Petrojet SC,1,Spread: Ismaily SC (-1.5),egy1-pes-iss-2026-04-28-more-markets,0x0714e37d680c9da2e163228361a599ec298da73e5b3c63055e7838b83d9a1d30
b456e6cc256dc4ce9f48a4e720a893b532fdb234,0xd34f2b5e9ee02bed8a107fdf9bda2d866dc61c95,0x5c539e6311fa59d5987b2a4fb7842ad61ff2e77572a0a34b4894442877ee32ad,72159733567464963532374629649568037209051833878835521607936703013973131442445,BUY,0.998,6222.0,6209.556,1777389182,Yes,0,"Will the price of Bitcoin be above $74,000 on April 28?",bitcoin-above-on-april-28,0x246050beff48a49adf7b78df9268ffd4126f46453405f30d6f8743eb60812669
43d4639f2614254662d680baee6612793d89e1e0,0xd34f2b5e9ee02bed8a107fdf9bda2d866dc61c95,0x6496445bc66c0c7781baf471616280cb7d55a3e4ed456b380dff6902db8bc29d,92639741540985435901279179184339333643473193143735089343976896556527045559409,BUY,0.997,1665.2,1660.2044,1777431008,No,1,"Will Bitcoin reach $78,000 on April 28?",what-price-will-bitcoin-hit-on-april-28,0x52269cd7e54bf3bea1d364ee0cea51e4675271623a76f4f5f68ba3aa7e432666
c5eb066b9923af03ce49fce493e3e1cee49b034f,0xd34f2b5e9ee02bed8a107fdf9bda2d866dc61c95,0x8147602848076b62b1329ae149ae1e21fd6faec61ee0b4f91f670d86138abb83,18959565368801859462651981496020334957513959580633117419950931905745529172260,BUY,0.996,18.99,18.91404,1777436746,No,1,James Comey arrested by April 28?,james-comey-arrested-by-may-15,0x1cc244b0bcbbefc71d758874f148c52ebb40d0f0e5124cf3d66a44a7e5269dfa
5bac90b41f171794e2beaf9e07467c05af14712d,0xd34f2b5e9ee02bed8a107fdf9bda2d866dc61c95,0x8147602848076b62b1329ae149ae1e21fd6faec61ee0b4f91f670d86138abb83,18959565368801859462651981496020334957513959580633117419950931905745529172260,BUY,0.997,35.7,35.5929,1777436750,No,1,James Comey arrested by April 28?,james-comey-arrested-by-may-15,0xdce418e6606a9606d97c28a84dfe6501ddae6d8e9f4ff6aa03c0868f360682a5
f61df2271c5193785802c5d8c2975e94b28f0628,0xd34f2b5e9ee02bed8a107fdf9bda2d866dc61c95,0x8147602848076b62b1329ae149ae1e21fd6faec61ee0b4f91f670d86138abb83,18959565368801859462651981496020334957513959580633117419950931905745529172260,BUY,0.998,657.3,655.9853999999999,1777436760,No,1,James Comey arrested by April 28?,james-comey-arrested-by-may-15,0xe22f9f1400c4cfcb54997c87c6c47737b5a86880c8315789f2dfe551edc8619d
d2ee84b7d1b45dd924ff32d356842cb9dcbe5a7b,0xd34f2b5e9ee02bed8a107fdf9bda2d866dc61c95,0xe4b2559ab155aeb5fb6658e2b79a2331bc2bbc8450dbb5fbe3491aa92c03c693,78461955127412010370136134874559556140346625218205425269531667868110999274827,BUY,0.984,68.0,66.912,1777471980,No,1,"Will the price of Bitcoin be above $78,000 on April 29?",bitcoin-above-on-april-29,0xdf89479d0c9e2bf87b87f09f672ee2cc4180989dd75934240ba4ebb4b579c5f0
443871609a1feb654ebd66c2dd11419a0503e0f0,0xd34f2b5e9ee02bed8a107fdf9bda2d866dc61c95,0x67e473940bd2d1e652294c2d54cfcda43926bf31e1c958bf17983eb881bad1fb,53564445911606998794465897712330826054548035395485610761888063680211319612022,BUY,0.9985998,100.0,99.85998000000001,1777472520,Yes,0,"Will the price of Bitcoin be above $74,000 on April 29?",bitcoin-above-on-april-29,0x0fe81358739c8bb12a573f92e8bb01ed2123ecdf8d556a76f73ab01a8b9cf6f7
0374b60630fc9a15197dfbebfbf08fb503916c7d,0xd34f2b5e9ee02bed8a107fdf9bda2d866dc61c95,0x67e473940bd2d1e652294c2d54cfcda43926bf31e1c958bf17983eb881bad1fb,53564445911606998794465897712330826054548035395485610761888063680211319612022,BUY,0.999,5.06,5.054939999999999,1777472524,Yes,0,"Will the price of Bitcoin be above $74,000 on April 29?",bitcoin-above-on-april-29,0x8960f815c2b27a1b1371785c6a1e720cfc4aa9369f8778f95ef168ea1991c313
2f084ee21219104181c6aced621d01d8a2c5077e,0xd34f2b5e9ee02bed8a107fdf9bda2d866dc61c95,0xe4b2559ab155aeb5fb6658e2b79a2331bc2bbc8450dbb5fbe3491aa92c03c693,78461955127412010370136134874559556140346625218205425269531667868110999274827,BUY,0.988,45.04,44.49952,1777473008,No,1,"Will the price of Bitcoin be above $78,000 on April 29?",bitcoin-above-on-april-29,0xba632a6cc81a5ee65af81a44cc6b5afcee43f9396b70c5bf58d74d24a990636e
1b719013aa36157baf9235f0831cdd46207f2311,0xd34f2b5e9ee02bed8a107fdf9bda2d866dc61c95,0xe4b2559ab155aeb5fb6658e2b79a2331bc2bbc8450dbb5fbe3491aa92c03c693,78461955127412010370136134874559556140346625218205425269531667868110999274827,BUY,0.989,500.0,494.5,1777473018,No,1,"Will the price of Bitcoin be above $78,000 on April 29?",bitcoin-above-on-april-29,0xefc785b581efb4d08ba647e36a4849bc9145dee702e7ec281253d3b3fc0a00b1
22b2d8760738a4115f94637103f3b93f345aaf43,0xd34f2b5e9ee02bed8a107fdf9bda2d866dc61c95,0xe4b2559ab155aeb5fb6658e2b79a2331bc2bbc8450dbb5fbe3491aa92c03c693,78461955127412010370136134874559556140346625218205425269531667868110999274827,BUY,0.991,60.0,59.46,1777473036,No,1,"Will the price of Bitcoin be above $78,000 on April 29?",bitcoin-above-on-april-29,0x0e3bd35d09115b173f5f07d1cc6f8fc80773d0519234b9261336de726d879f8e
ea0aac689dab2c9f1ee53952cdacc7d1fd4e543d,0xd34f2b5e9ee02bed8a107fdf9bda2d866dc61c95,0xe4b2559ab155aeb5fb6658e2b79a2331bc2bbc8450dbb5fbe3491aa92c03c693,78461955127412010370136134874559556140346625218205425269531667868110999274827,BUY,0.991,2000.0,1982.0,1777473832,No,1,"Will the price of Bitcoin be above $78,000 on April 29?",bitcoin-above-on-april-29,0xf6f6fc8bb105b9a0b1db8cd4aa8f793ccdaff542e5a498c6632f2c13503e10ae
90aaef5cdcd438712f1d73b5a0156cc7b04e8432,0xd34f2b5e9ee02bed8a107fdf9bda2d866dc61c95,0xe4b2559ab155aeb5fb6658e2b79a2331bc2bbc8450dbb5fbe3491aa92c03c693,78461955127412010370136134874559556140346625218205425269531667868110999274827,BUY,0.99,269.0,266.31,1777474386,No,1,"Will the price of Bitcoin be above $78,000 on April 29?",bitcoin-above-on-april-29,0x9ad919ad8651de19a64f9684c69ee77acea112a54b33fb3cfceb683a2551bd02
154d16c08b1c20016e4dd6014babb309fb2ece45,0xd34f2b5e9ee02bed8a107fdf9bda2d866dc61c95,0xe4b2559ab155aeb5fb6658e2b79a2331bc2bbc8450dbb5fbe3491aa92c03c693,78461955127412010370136134874559556140346625218205425269531667868110999274827,BUY,0.991,100.0,99.1,1777474432,No,1,"Will the price of Bitcoin be above $78,000 on April 29?",bitcoin-above-on-april-29,0xe550a2cc5bb2bcba0d0dabf582383a64c57156720577dd268d5425c943450f58
36975772cfc5c99a09dd4a6b4b249fab8b3cd307,0xd34f2b5e9ee02bed8a107fdf9bda2d866dc61c95,0xe4b2559ab155aeb5fb6658e2b79a2331bc2bbc8450dbb5fbe3491aa92c03c693,78461955127412010370136134874559556140346625218205425269531667868110999274827,BUY,0.999,926.0,925.074,1777476182,No,1,"Will the price of Bitcoin be above $78,000 on April 29?",bitcoin-above-on-april-29,0xe8137cd68ccbf4fdba99abe603c717cd29d9e1431292a8e2617acb2b51fef998
81b6552eab70d979376a4e73c8f8f99bf303a0d3,0xd34f2b5e9ee02bed8a107fdf9bda2d866dc61c95,0x4694d0bd9df6b9769202cf695715bb2f35e188897cecc5902cedc15a689b7117,84893374261905311722541511346424865015888607000343589993415054855973606056863,BUY,0.999,26.91,26.88309,1777519260,No,1,"Will Bitcoin dip to $73,000 on April 29?",what-price-will-bitcoin-hit-on-april-29,0xc6842c28ee3c561ce9a8577ecc7d9dd08a4957b4f85e9d0dd9fd06c35966fc7e
7c293f1afaf5917e74c2e434227c4427c454f55e,0xd34f2b5e9ee02bed8a107fdf9bda2d866dc61c95,0xf9f0965a3bd704ad9c184851242606ad35a4ffe733febf5074d4fbcc59d52eb8,12683524285321035959197225276771871845858392912886591325119577507755683407691,BUY,0.996,1619.0,1612.524,1777520504,No,1,"US x Iran diplomatic meeting by April 30, 2026?",us-x-iran-diplomatic-meeting-by-329,0x8a66f5213b2315c39618e4afdcbfb052f91ce500b9a4fe11f97fd953f7cbd747
1a486627b24eae731861a67056a7598ae0b03cbf,0xd34f2b5e9ee02bed8a107fdf9bda2d866dc61c95,0x935336fb4ec0967091d388593e4e9a14baf7174d30a0fd5dcf8efe47b9e9fdbf,26524680172873785135350570633351895152303909495420295494322694570006801919994,BUY,0.996,64.0,63.744,1777521020,No,1,"Will Iran strike Pakistan by April 30, 2026?",iran-military-action-against-by-april-30,0x7fe37e2610d0c167d589977c8eab29ec3a28bb208c3c260bf518350bba962750
08e7b066c6eeb7b40975eed1e1b619666aad0392,0xd34f2b5e9ee02bed8a107fdf9bda2d866dc61c95,0x5bb0e552d6f091014a59af8bbe5b7e86ba2d0a4dcfcb509f0e66a48184e96519,22053912606782687135640398167473724223495327336890882872732641214506856394172,BUY,0.994,331.67,329.67998,1777521136,No,1,"Will Iran strike Jordan by April 30, 2026?",iran-military-action-against-by-april-30,0x0999f6a898f15b2136833389b2b5635425db902ed66be5d94e6454222f2da594
c812d56b357cf93ab56fe62fa030da26323c4f19,0xd34f2b5e9ee02bed8a107fdf9bda2d866dc61c95,0x9ab7b9ae3916af18d595447d73d98bb99005016f0a1db622c7dea7307430a49a,10472149469490809116773663025401718960691048987232745287345025884741752698842,BUY,0.996,128.0,127.488,1777523394,No,1,"Will Iran strike Oman by April 30, 2026?",iran-military-action-against-by-april-30,0x43491c7aef101d80e65d626f6fe476b017f1bf56cd8c75f9591be8a3ac79b396
4c14ddb5ef35be793a2cb18ed9e819f3295cd224,0xd34f2b5e9ee02bed8a107fdf9bda2d866dc61c95,0xac3eee7378ac73e87a07547e950d38d4c1b864c5bab2c027191fc466586311cd,101877021674690743871140595312093296870779915203571814568488934709241084322434,BUY,0.997,29.06,28.97282,1777523640,No,1,"Will Iran strike Armenia by April 30, 2026?",iran-military-action-against-by-april-30,0xd7512af761c435baeb2dc5f5550f8977982c3ea0fb45984feaaea4cca6765d1b
14bfc305c49ce42256bca8c2a42103f7986d3417,0xd34f2b5e9ee02bed8a107fdf9bda2d866dc61c95,0xe6a8bdcd0a55507e718303dbc04373821a35433b4a71de55ee759f10ee6be798,14450813207569853429427907799191506845125898776856365811166995747634801660417,BUY,0.989,1237.0,1223.393,1777523856,No,1,"Will Iran strike Qatar by April 30, 2026?",iran-military-action-against-by-april-30,0x0f3b7d97ef2471e81305312fec1901ebfbf9a4206638ab9d5e736d5d9ebd2357
d5cad85a58ea2552ffa1d486739aecce317411b5,0xd34f2b5e9ee02bed8a107fdf9bda2d866dc61c95,0xfa59099fbda1e0f0058ed3cbd57e939fe90ab6d9b57d53bd488bcadf75c191d4,43306201559293677467902878784200227711843675662189772539825649733291552996303,BUY,0.993,400.0,397.2,1777525376,No,1,Trump announces end of military operations against Iran by April 30th?,trump-announces-end-of-military-operations-against-iran-by,0x389f693848e256e396947141f57bbf2eefe0d96adc54ae1cb61137e9b547d99b
71aaf75b0b7dcf0c7927b286c85bde076288944e,0xd34f2b5e9ee02bed8a107fdf9bda2d866dc61c95,0xfa59099fbda1e0f0058ed3cbd57e939fe90ab6d9b57d53bd488bcadf75c191d4,43306201559293677467902878784200227711843675662189772539825649733291552996303,BUY,0.994,1167.0,1159.998,1777525440,No,1,Trump announces end of military operations against Iran by April 30th?,trump-announces-end-of-military-operations-against-iran-by,0x84ff0ab9e1e0350a2cd7dc750234374a81d8e3cdc87fcd70d25b22092b406019
e366dac6b5fa20672f4e22fb035c3c5f3a887f54,0xd34f2b5e9ee02bed8a107fdf9bda2d866dc61c95,0xceed2394868f0bde0b4eac171c421f192a5a333f8b8413c541230858684ffa56,35018542010972830797374195933864638240326573187539867415969552180359891447333,BUY,0.999,1300.0,1298.7,1777561584,No,1,"Will the price of Bitcoin be above $78,000 on April 30?",bitcoin-above-on-april-30,0x33493ac1c1e8e51c2af0982e9a602bd0cbb9254bc518c946c0c236538e82dd5f
2c2213fa96d24de04df990b8459f45d7395c84af,0xd34f2b5e9ee02bed8a107fdf9bda2d866dc61c95,0xfa59099fbda1e0f0058ed3cbd57e939fe90ab6d9b57d53bd488bcadf75c191d4,43306201559293677467902878784200227711843675662189772539825649733291552996303,BUY,0.9826963165,98.82,97.11004999653,1777596264,No,1,Trump announces end of military operations against Iran by April 30th?,trump-announces-end-of-military-operations-against-iran-by,0x934260922258342f86936e7db4425b8fa1341af5c9b3663ade28c32e4f3863a8
57155264ff098883ac573a2b1715c6a31c2b9d36,0xd34f2b5e9ee02bed8a107fdf9bda2d866dc61c95,0xfa59099fbda1e0f0058ed3cbd57e939fe90ab6d9b57d53bd488bcadf75c191d4,43306201559293677467902878784200227711843675662189772539825649733291552996303,BUY,0.989,1261.0,1247.129,1777596288,No,1,Trump announces end of military operations against Iran by April 30th?,trump-announces-end-of-military-operations-against-iran-by,0x3e11d5d3294e9f4b54b3f1b6ab0dbacc6b6b23a4df5463431173961596c2680a
bbf5a4e9782da0715a713125457b75f95d69078d,0xd34f2b5e9ee02bed8a107fdf9bda2d866dc61c95,0x6c0f525e41f83e0dc1c7b614ebc1046f348fb251365f325717b94d397005347a,75578777856562704242292820628277675114357788299832296052702084511566544760830,BUY,0.995,4560.0,4537.2,1777645530,No,1,"Will the price of Bitcoin be above $80,000 on May 1?",bitcoin-above-on-may-1,0x1feaaa467ed056af2fdf50058d238d7120946be18d79cd761e762a094b4334ad
88155e7b82f108461b361833370fbf9d67acabf2,0xd34f2b5e9ee02bed8a107fdf9bda2d866dc61c95,0x710bf0a47079ed219a60ad4afdbaec23c5445a635aa741c979edeb245615c1e9,2699805108560995221878952123919367813188048363410765539479473198508979157780,BUY,0.995142369,70.24,69.89879999856,1777907704,No,1,"Will the price of Bitcoin be above $82,000 on May 4?",bitcoin-above-on-may-4,0x807939319a78c07f09fb2e8e7147afd76153f634ce3d4f1e6f05eef26b78151b
509d81e7714a214fbbd173b9ec980402e9795e49,0xd34f2b5e9ee02bed8a107fdf9bda2d866dc61c95,0x710bf0a47079ed219a60ad4afdbaec23c5445a635aa741c979edeb245615c1e9,2699805108560995221878952123919367813188048363410765539479473198508979157780,BUY,0.994,60.24,59.87856,1777907714,No,1,"Will the price of Bitcoin be above $82,000 on May 4?",bitcoin-above-on-may-4,0xcc4b6c12d9bed88951ba0dc0b0ab295f991fa01d41810e062272f930aacb7700
e5a10ff4ad52cbc815b243362aaa36950ec98be8,0xd34f2b5e9ee02bed8a107fdf9bda2d866dc61c95,0x710bf0a47079ed219a60ad4afdbaec23c5445a635aa741c979edeb245615c1e9,2699805108560995221878952123919367813188048363410765539479473198508979157780,BUY,0.9949151406,709.88,706.270360009128,1777907718,No,1,"Will the price of Bitcoin be above $82,000 on May 4?",bitcoin-above-on-may-4,0xe1eaa79374373941dcac3349bd5c70a5a6bf6c739a9373f2f3d74ea0b1fdba5f
7edc5b427fb5cfc03f5851bb506c34de420f641c,0xd34f2b5e9ee02bed8a107fdf9bda2d866dc61c95,0x710bf0a47079ed219a60ad4afdbaec23c5445a635aa741c979edeb245615c1e9,2699805108560995221878952123919367813188048363410765539479473198508979157780,BUY,0.995,120.48,119.8776,1777907720,No,1,"Will the price of Bitcoin be above $82,000 on May 4?",bitcoin-above-on-may-4,0x6cd5fda2e59296b4a9967580d5e76ab0fe806085965792c176751e67ef80b0da
4a3d36a3a4f19b1b897582f2be62720605783748,0xd34f2b5e9ee02bed8a107fdf9bda2d866dc61c95,0x710bf0a47079ed219a60ad4afdbaec23c5445a635aa741c979edeb245615c1e9,2699805108560995221878952123919367813188048363410765539479473198508979157780,BUY,0.995,709.89,706.34055,1777907746,No,1,"Will the price of Bitcoin be above $82,000 on May 4?",bitcoin-above-on-may-4,0x536886850a09df86b0ab51853506e1810577a97183d0352066b0ac7f7971e683
d8285522b09bc6dd2b9214e6cc0b59f6ab549bec,0xd34f2b5e9ee02bed8a107fdf9bda2d866dc61c95,0x710bf0a47079ed219a60ad4afdbaec23c5445a635aa741c979edeb245615c1e9,2699805108560995221878952123919367813188048363410765539479473198508979157780,BUY,0.997,305.08,304.16476,1777907754,No,1,"Will the price of Bitcoin be above $82,000 on May 4?",bitcoin-above-on-may-4,0x5520e4537784f3db3ef8b79091a78901a20266f2d27f60545a9f30dd7538b78b
bd2007d8ece1670c39bf88d6dc4609a30072054a,0xd34f2b5e9ee02bed8a107fdf9bda2d866dc61c95,0x710bf0a47079ed219a60ad4afdbaec23c5445a635aa741c979edeb245615c1e9,2699805108560995221878952123919367813188048363410765539479473198508979157780,BUY,0.998,1508.0,1504.984,1777908058,No,1,"Will the price of Bitcoin be above $82,000 on May 4?",bitcoin-above-on-may-4,0x4b9ad826bbe6fca5fb8fa42820ffc9296ac1543d1690775bb7b355ac47fbf9d4
04171150133c3c3783bb1765341ea9eea0a69b97,0x33b45b246a2b8d69f96f3ca615b940c48d5b0f91,0x24caca44a9ec5c344bd5f57c547f466dc0452e147d264a626afbffe3b5a0b55f,15941169207766483447414689399123153340714132932920187738030167528134553690538,BUY,0.984,350.0,344.4,1777950216,No,1,"Ukraine election held by June 30, 2026?",ukraine-election-held-in-2025,0x91ee44a79014e967589c0a4dce8428fbf8c6eb7c929f82612447535318e9f07b
218dba50cb433b6f56a2a20572c809546691b3f7,0x6274f5f961800af6ddef3d6a362ba12422166907,0x5dc9112cfc34394e7a2b114f95ecaccf4232abddaad9ec5a458436f848be45ed,74343585122633457789775179947318158278505064322529448481113838489433486887046,BUY,0.965,350.0,337.75,1777956354,No,1,Will Trump meet with Vladimir Putin in May 2026?,who-will-trump-meet-with-in-may,0x8e8a3885579dcd91fd0e5e5c0785ade66bfa1388fbdb3444702352d268135522
731faf21426e603afef39388e8334316f0f23957,0x33b45b246a2b8d69f96f3ca615b940c48d5b0f91,0xd8a866caf15e14a79760ec11047673beef3c241b2f5fb4700ac132917ce6979b,105840705060856711344554641145464415988114497630453412822402844572233363971885,BUY,0.959,358.0,343.322,1777961942,Chongqing Tonglianglong FC,1,Spread: Henan FC (-2.5),chi-ton-hen-2026-05-05-more-markets,0x1f8268e7421173062d18226f3e113a8a37f707300ec191d5404c6b0ae18cc469
ec40b28a5cde25e7baab37e536243bbad14cac53,0x6274f5f961800af6ddef3d6a362ba12422166907,0x15f1cb5e026128283da8ab95718e7d48ae6d7e65681674540cb9fe358f41719f,25517582451790115543183129638844419237736995665381498381250228590519102190113,BUY,0.93,432.0,401.76000000000005,1777963728,Shanghai Shenhua FC,1,Spread: Shandong Taishan FC (-2.5),chi-sha-sgr-2026-05-05-more-markets,0xace1d06da0059bbfe8f3470012870e79385a1107afd8bd19922ae8ef978f32b0
9db63e6c97276a882bd5b8ee12a3829ed200516d,0xd34f2b5e9ee02bed8a107fdf9bda2d866dc61c95,0x1c90ce35561f42b866ccd25a24f834557183146c1420b48534f0e23459fb60b9,95840233389368666800372542628662477121249234989933672977852567098426920717985,BUY,0.997,2360.24,2353.15928,1777990632,No,1,"Will the price of Bitcoin be above $84,000 on May 5?",bitcoin-above-on-may-5,0x2c6acb6eb3f20bd6b1d4e7d48ec4167ee1ccdd65bfbf75498e04b92d5b00eb35
7f19007362264a0b231c0e1ad909c10270ad0fd3,0xd34f2b5e9ee02bed8a107fdf9bda2d866dc61c95,0x1c90ce35561f42b866ccd25a24f834557183146c1420b48534f0e23459fb60b9,95840233389368666800372542628662477121249234989933672977852567098426920717985,BUY,0.997,180.54,179.99838,1777991590,No,1,"Will the price of Bitcoin be above $84,000 on May 5?",bitcoin-above-on-may-5,0x6302d556c6e38dcf7e96c3a66f105f7c09c350d69207247382fae300636403a1
0aae578450af526447f90389ded9da68d498ab40,0xd34f2b5e9ee02bed8a107fdf9bda2d866dc61c95,0x1c90ce35561f42b866ccd25a24f834557183146c1420b48534f0e23459fb60b9,95840233389368666800372542628662477121249234989933672977852567098426920717985,BUY,0.998,3800.0,3792.4,1777991626,No,1,"Will the price of Bitcoin be above $84,000 on May 5?",bitcoin-above-on-may-5,0x6cf9fcefe81f80bc831493dc6b09bc6974845338794e09ffa8952a5b98e9f66b
e60030bdc12b72f67913f8a8217b4a0ef2a9a449,0x91327ef84dca65ca90eea309c5d455daee4b8256,0xcac656726140e3cf7fd90b8706e63f469c703f1bfef9cf9ae7b9af1bef2e2b28,13479408589012575102621087878207107949981617436992265633841432763423659313794,BUY,0.996,985.98,982.03608,1778028552,No,1,"Will Bitcoin reach $94,000 May 4-10?",what-price-will-bitcoin-hit-may-4-10,0x442a5e8217b31ed1ac6bfc6bee0584858bcd930b8da57590c0e23c011b70d8d9
596a93e0bb7a12dbd0732b007652b6a7a692303f,0xd34f2b5e9ee02bed8a107fdf9bda2d866dc61c95,0x7c2bc865a5c5e4946e31c4bf2bcea4af32dc4542ec521f65d57257478d598ca3,13654765436093085669783436691836788091067858791290614668721145472117139982317,BUY,0.999,480.0,479.52,1778037114,No,1,"Will Bitcoin reach $83,000 on May 5?",what-price-will-bitcoin-hit-on-may-5,0x00fe05291acba126a145b097e0474c857966d645dce5818c20ef8542a90c5004
514a305890ef7acb2fafef11c863ca877f79f9a1,0xd34f2b5e9ee02bed8a107fdf9bda2d866dc61c95,0x53c6514a51e9d73578186662b68eff37aaa6a6732975b138bffb204d32702e03,78891799126284543500536886792715594362158829244071752284941275484064325250638,BUY,0.999,349.0,348.651,1778038360,No,1,"Will Bitcoin dip to $80,000 on May 5?",what-price-will-bitcoin-hit-on-may-5,0x01e11abaebe4029beef41d83125a4351164e87e9a4b1f2969a67b89a0f90e1ae
927eb085dd21be68266a165793d9f9c8114b874d,0xd34f2b5e9ee02bed8a107fdf9bda2d866dc61c95,0xc1de2851bcd5d818de379a11216fdf77b25156c6b19c3cfd3bf234fcb81c0891,89654953983153817479064868708282569081624741090602944673672613172066417115114,BUY,0.989,105.0,103.845,1778038876,No,1,"Will Bitcoin reach $82,000 on May 5?",what-price-will-bitcoin-hit-on-may-5,0xced9e099fa4293c702e170c72dd654642b1bc636a10d81ed12be80aab0009c40
73a57a37c748c2afb8cd309df4acd9b75dc73ddc,0xd34f2b5e9ee02bed8a107fdf9bda2d866dc61c95,0xc1de2851bcd5d818de379a11216fdf77b25156c6b19c3cfd3bf234fcb81c0891,89654953983153817479064868708282569081624741090602944673672613172066417115114,BUY,0.99,51.0,50.49,1778038952,No,1,"Will Bitcoin reach $82,000 on May 5?",what-price-will-bitcoin-hit-on-may-5,0x0232f4c88ac0215e036d07d44ae1381b1778fb87c9f528af158f0548e40d4c5e
e2a380ebe81275a492fdc517e84054a6fcce4f1b,0xd34f2b5e9ee02bed8a107fdf9bda2d866dc61c95,0xc1de2851bcd5d818de379a11216fdf77b25156c6b19c3cfd3bf234fcb81c0891,107124537088921028809397352433866012190715507298966876368813460980814882509088,BUY,0.013895528,5000.0,69.47764000000001,1778039422,Yes,0,"Will Bitcoin reach $82,000 on May 5?",what-price-will-bitcoin-hit-on-may-5,0x65ad4b3e1892a7e8c0039580d4762eb30d81ccd99096e4f9224a08f8a926b19d
7dd75cf48b781b617cdd090871e8a5d33171a016,0xd34f2b5e9ee02bed8a107fdf9bda2d866dc61c95,0xc1de2851bcd5d818de379a11216fdf77b25156c6b19c3cfd3bf234fcb81c0891,89654953983153817479064868708282569081624741090602944673672613172066417115114,BUY,0.998,100.0,99.8,1778039710,No,1,"Will Bitcoin reach $82,000 on May 5?",what-price-will-bitcoin-hit-on-may-5,0x2c84a88e5115331b6d3acef81276d8cc68471f2d6c3ee7bbfd60fce72702b4af
af3bd86deaa0c300c5982fb6acd14624506f73e8,0x33b45b246a2b8d69f96f3ca615b940c48d5b0f91,0x699a6fd285f914ca3c6c3cf97156594d323fa8a0503ec444caa9d45dc2a95fc0,52900849987568222513041328282330877482645794044376598969958662045971121072561,BUY,0.986,350.0,345.1,1778049084,No,1,"Will Mohammed bin Salman cease to be the de facto leader of Saudi Arabia by June 30, 2026?",mohammed-bin-salman-out-as-leader-of-saudi-arabia-by,0x31620146ce7a332dd7d154f8893260d1129819260a5dc741ce4e0867eface72d
c181badced1672b16ba0e736af0b8106a678ee6d,0x33b45b246a2b8d69f96f3ca615b940c48d5b0f91,0x1852d18e0a0dafb61e1e56b56bbf939e15f90a9fda5e851a5b6fd6dee03e1f72,41840209198915971818252398462736127795878772790982664042574759211217555602057,BUY,0.969,369.0,357.561,1778055786,FC Gifu,1,Spread: Matsumoto Yamaga FC (-2.5),j2100-gif-mat-2026-05-06-more-markets,0x34fb0ad482cf3dff38965c329ee3bc3ac2fb7874f4ea18a8e62a4846adf5f2c0
e54bc3b1a131065b362ad0859bc7c3c97d57a478,0xd34f2b5e9ee02bed8a107fdf9bda2d866dc61c95,0x1460e5fe8908d91054dc4ded8f66aff8fc4a188eca184681cc32f4d1148e729a,24792821165174779949470576471959929468217014826280457011460748455621498819813,BUY,0.997,5558.0,5541.326,1778080845,No,1,Iran closes its airspace by May 6?,iran-closes-its-airspace-by,0x3073ae994cac915f7248ec1c0630cbcf8a9d9a05a6a6df69d0106b4092a0f1ab
ec9c7b0e7b2f93c3f12bd1e148508426224c593f,0x33b45b246a2b8d69f96f3ca615b940c48d5b0f91,0x5e6e46f7c9756170e4ba436c82079e0173541442943eadbc9732192fb5e7ee03,60494951556992222492646319877756352390542314193899824523097060380228757434899,BUY,0.993,344.0,341.592,1778122063,No,1,Will Cuba recognize Israel by June 30,which-countries-will-recognize-israel-by-june-30,0xa614cbe425c496aec50e8985f381282ceb56118e10ab6cb8f3ccab596afee5f9
c55384d5d0d87bda87ca3036451d9f74ae434b79,0x6274f5f961800af6ddef3d6a362ba12422166907,0xaa1d2cf2e3fb0c19ffa4ed284b48d773535b110c5f32aebad7c9f6bab9136cde,34776488559784637280390577962975502251963531750040817799291104642872007959119,BUY,0.961,410.0,394.01,1778134979,National Bank of Egypt Club,1,Spread: Ismaily SC (-1.5),egy1-nbo-iss-2026-05-07-more-markets,0x44ac2b665726feb46a47008fce429e8499d36c235fd4480690999cdef8645f5e
c35b9f03220aaea253be325b3f156fdc15cf22ab,0x33b45b246a2b8d69f96f3ca615b940c48d5b0f91,0x8b80ae2af203e0ef4f0ea26efcff647bf0569e88e3edf1dde5a699d91ccce3a6,32551882006894355146378392773498163681534394023471646135768887421225276899708,BUY,0.959,354.0,339.486,1778136448,Haras El Hodood SC,1,Spread: ZED FC (-1.5),egy1-heh-zef-2026-05-07-more-markets,0xc02e059716d68d1ec587c1647b80bc2525b4fbe7a80d354d67fb6ee3cf8dfe76
e2f78d251529e5bce932824252ba54bbf50d8ff4,0x91327ef84dca65ca90eea309c5d455daee4b8256,0x3ded5a5738cdcb0a0c5cbaf2023a4aed7e837a20bbe0a57accc4abd04ad63809,34599870614816162237444641284295408428749159067498233537267864690836872452084,BUY,0.992,992.0,984.064,1778161905,No,1,Trump out as President by May 31?,trump-out-as-president-by-may-31,0x42d975d88c4d97144258006c23b8f4bfd8e7cbc88fbbe41a57ce35267d87f3ed
cef5ee8f68db24979f03f0c6ca91e3debe728a82,0xd34f2b5e9ee02bed8a107fdf9bda2d866dc61c95,0x8e774b1d6f985f2ad33e7897fde2b99040ff86f66547863bc0a1fc34433f7fab,98908576918757587483493976309427723391681927208792622046275936108360551546587,BUY,0.986,60.24,59.39664,1778162477,No,1,"Will the price of Bitcoin be above $82,000 on May 7?",bitcoin-above-on-may-7,0x39ec0d6eba69bb00feabdeecf4d104bf81b99965ee9fb016cbc128360330f9c4
d58adfea3180e086fe5e83f4b14cce3d47c5b96e,0xd34f2b5e9ee02bed8a107fdf9bda2d866dc61c95,0x8e774b1d6f985f2ad33e7897fde2b99040ff86f66547863bc0a1fc34433f7fab,98908576918757587483493976309427723391681927208792622046275936108360551546587,BUY,0.988,437.3,432.05240000000003,1778162552,No,1,"Will the price of Bitcoin be above $82,000 on May 7?",bitcoin-above-on-may-7,0xe0d5224ea9587dd8b51b8f8c13d45fe1e3c4fcafee431b12705d0aadf4688b78
78f8ee96456728dcb32335c5bcd3093438d81e7b,0xd34f2b5e9ee02bed8a107fdf9bda2d866dc61c95,0x8e774b1d6f985f2ad33e7897fde2b99040ff86f66547863bc0a1fc34433f7fab,98908576918757587483493976309427723391681927208792622046275936108360551546587,BUY,0.992,3000.0,2976.0,1778162836,No,1,"Will the price of Bitcoin be above $82,000 on May 7?",bitcoin-above-on-may-7,0xabc5cb93395657946a89839915be719c95c8d38fc8a752a2106ed9692f5b1da1
614b0f0fe7cb3c5d9365d605624f769257a953d5,0xd34f2b5e9ee02bed8a107fdf9bda2d866dc61c95,0x8e774b1d6f985f2ad33e7897fde2b99040ff86f66547863bc0a1fc34433f7fab,98908576918757587483493976309427723391681927208792622046275936108360551546587,BUY,0.997,2394.0,2386.818,1778164665,No,1,"Will the price of Bitcoin be above $82,000 on May 7?",bitcoin-above-on-may-7,0x21d7722b511eb01ab1632bd0c7cd8c7fb80bb737e503daf9d3be7cb619ae7918
58cd700927e2b80a22263ae0bbe3fc56669f5f36,0xd34f2b5e9ee02bed8a107fdf9bda2d866dc61c95,0xc5331256bff341491df0656772c4245a99a483c58eeda2faa70fa6bb8b7b0405,29200931906543294012092489208099110567531377765151375566798406927877147242781,BUY,0.967,800.0,773.6,1778194448,No,1,"US x Iran permanent peace deal by May 8, 2026?",us-x-iran-permanent-peace-deal-by,0x4c035d5c53cd5b7cb8ed2fce8368913cd807ef923c74c5bf0c281520adf68db2
1dee81a74caa8488d7320552185faf00fbcd956a,0xd34f2b5e9ee02bed8a107fdf9bda2d866dc61c95,0x10614339b310b66f52a38e53588937898935974ac452910154473cc4c353d072,94849429812256990465410140921481544435943680803340565884249729570458541414096,BUY,0.993,593.92,589.76256,1778194665,No,1,Iran closes its airspace by May 7?,iran-closes-its-airspace-by,0xad4df06cf4a13b2fa1c13fd61bece74c7197804671ea3e18eb62ed8ebb4a57a5
e3091877a758a6fcada3cc85c4f5314540987f37,0xd34f2b5e9ee02bed8a107fdf9bda2d866dc61c95,0x19b188fef4fd6dfe1f1fb0a4aa861208fd886e76c1533d5fc3b3bf97a3433c9e,22817168877277624955004240103109458034353639927329914272148829764226513755495,BUY,0.989,1011.122272,999.999927008,1778204069,Pistons,1,Cavaliers vs. Pistons,nba-cle-det-2026-05-07,0xa4972d5410efe78b727df569b9259c8d411863916394d2dc1d3f83618d633180
0109bec7582a07ef2356c73cd31b518a0a472fa7,0xd34f2b5e9ee02bed8a107fdf9bda2d866dc61c95,0x19b188fef4fd6dfe1f1fb0a4aa861208fd886e76c1533d5fc3b3bf97a3433c9e,22817168877277624955004240103109458034353639927329914272148829764226513755495,BUY,0.9896637716,1010.4441,999.9999189969676,1778204113,Pistons,1,Cavaliers vs. Pistons,nba-cle-det-2026-05-07,0x92482e25f6913ae4a0282304aea178ea796b9c32cfcc81e2180427702ff415bf
a046c01d91ffd786058c509a90d223b14367c955,0xd34f2b5e9ee02bed8a107fdf9bda2d866dc61c95,0x19b188fef4fd6dfe1f1fb0a4aa861208fd886e76c1533d5fc3b3bf97a3433c9e,22817168877277624955004240103109458034353639927329914272148829764226513755495,BUY,0.997,1003.009,999.9999730000001,1778204236,Pistons,1,Cavaliers vs. Pistons,nba-cle-det-2026-05-07,0xdd7f8dc9ac7b6ad13943f1a4fa313a4f933afa47ed3498b87427e6e142e277ca
0fcb234ec2072bc15dc90a38c945497292c4c7b6,0xd34f2b5e9ee02bed8a107fdf9bda2d866dc61c95,0x19b188fef4fd6dfe1f1fb0a4aa861208fd886e76c1533d5fc3b3bf97a3433c9e,22817168877277624955004240103109458034353639927329914272148829764226513755495,BUY,0.999,277.277,276.99972299999996,1778204255,Pistons,1,Cavaliers vs. Pistons,nba-cle-det-2026-05-07,0x4bdbf85e947ada3038abd54e92273a93eb61f8648bd39d1694b75b7e207805b9
956654b806417eb00cb5471f3784430196332e3f,0xd34f2b5e9ee02bed8a107fdf9bda2d866dc61c95,0x10614339b310b66f52a38e53588937898935974ac452910154473cc4c353d072,94849429812256990465410140921481544435943680803340565884249729570458541414096,BUY,0.997,3309.929666,3299.999877002,1778211855,No,1,Iran closes its airspace by May 7?,iran-closes-its-airspace-by,0x49b7d6b8b0326d426a4f774c15703e19bd5fdd6271f95c4a18c27a724ae8be85
4b59ff1b6f58133df99f8e02467cba5adfb40ccd,0x2a17c545d823842cdc8baedb5d61ac4e32aeef0f,0x5e6e46f7c9756170e4ba436c82079e0173541442943eadbc9732192fb5e7ee03,60494951556992222492646319877756352390542314193899824523097060380228757434899,BUY,0.989,452.0,447.028,1778218531,No,1,Will Cuba recognize Israel by June 30,which-countries-will-recognize-israel-by-june-30,0x47983525ac6e249fa4f222817b811723568f444552208da679cfc531b84d5039
4404f1ab03b3e9efb6c1f3bf0b4278fbec1c18b1,0x2a17c545d823842cdc8baedb5d61ac4e32aeef0f,0x90df9cd80349b5cba4a63be1b1f204ff3e3655e1a73fcd754a397f82d09a7cb9,109571362725360174429201253900796389776811602209665268595232038822675878594670,BUY,0.971,458.0,444.71799999999996,1778223937,El Mokawloon El Arab SC,1,Spread: El Gouna SC (-2.5),egy1-eme-egs-2026-05-08-more-markets,0xc6e7eb025b84bb02924811b4427b0405bcfae51637c5e9f04978ffbb949f9976
a3f223136c8e0b13f49c7ef7d70876e902946369,0xd34f2b5e9ee02bed8a107fdf9bda2d866dc61c95,0xc5331256bff341491df0656772c4245a99a483c58eeda2faa70fa6bb8b7b0405,29200931906543294012092489208099110567531377765151375566798406927877147242781,BUY,0.9870390661,2532.82775,2499.9999369521643,1778262235,No,1,"US x Iran permanent peace deal by May 8, 2026?",us-x-iran-permanent-peace-deal-by,0x86793e56f3f784fb1b8aae8bb58c11c4e946104c01379ee0103351ffaffd77e3
c8be3d386046b0f0a9a667be3dc2d65e03d90bae,0x6274f5f961800af6ddef3d6a362ba12422166907,0x663ab202c03a5e1d399578d44a3b124307db73caba79b2ead36c52ce6094b2d4,96777037696114848391766419517574922007344115888940813113872692623013070089375,SELL,0.024,620.0,14.88,1778290410,Yes,0,"Will any country leave NATO by June 30, 2026?",will-any-country-leave-nato-in-2025,0x979c2026e8118a757fd1f71486b759c768b3351255d9e86586369efd3fc7c31b
729c4ff744e773df845a49db056f2054815ee787,0xd34f2b5e9ee02bed8a107fdf9bda2d866dc61c95,0xc5331256bff341491df0656772c4245a99a483c58eeda2faa70fa6bb8b7b0405,29200931906543294012092489208099110567531377765151375566798406927877147242781,BUY,0.995,469.79,467.44105,1778290729,No,1,"US x Iran permanent peace deal by May 8, 2026?",us-x-iran-permanent-peace-deal-by,0x0667572278446e2377e73231b481a6bf4d09388126aa2ed44aa200a0aed23e79
0b1e37f0caa01ae07d7816c69b89096353d331e3,0x2a17c545d823842cdc8baedb5d61ac4e32aeef0f,0x181e37b9b33b9a9e9e75a592cfa8832a00d25180f366305de612596e309af3c8,97857500383948820862939431221463279666559099480084824129456338823620794177651,BUY,0.987,442.0,436.254,1778291884,No,1,Will Trump meet with Kim Jong Un in May 2026?,who-will-trump-meet-with-in-may,0xb2dc8130b6e8cdd33fc7a86c3192fafeabfc9372b5a73d508c1c3a9b3bc06c48
e6ae16fbd8163a372c47c701a4900b7b01cd3338,0x2a17c545d823842cdc8baedb5d61ac4e32aeef0f,0x4ba8a213c77abe1ac697017a493e9ed2c0b5ac6061bdde747f22cdcea0e2ad33,99771388916850369552348020699135946427295551529094694059025483894719999183876,BUY,0.962,456.0,438.67199999999997,1778294755,Liverpool FC,1,Spread: Chelsea FC (-2.5),epl-liv-che-2026-05-09-more-markets,0xe56d72d8cb7b26beeeaa135f31bed99aff0e4209950196e6959365e9922b7707
3ebb1306a900963f107e9d8a83e6121b110572c2,0xd34f2b5e9ee02bed8a107fdf9bda2d866dc61c95,0xde3f9e35b32a99b679ad3f4ecfc25062071face5ac28cd83a3c6554be65b578e,75496453263165245575009264404982227663086044180406272019480816102222478601902,BUY,0.9583159992,417.39885,399.9999960026809,1778300410,Spurs,0,Spurs vs. Timberwolves,nba-sas-min-2026-05-08,0xac0a83d2c92d08d69ab91f80e24760bed438ded1f6db9f1a4c185bc8f2697fbb
2de5c99517051e9081d397db70bb6f4a712b0b32,0x6274f5f961800af6ddef3d6a362ba12422166907,0xc1a90cbaa26e8e5e79f2a395362a72302ca065b5c5d32aa83e97f3f5b68e7c45,68709034434700114731900515147547903797881702176174635315234115306804421402366,BUY,0.939,286.0,268.554,1778302259,No,1,"Kadyrov out as Head of the Chechen Republic by June 30, 2026?",kadyrov-out-as-head-of-the-chechen-republic-by,0xba23f3ecb3593319a3475667cb77ed5e43f6c220d848bbea09d258b6755a7d34
94f2b896889ad19baddc7785b0179167f6e55e9c,0x33b45b246a2b8d69f96f3ca615b940c48d5b0f91,0x4eea504d6a9a609f2e6fe6b88de6327755282192ebbae4b3b170eac91b611214,107335167713423773973447605599790535579211847383082853080503338846150211532025,BUY,0.932,379.94,354.10408,1778302753,No,1,Will Donald Trump visit Taiwan in 2026?,which-countries-will-donald-trump-visit-in-2026,0xb6509ee33abad970e315cb383e4ddf28ce592b07fa9562f65633a4181c271793
379ba7627b3918c33028a6bac97a04621a981244,0x6274f5f961800af6ddef3d6a362ba12422166907,0xa06b02be4d7ea8fa8dec11f4ce7500d8b4e153bb286eac8427c7ca4946ac83a5,4932830334059666789963613774290769454892190935747480935468471298741937579004,BUY,0.979,433.98,424.86642,1778311496,Sevilla FC,1,Spread: RCD Espanyol de Barcelona (-2.5),lal-sev-esp-2026-05-09-more-markets,0xcb994a55bd0477d3e60ad30492a7e9da2fa57e135519e345fbfeffa865b93319
5e0b87234ff17a64d4667da61343e2b10a54fd98,0x33b45b246a2b8d69f96f3ca615b940c48d5b0f91,0xa06b02be4d7ea8fa8dec11f4ce7500d8b4e153bb286eac8427c7ca4946ac83a5,4932830334059666789963613774290769454892190935747480935468471298741937579004,BUY,0.979,359.0,351.461,1778311669,Sevilla FC,1,Spread: RCD Espanyol de Barcelona (-2.5),lal-sev-esp-2026-05-09-more-markets,0x739100ce18b12399df89dff98147b1d7398d1062a47591064ebfd324a9ef141c
b71ac1009fc6671ac93061a63bdc02656ad43fdb,0xd34f2b5e9ee02bed8a107fdf9bda2d866dc61c95,0xdb80cb224aaad81b579dd475129a43112827b1661fee3feec79122523ae5b933,3043114217411681673088135147371645486248759546264099005085283208702824300126,BUY,0.8747587776,818.511358,715.999994975796,1778386707,Khamzat Chimaev,1,"UFC 328: Sean Strickland vs. Khamzat Chimaev (Middleweight, Main Card)",ufc-sea2-kha7-2026-05-09,0xedc17872ce7d9788fbeac14a3faa5b3ea722f7258b4795beae3fc235eea9e813
0b5d24afe3a18fcf834bd247cb92d756216aa004,0xd34f2b5e9ee02bed8a107fdf9bda2d866dc61c95,0xdb80cb224aaad81b579dd475129a43112827b1661fee3feec79122523ae5b933,3043114217411681673088135147371645486248759546264099005085283208702824300126,SELL,0.48,100.0,48.0,1778387084,Khamzat Chimaev,1,"UFC 328: Sean Strickland vs. Khamzat Chimaev (Middleweight, Main Card)",ufc-sea2-kha7-2026-05-09,0x7a542a715d2f0315a1e12f0f74fde7eb1c6b8a8640b87dedb5b8fadbf2ce825e
b4a28381cf0d34e350e0e952ad9e2a587a3cb361,0xd34f2b5e9ee02bed8a107fdf9bda2d866dc61c95,0xdb80cb224aaad81b579dd475129a43112827b1661fee3feec79122523ae5b933,95946969362614270971845155358440977954164316271424679902550835681765991014456,BUY,0.5899999973,338.983049,199.99999799474574,1778387227,Sean Strickland,0,"UFC 328: Sean Strickland vs. Khamzat Chimaev (Middleweight, Main Card)",ufc-sea2-kha7-2026-05-09,0xaa321f8ca1f9ac182de163e95ea5c94a71888f8bbf0d76f08d97600832a96609
1eb99299892b486cd0badf883dca7a90cd138e2a,0xd34f2b5e9ee02bed8a107fdf9bda2d866dc61c95,0xdb80cb224aaad81b579dd475129a43112827b1661fee3feec79122523ae5b933,3043114217411681673088135147371645486248759546264099005085283208702824300126,BUY,0.7887673129,633.900505,499.99999797480297,1778388237,Khamzat Chimaev,1,"UFC 328: Sean Strickland vs. Khamzat Chimaev (Middleweight, Main Card)",ufc-sea2-kha7-2026-05-09,0x47a5c9f4614bfefcc51171d91e7597cb0ba5591cbc050bb607825f1742c9626a
f1eed857ccc7294a0590403b5daff771aa601dbc,0x6274f5f961800af6ddef3d6a362ba12422166907,0x3e8c1ed53d50da5c13304acf7d8ee93ba368f9c30930383b862537a5a6e97e36,70506608753246144029744057626870726446763434807692099514900081868843587380763,BUY,0.982,320.0,314.24,1778391516,No,1,Will Gustavo Petro be charged in the US by May 31?,will-gustavo-petro-be-charged-in-the-us-by-april-30,0xbd2a833671c3ebc82b195e108d028b7607b029140dfcd337ded8a81bec564cd3
d33a1a36fcbfbc24d47ceac857b50924a9132eb8,0x33b45b246a2b8d69f96f3ca615b940c48d5b0f91,0xc1a90cbaa26e8e5e79f2a395362a72302ca065b5c5d32aa83e97f3f5b68e7c45,114593712843899150009637044090698935429215974233739172722285701425627207606159,SELL,0.055,691.58,38.0369,1778397276,Yes,0,"Kadyrov out as Head of the Chechen Republic by June 30, 2026?",kadyrov-out-as-head-of-the-chechen-republic-by,0x942c8f8db7e7d660c3c0ed52ea7594cca90fb641e4f6fcfc6efaf6799d1c5c2b
dafe6a324285bf7805456871f154e1f95bf5702b,0x33b45b246a2b8d69f96f3ca615b940c48d5b0f91,0xc1a90cbaa26e8e5e79f2a395362a72302ca065b5c5d32aa83e97f3f5b68e7c45,114593712843899150009637044090698935429215974233739172722285701425627207606159,SELL,0.055,0.42,0.0231,1778397346,Yes,0,"Kadyrov out as Head of the Chechen Republic by June 30, 2026?",kadyrov-out-as-head-of-the-chechen-republic-by,0xf70dc32892dc5ecf7535e3c591f69eedcac276b56978f13f833cd359bce194d3
218b55e7aa429f1fd1e4254166fe35bd7128ebdf,0x6274f5f961800af6ddef3d6a362ba12422166907,0x3e8c1ed53d50da5c13304acf7d8ee93ba368f9c30930383b862537a5a6e97e36,70506608753246144029744057626870726446763434807692099514900081868843587380763,SELL,0.5481576875,320.0,175.41046,1778398030,No,1,Will Gustavo Petro be charged in the US by May 31?,will-gustavo-petro-be-charged-in-the-us-by-april-30,0x8c1b59336859ab1f2b6b4708f57f5c9183d0082ad04c860862bef00e66441814
fba32ed0c1229dce94014c6b6a74d9321eb20bb3,0x6274f5f961800af6ddef3d6a362ba12422166907,0xfd3a83461455fa4ba24b3af6acb8abb0344ebca03d40c30297da01089a6b12d7,50955211617419529193897629368836524318070880951992887629761852939601424173271,BUY,0.988,294.0,290.472,1778400067,Aston Villa FC,1,Spread: Burnley FC (-2.5),epl-bur-ast-2026-05-10-more-markets,0x66d7e071ff9b169744382651395c6e14223764c54765313071559b9024eeb35d
3e917f932ab6684be6e7dcc8245b211ce10fce54,0x33b45b246a2b8d69f96f3ca615b940c48d5b0f91,0xfd3a83461455fa4ba24b3af6acb8abb0344ebca03d40c30297da01089a6b12d7,50955211617419529193897629368836524318070880951992887629761852939601424173271,BUY,0.988,370.0,365.56,1778400345,Aston Villa FC,1,Spread: Burnley FC (-2.5),epl-bur-ast-2026-05-10-more-markets,0x19777a9665287aa1c8656e208a19b9a4ab9d71101a1529de1987f87f62cd6654
c733178401ecd285d96896e2b71700cd6c1369a5,0xd34f2b5e9ee02bed8a107fdf9bda2d866dc61c95,0x1067d52abfff4ec12ec33a176a9444df1a86a7dacf12abf7ad25afe04b9f2f11,13783602886209529194682732768033672556604593738613348571662266136394373219393,BUY,0.998,5511.022,5499.999956,1778466584,No,1,"Will Bitcoin reach $83,000 on May 10?",what-price-will-bitcoin-hit-on-may-10,0xf2b4fefd799610d98b02e2dc7bbe6369444fdd7ab71198aa79b4085e8af13b52
9909943480d5f92bb089a4dcbed20c0589757836,0x6274f5f961800af6ddef3d6a362ba12422166907,0xd81282f5791e3354572aa666ee1a2bdb8700e235a6d94b06a49c18c606eef1ce,17065889559372486416191040007014733841716729862746432231646504552958022802934,BUY,0.958,369.96,354.42168,1778484259,No,1,Will Donald Trump visit Lebanon in 2026?,which-countries-will-donald-trump-visit-in-2026,0x7b1a011d12e75e7ec76172531c2e91b63ebe167c860db3bbaccecccd8e519709
fa8593083e68c06bf91dbc17ca6f53c0ed02f07f,0xcfeaa2e026b2d5e92d76c5925be6f41834c3cba7,0x707ab64115b0ca83b65bc5137aaa947a11f56885ed82ffcedc3c5b70e1210151,112716095478573688614552520674907154024762970545392203808286586040914264110986,SELL,0.031,100.0,3.1,1778490860,Yes,0,Greece x Turkey military engagement by June 30?,greece-x-turkey-military-engagement-by-june-30,0x9797dd23b68e4296d45c869c44b74a01b3cb77bf68a58414d9fcd075520c0ee8
bc78007561f8dc66eba915fb23a023865c74fa8f,0xcfeaa2e026b2d5e92d76c5925be6f41834c3cba7,0x707ab64115b0ca83b65bc5137aaa947a11f56885ed82ffcedc3c5b70e1210151,112716095478573688614552520674907154024762970545392203808286586040914264110986,SELL,0.031,100.0,3.1,1778490885,Yes,0,Greece x Turkey military engagement by June 30?,greece-x-turkey-military-engagement-by-june-30,0x97f6ac66fb80c0b72999c9dfd0f29ef606dc312b30ff1ea9b0288a2558cf2f55
27adfe131670415de316a2989a68922a13e640ed,0xcfeaa2e026b2d5e92d76c5925be6f41834c3cba7,0x707ab64115b0ca83b65bc5137aaa947a11f56885ed82ffcedc3c5b70e1210151,112716095478573688614552520674907154024762970545392203808286586040914264110986,SELL,0.033,305.0,10.065000000000001,1778490979,Yes,0,Greece x Turkey military engagement by June 30?,greece-x-turkey-military-engagement-by-june-30,0x9d68f9d8f72532f6910a6f9e855f679bf3a64ef960d92e997236bb8bbc61e768
3eae3d14df1399dabfd23441690629b356439ce6,0xcfeaa2e026b2d5e92d76c5925be6f41834c3cba7,0x707ab64115b0ca83b65bc5137aaa947a11f56885ed82ffcedc3c5b70e1210151,112716095478573688614552520674907154024762970545392203808286586040914264110986,SELL,0.033,472.0,15.576,1778491021,Yes,0,Greece x Turkey military engagement by June 30?,greece-x-turkey-military-engagement-by-june-30,0x9bcba6c4ed4b1c588b0a3d5e40afc4afc6d23f7982ee48dff574d5863933ffec
cb0da53092ee71df8327109e2e0e3b1a5fb8beda,0x33b45b246a2b8d69f96f3ca615b940c48d5b0f91,0x759ceaf5eb99bed7eed8a42ad74593a25d6114c88b0475df5e2dba7ad155e4df,67289858866759555330449286775362832378193973230368657902755847806096722848893,SELL,0.06,669.0,40.14,1778491324,Yes,0,Will The Netherlands recognize Palestine before 2027?,which-countries-will-recognize-palestine-before-2027,0xb08ace0744450498597c403d014bc13a0091548100e59bfbfd24692f7b23668d
04c0f347d2d49df7932953c49ffd19ca667eb4d0,0x6274f5f961800af6ddef3d6a362ba12422166907,0xb13ab8b62fcfb5eee25cd6d61780cdfe6154c3e6a152729bc03be636b3fefa72,13483706291767403741653253018575498718297360286442504352575768998065608171309,BUY,0.988,352.0,347.776,1778493615,FCSB,1,Spread: AFC Unirea Slobozia (-1.5),rou1-fcs-aus-2026-05-11-more-markets,0x8a7cdd48cc327020adc94931e67d880ce3c7767e3bfb24d0aef12b92c1eae35a
4d3a89572cc041d4261aa67aa429fc6f3295d1dd,0xd34f2b5e9ee02bed8a107fdf9bda2d866dc61c95,0x4c7aee76714c3a69885cbf6a09c754529b255d038b9547d5cec1836906a0aecb,57412940763264379879744550530590190368873063906839354927556618677151005038270,BUY,0.8962077269,1673.71911,1499.999999042191,1778563092,Thunder,0,Thunder vs. Lakers,nba-okc-lal-2026-05-11,0xe43353550d919d4db88f486eef3d58f2d7a42c2ce7f362accd47b1381ce29a94
cd44fea4e9e5cfdc037d0ccac023fdab28f6f5ea,0xd34f2b5e9ee02bed8a107fdf9bda2d866dc61c95,0x4c7aee76714c3a69885cbf6a09c754529b255d038b9547d5cec1836906a0aecb,57412940763264379879744550530590190368873063906839354927556618677151005038270,BUY,0.8930356171,4479.10466,3999.999994098586,1778563106,Thunder,0,Thunder vs. Lakers,nba-okc-lal-2026-05-11,0x4aaca6397059913d4830063eb306af22f3b10efa4fa453d5458d847511d199eb
9bd447d89d92a637ad2a0de49bf3a21767a9a783,0xd34f2b5e9ee02bed8a107fdf9bda2d866dc61c95,0xc276b13bab8a721e7599763c0c1830a5e27a2314453831bf4568db68d00bd105,37633130919066640856067084163690833744679307073573270907048792242964230213432,BUY,0.999,3750.75,3746.99925,1778641698,No,1,"Will Bitcoin reach $82,000 on May 12?",what-price-will-bitcoin-hit-on-may-12,0x65942cb8c7d573341e0dbb54f3b84e530e74368b78ebc32e104f184a5b5fe6df
f690e1515d479653c59591134eab01d0abcee928,0xcfeaa2e026b2d5e92d76c5925be6f41834c3cba7,0x96cd1bfdc9f904198fd559b1a62c0e5c23412672d1c174ebb8d025273577a3fd,99932575747050197176311353057287730758421737500750012119419196243225585645724,BUY,0.963,518.0,498.834,1778642424,No,1,"Israel and Indonesia normalize relations by June 30, 2026?",israel-and-indonesia-normalize-relations-by,0xeac5fb98f5d21ed05af7a63d6fe5a04a632714305ea8080d5c12751cfcf3d827
b48b73a186b52cbc4e361d0e294e95beac15ab2b,0xd34f2b5e9ee02bed8a107fdf9bda2d866dc61c95,0xc276b13bab8a721e7599763c0c1830a5e27a2314453831bf4568db68d00bd105,37633130919066640856067084163690833744679307073573270907048792242964230213432,BUY,0.999,2412.412,2409.9995879999997,1778643229,No,1,"Will Bitcoin reach $82,000 on May 12?",what-price-will-bitcoin-hit-on-may-12,0xc475ad1521342dbcc54de2d8f99a7c91036f1613467bf1d7c78440359e97c1e1
4b4000a105b1779067eac48bc500b1d1c82e42f4,0xd34f2b5e9ee02bed8a107fdf9bda2d866dc61c95,0x7772e1948236744552b59570a0173151183804a698eb5c0e8e47445ddb6daea6,69153881443661297944299881815056900748855456355662065393270181846322675036402,BUY,0.999,7.407,7.399593,1778646546,Athletics,1,Spread: St. Louis Cardinals (-3.5),mlb-stl-oak-2026-05-12,0x9c18884157f2d7db01453b36416f85d37f500b88dd09ac94474ccbb92a269e2c
efd65cb0b118dc74dad90cc7b3ab1a3cdf6e0a1a,0xcfeaa2e026b2d5e92d76c5925be6f41834c3cba7,0xb797dcaaea6135ee29921fd7533b0070aff72c85fe532a1a62f6cb6563c61044,39776363786943542037678368632744569915544998577118527039925503421636218059640,BUY,0.988,504.0,497.952,1778646565,FC Machida Zelvia,1,Spread: Tōkyō Verdy (-2.5),j1100-zel-ver-2026-05-13-more-markets,0x7e615a9b201a4ee1b9c8742a5f347a5b921f2e9cc98b3d9c8eb90e38dc6b91ce
ce543d32416ac9f096f3cb115c8c420d9c64cea9,0xd34f2b5e9ee02bed8a107fdf9bda2d866dc61c95,0x5e6d7292d74c8edae0273a9b14f775838e48ef34d4d6d9b43db0cc95abedadc7,77713984336076790330271035626125672437553756035364741198575629288534291486759,BUY,0.999,200.0,199.8,1778696284,Yes,0,Will Google (GOOGL) close above $380 on May 13?,googl-close-above-on-may-13-2026,0xf19e125193a8274eb31b13cbf2e672393f9050f0997410c6d3c8a84f4b613665
cbd8b734e00c32ac4cd3a2ed63714a23349e6237,0xd34f2b5e9ee02bed8a107fdf9bda2d866dc61c95,0x2a4719c4af9a5c92ec0e84ace356c3f1cc84490093ca9425372bd147a59dac38,37827349096830052883013470382550493467203606313787023636640980265770354349665,BUY,0.999,1200.0,1198.8,1778696296,Yes,0,Will Google (GOOGL) close above $385 on May 13?,googl-close-above-on-may-13-2026,0xa867b7fcbf29e3a9bbcf370c8b39c9b45246d6094cc9f5f128ace8add4807424
24766801270509168f47c25a91ccce90f278fbf8,0xd34f2b5e9ee02bed8a107fdf9bda2d866dc61c95,0xb081a0860a916f95c60cbdc6e38ff50dcaae88f317db99e30fba4ced5eb845d0,16741159632836102944609065138567171044081258928932146036041703923483022748110,BUY,0.998,55.02,54.909960000000005,1778696447,Up,0,Google (GOOGL) Up or Down on May 13?,googl-up-or-down-on-may-13-2026,0x88ff16bdeb5786715b6a891c550a8e3402febb023752b3194d369afd4ccef660
d4f7e9aca6a69838116a85dbd70ccd727e706c54,0xd34f2b5e9ee02bed8a107fdf9bda2d866dc61c95,0xb081a0860a916f95c60cbdc6e38ff50dcaae88f317db99e30fba4ced5eb845d0,16741159632836102944609065138567171044081258928932146036041703923483022748110,BUY,0.999,653.19,652.5368100000001,1778696454,Up,0,Google (GOOGL) Up or Down on May 13?,googl-up-or-down-on-may-13-2026,0xce909182f45b8ae8b8756c8b9500d68bdec5e81c3eec4f43f996eac030401222
b010a3612a891b033d5e016b2f8903a2803fa38b,0xd34f2b5e9ee02bed8a107fdf9bda2d866dc61c95,0x366c1da2ae431ab5e92efdfa3da48e674ef36c50796fe045711ce6ccea57e284,14041848362279316341987425016355851264065228476879346215460887785690454145122,BUY,0.999,36.12,36.08388,1778696534,Yes,0,Will Amazon (AMZN) close above $265 on May 13?,amzn-close-above-on-may-13-2026,0x16e65e3bc9a6b5a6bfeb1a034c58c9e0b6d231e1dbde5c4bc3d8ede8e49685ef
d415726c23c729e7c7d6a113d75004a2e196096b,0xd34f2b5e9ee02bed8a107fdf9bda2d866dc61c95,0x36d379910885149a529fa44cab27f50150429c0e06e2d8c07f448144104e1702,61854271348115806755876283673578984058892524522560902780194139335929146992401,BUY,0.991,255.0,252.70499999999998,1778723890,No,0,"Will Bitcoin dip to $78,000 on May 13?",,0x2f29ed46f128e844b75167c66f3f1683eac1753998400fe97798c08255fa3746
4e995eafacc36e714431d8461314b6300ba94fc5,0xd34f2b5e9ee02bed8a107fdf9bda2d866dc61c95,0x36d379910885149a529fa44cab27f50150429c0e06e2d8c07f448144104e1702,61854271348115806755876283673578984058892524522560902780194139335929146992401,BUY,0.993,5.0,4.965,1778723903,No,0,"Will Bitcoin dip to $78,000 on May 13?",,0xcda7c96d60642c6d9bba67d2235b58b820c119ca2d86d88041aa62b20a16aea3
b38a32bda52d285588418729c5d0f07aaa00c753,0xd34f2b5e9ee02bed8a107fdf9bda2d866dc61c95,0x36d379910885149a529fa44cab27f50150429c0e06e2d8c07f448144104e1702,61854271348115806755876283673578984058892524522560902780194139335929146992401,BUY,0.995,18.22,18.128899999999998,1778724886,No,0,"Will Bitcoin dip to $78,000 on May 13?",,0xb7c1199376f815918514419b3f42e26e43fa570ceadaaf4cf3d758e49b6f5b50
80bbcf6799f6d29df15a7316aa6368d12f8a8b1e,0xd34f2b5e9ee02bed8a107fdf9bda2d866dc61c95,0x0d04ebe201e5f7cda738924bec4cc9091dcf40f3a3e31fbdd8d199ddb5a1dab2,105166129853467783639385561923088819494196900221338212050923657252104184316048,BUY,0.999,100.0,99.9,1778732292,Athletics,0,Spread: St. Louis Cardinals (-1.5),,0xe601feb3c2c7401dc5b4d4019e3cc5d61d216285cfdfa9e6fe0514ebb98d1f5f
57afda7f940677aed70283fcf11881c4b027e170,0xd34f2b5e9ee02bed8a107fdf9bda2d866dc61c95,0x00a7b02f3bdb360e7dac675e44192253ad50d87d44ddb9b79566a6d998d297a6,60676204581924307706075682406014697598663174802991178281708489635063321360338,BUY,0.99,5.0,4.95,1778732303,Athletics,0,Spread: St. Louis Cardinals (-2.5),,0x9454ff8fc8071084cc8ee0ff066681a9d5db07596b0690a8686f27759262ab8d
50d917a2989595cc0543088fb9c34f969de4308c,0xd34f2b5e9ee02bed8a107fdf9bda2d866dc61c95,0x00a7b02f3bdb360e7dac675e44192253ad50d87d44ddb9b79566a6d998d297a6,60676204581924307706075682406014697598663174802991178281708489635063321360338,BUY,0.999,100.0,99.9,1778732308,Athletics,0,Spread: St. Louis Cardinals (-2.5),,0x747ad512ba9203c31652023c16722bab3c25be006c6b53184a06f04f864f4b32
d651cc3a83eb459480f51f4f14e26a5dede3e04e,0xd34f2b5e9ee02bed8a107fdf9bda2d866dc61c95,0x949adb90057f348e9da9f51e06598e8ef837f2f08b4319526b3dd4edfdca27db,22979991378277666390939011477631703474228660201922108294917670934810002641306,BUY,0.999,100.0,99.9,1778732331,Athletics,0,Spread: St. Louis Cardinals (-3.5),,0x30fadef45d5a4db23580c4fb66e1e16011adca8a728714180ebcd9a161d9fadd
fa570fdac27cb0e263414d539324c249ffb9388d,0xd34f2b5e9ee02bed8a107fdf9bda2d866dc61c95,0x4d02471bcbf63bd76112da227873d9efd9aa9a9d8d93729463101a53eec3cd0f,43248259175442812790852583101275750777966651246574664402629507243560378127525,BUY,0.998,500.0,499.0,1778733718,Indiana Fever,0,Indiana Fever vs. Los Angeles Sparks,wnba-ind-la-2026-05-13,0xe471c56e076a713b85609f26fde200a96a00c5a74f01bb232806b1bfd60c71f2
85ec4b1f64c0bec9cff2b0e866b4c842c575afce,0xd34f2b5e9ee02bed8a107fdf9bda2d866dc61c95,0x4d02471bcbf63bd76112da227873d9efd9aa9a9d8d93729463101a53eec3cd0f,43248259175442812790852583101275750777966651246574664402629507243560378127525,BUY,0.999,5000.0,4995.0,1778733788,Indiana Fever,0,Indiana Fever vs. Los Angeles Sparks,wnba-ind-la-2026-05-13,0x4dcd15592044a71fdbba97200412f86a66c2e664f27b7805f4b560eca2cbf001
40cb983b983b0158bbe139a87b49c59e3807cc93,0x6274f5f961800af6ddef3d6a362ba12422166907,0xa4ddc18895cc7b14810283ef8f113939abffd3969c6a0e37f1897110c67e6f73,95212449865986159112377413335252801281670333750637442556685159781445406848396,BUY,0.929,10.0,9.290000000000001,1778734390,No,1,Hantavirus pandemic in 2026?,hantavirus-pandemic-in-2026,0x603d218e4b94a830062f51f638137dcfc76f6e39ed20b8937c5e443eb79a461e
aa2294182f6174dbfe77442b224ca3b1f83c67f4,0x6274f5f961800af6ddef3d6a362ba12422166907,0xa4ddc18895cc7b14810283ef8f113939abffd3969c6a0e37f1897110c67e6f73,95212449865986159112377413335252801281670333750637442556685159781445406848396,SELL,0.928,10.0,9.280000000000001,1778734847,No,1,Hantavirus pandemic in 2026?,hantavirus-pandemic-in-2026,0xc76872cd64f8bdb937b61868603ad7a50eb66acb6f4b7a2a54dde154b950a54d
a161703f5b9c6a5b249af6b902cdca8d3016ed80,0xd34f2b5e9ee02bed8a107fdf9bda2d866dc61c95,0x775c0d62d8e52dc8a99ed66c86b4bc598021771c04bc708a6b624611c1627cde,34246107023948122930080704687943762799375683984146040474910577530427181924240,BUY,0.988,60.24,59.51712,1778771662,No,1,"Will the price of Bitcoin be above $82,000 on May 14?",bitcoin-above-on-may-14,0xf1fe3ea92b6b519cccb02b54d0cb6b56873121c6f818b63d1009d499976aeeca
0196a2064bf748474d6e168beda1871b11699109,0xd34f2b5e9ee02bed8a107fdf9bda2d866dc61c95,0x775c0d62d8e52dc8a99ed66c86b4bc598021771c04bc708a6b624611c1627cde,34246107023948122930080704687943762799375683984146040474910577530427181924240,BUY,0.989,149.45,147.80605,1778771679,No,1,"Will the price of Bitcoin be above $82,000 on May 14?",bitcoin-above-on-may-14,0x2f45c8ec010122fe16100216a844cd4eeff240ad05a653dabbc08c33bc5f29de
e28137d5493e05636142d9ef390fe712a27d1ed0,0xd34f2b5e9ee02bed8a107fdf9bda2d866dc61c95,0x775c0d62d8e52dc8a99ed66c86b4bc598021771c04bc708a6b624611c1627cde,34246107023948122930080704687943762799375683984146040474910577530427181924240,BUY,0.989,160.24,158.47736,1778771716,No,1,"Will the price of Bitcoin be above $82,000 on May 14?",bitcoin-above-on-may-14,0x9e093136b1c15083ccf41b491aed924f063481e2741beaf5cc4aace9df2e098a
78b5a11c6da94f64a8cea46db6bd00970ab71bcf,0xd34f2b5e9ee02bed8a107fdf9bda2d866dc61c95,0x775c0d62d8e52dc8a99ed66c86b4bc598021771c04bc708a6b624611c1627cde,34246107023948122930080704687943762799375683984146040474910577530427181924240,BUY,0.998,60.24,60.11952,1778772740,No,1,"Will the price of Bitcoin be above $82,000 on May 14?",bitcoin-above-on-may-14,0xe733b61a2ec9063d2fda3ec0a1bd44f2c17b0085aa268b241d430fef65a19440
23ef3fdf8d124a0b99c001d73e2332677e4533de,0xd34f2b5e9ee02bed8a107fdf9bda2d866dc61c95,0x775c0d62d8e52dc8a99ed66c86b4bc598021771c04bc708a6b624611c1627cde,34246107023948122930080704687943762799375683984146040474910577530427181924240,BUY,0.998,60.24,60.11952,1778772747,No,1,"Will the price of Bitcoin be above $82,000 on May 14?",bitcoin-above-on-may-14,0x8012ca72c918d0502e2ae57bcfd65da2dd80d1e2493d94b3200d6b51fd16908a
7eada6e10f8653b44b0d877bdaa3f8862f453c3f,0xd34f2b5e9ee02bed8a107fdf9bda2d866dc61c95,0x775c0d62d8e52dc8a99ed66c86b4bc598021771c04bc708a6b624611c1627cde,34246107023948122930080704687943762799375683984146040474910577530427181924240,BUY,0.998,60.24,60.11952,1778772761,No,1,"Will the price of Bitcoin be above $82,000 on May 14?",bitcoin-above-on-may-14,0xbfa0786d3683fb08698f7a4f2f99cf20cb95ca45a7499afded649200a4a5a7b6
dee1281cb52097f0b84961028f43b45e4f55ca85,0xd34f2b5e9ee02bed8a107fdf9bda2d866dc61c95,0x775c0d62d8e52dc8a99ed66c86b4bc598021771c04bc708a6b624611c1627cde,34246107023948122930080704687943762799375683984146040474910577530427181924240,BUY,0.998,60.24,60.11952,1778772770,No,1,"Will the price of Bitcoin be above $82,000 on May 14?",bitcoin-above-on-may-14,0x952a42a703f796b8017fa462402dcd0f5b894dc88f0c3e790c1f46947907fc93
b1d6f7ca62f1d947a7fc8a6bac8a9fd4016e65d5,0xd34f2b5e9ee02bed8a107fdf9bda2d866dc61c95,0x775c0d62d8e52dc8a99ed66c86b4bc598021771c04bc708a6b624611c1627cde,34246107023948122930080704687943762799375683984146040474910577530427181924240,BUY,0.998,60.24,60.11952,1778772798,No,1,"Will the price of Bitcoin be above $82,000 on May 14?",bitcoin-above-on-may-14,0x80be515ef13ad659484e0b82af37997e6ba5919c3bde9c5da4e0293bdb9baa24
56e4819ae75565a0db9674a48bef6a0a5ec479b1,0xd34f2b5e9ee02bed8a107fdf9bda2d866dc61c95,0x775c0d62d8e52dc8a99ed66c86b4bc598021771c04bc708a6b624611c1627cde,34246107023948122930080704687943762799375683984146040474910577530427181924240,BUY,0.998,1000.0,998.0,1778772824,No,1,"Will the price of Bitcoin be above $82,000 on May 14?",bitcoin-above-on-may-14,0xabf2f7a93ae56a7760d822a1a7d63dacb32a16505bb338991b490080f5e45a9d
c4ee3437ccb1d44cea5171de7a8704534ae7b4a6,0xd34f2b5e9ee02bed8a107fdf9bda2d866dc61c95,0x775c0d62d8e52dc8a99ed66c86b4bc598021771c04bc708a6b624611c1627cde,34246107023948122930080704687943762799375683984146040474910577530427181924240,BUY,0.998,60.24,60.11952,1778773051,No,1,"Will the price of Bitcoin be above $82,000 on May 14?",bitcoin-above-on-may-14,0xc358685b332d7db1c06f237c27334b062bf6f1be4c736ddd9fcc68a4fe905ae0
1e5fe5f63fd9546685c076e9d6ad0e7ad9890bc9,0xd34f2b5e9ee02bed8a107fdf9bda2d866dc61c95,0xf15bfa3a11ff3d9480742eabd34f3eff971eba69fc840519f402343c453f1151,9753227744302153177619913083115839322022868115365300237679145092273785389301,BUY,0.999,4000.0,3996.0,1778813457,No,1,"Will Bitcoin reach $84,000 on May 14?",what-price-will-bitcoin-hit-on-may-14,0xdb860e076d6421b789f40cbb5c5826c0c3e55d10355a7fdd5120594a41b85d49
539b869f98bfb36cc11ba9bcdb617703d8ddb8c7,0xd34f2b5e9ee02bed8a107fdf9bda2d866dc61c95,0xd7666108cfa19a72fed949a9e53ebbf89048b065fb4ca1a4bb13033ae207a50a,114895253344190530299501691448609802607143496280965550185684365967704645697806,BUY,0.993,3753.29,3727.01697,1778857975,Yes,0,"Will the price of Bitcoin be above $78,000 on May 15?",bitcoin-above-on-may-15,0x72d719c6c3153d864eac70f13216a75c6ef79e6a69b86e4bcbcd175b7b679061
4255bc20f1b8a3a16e35c34370684e0adb9aee36,0xd34f2b5e9ee02bed8a107fdf9bda2d866dc61c95,0xd7666108cfa19a72fed949a9e53ebbf89048b065fb4ca1a4bb13033ae207a50a,114895253344190530299501691448609802607143496280965550185684365967704645697806,BUY,0.995,299.0,297.505,1778858138,Yes,0,"Will the price of Bitcoin be above $78,000 on May 15?",bitcoin-above-on-may-15,0xc190eda25858e073a06b7b2a36175d8cb79359cd014c066d7c42a156158bd21e
2a31023810856bb3934d241df447db05b1b65f8c,0xd34f2b5e9ee02bed8a107fdf9bda2d866dc61c95,0x356e733166dee1aad38cec28892096433516b83f7f79d4eeac74d60e4d8b1994,96824490864753131573662709872956128973886693338381790286413510520637363327543,BUY,0.979,71.1,69.6069,1778901788,Spurs,0,NBA Playoffs: Who Will Win Series? - Spurs vs. Timberwolves ,nba-playoffs-who-will-win-series-spurs-vs-timberwolves,0x03017dd267e935f170dd4b7752ddbe1d8e66ee94d943a77af3d2b30f56cb2e18
9efd2471067e01475c6bcdca6ac7c44ed7b4c0f6,0xd34f2b5e9ee02bed8a107fdf9bda2d866dc61c95,0x356e733166dee1aad38cec28892096433516b83f7f79d4eeac74d60e4d8b1994,96824490864753131573662709872956128973886693338381790286413510520637363327543,BUY,0.979,20.0,19.58,1778901795,Spurs,0,NBA Playoffs: Who Will Win Series? - Spurs vs. Timberwolves ,nba-playoffs-who-will-win-series-spurs-vs-timberwolves,0x9b7900d30735d752db438df62342b454569b0467e6f50bf99d9bd650e5857a3e
86368671fecffaef029b0770300c673771456ed3,0xd34f2b5e9ee02bed8a107fdf9bda2d866dc61c95,0x356e733166dee1aad38cec28892096433516b83f7f79d4eeac74d60e4d8b1994,96824490864753131573662709872956128973886693338381790286413510520637363327543,BUY,0.989,6.02,5.953779999999999,1778902084,Spurs,0,NBA Playoffs: Who Will Win Series? - Spurs vs. Timberwolves ,nba-playoffs-who-will-win-series-spurs-vs-timberwolves,0xfde265e719439564aa45de59d3edab4a000b261b3d4a764c1def3a0ad3556666
9b0bed80e516a630eaefb95af1e872c87cd9fcbb,0xd34f2b5e9ee02bed8a107fdf9bda2d866dc61c95,0x356e733166dee1aad38cec28892096433516b83f7f79d4eeac74d60e4d8b1994,96824490864753131573662709872956128973886693338381790286413510520637363327543,BUY,0.99,209.78,207.6822,1778902088,Spurs,0,NBA Playoffs: Who Will Win Series? - Spurs vs. Timberwolves ,nba-playoffs-who-will-win-series-spurs-vs-timberwolves,0x15e848b658c6e8fae4b94831e02d4f3ab5fa012977b1a9a234ce125e7610731b
6ec4eb1251461867e18c009bd107c2b67f26a3eb,0xd34f2b5e9ee02bed8a107fdf9bda2d866dc61c95,0x356e733166dee1aad38cec28892096433516b83f7f79d4eeac74d60e4d8b1994,96824490864753131573662709872956128973886693338381790286413510520637363327543,BUY,0.998,220.0,219.56,1778902450,Spurs,0,NBA Playoffs: Who Will Win Series? - Spurs vs. Timberwolves ,nba-playoffs-who-will-win-series-spurs-vs-timberwolves,0xe2ec0287fd513192f8f6f34646e86777d9c19e17c6702c95e62f090853be1498
bbe08c1058057170211b7ab50a9ba85e6e8e4911,0xd34f2b5e9ee02bed8a107fdf9bda2d866dc61c95,0x48bf9e446715cb14cc6ac4577d9420798eb0447941c16027a742bff7d17e9038,2266747245590261377532171806880705039220651833605283448144725108686305722003,BUY,0.999,100.0,99.9,1778904669,Los Angeles Dodgers,0,Spread: Los Angeles Dodgers (-1.5),mlb-lad-laa-2026-05-15,0xe5806b97b39f0565b041690195b2eee7d17d04652a38f25e6e652aa7bceacb12
5c98c8c8e1f94789ed155f096fff870dcb6361b5,0xd34f2b5e9ee02bed8a107fdf9bda2d866dc61c95,0xe38cba4b2d7bd7a0b62edd0e6b3fbfa4740f0d7a23f08c56068688099f9bc265,33513737261418467779266766846054135133693405974428611294039560755004860006619,BUY,0.994,1526.89,1517.72866,1778987393,No,1,"Will Bitcoin dip to $77,000 on May 16?",what-price-will-bitcoin-hit-on-may-16,0x60f663eccfe9363b739ef4b99ec23c077f7e7762940acb43aeb07dcd322f09ae
39ae61ada41987c9e13ffea469fadfc5f350dd36,0xd34f2b5e9ee02bed8a107fdf9bda2d866dc61c95,0xe38cba4b2d7bd7a0b62edd0e6b3fbfa4740f0d7a23f08c56068688099f9bc265,33513737261418467779266766846054135133693405974428611294039560755004860006619,BUY,0.995,7.4,7.363,1778987468,No,1,"Will Bitcoin dip to $77,000 on May 16?",what-price-will-bitcoin-hit-on-may-16,0xf74eee28c16d6fcfa821f2eb88e56f9f504524a66257ffdc48ac10598ba15a74
89d89b64dddbe7243576bbe1930a29236aed85ed,0xcfeaa2e026b2d5e92d76c5925be6f41834c3cba7,0x9772347ce628f4427ab437333679512aba5a98a4d14ff2a138f99fe7a40ba5fe,112904569046070107954334149472080769315009445155940899941644097924159014316116,SELL,0.04,100.0,4.0,1778994251,Yes,0,Ukraine agrees not to join NATO by June 30? ,ukraine-agrees-not-to-join-nato-by-june-30,0x6ea237ed6ad2f09d8918ed6772ddd089fa4d262a49e4abc5cb370c811ca59a8a
4327da14dbd634d7d04b454faada30553d9d69ae,0xcfeaa2e026b2d5e92d76c5925be6f41834c3cba7,0x9772347ce628f4427ab437333679512aba5a98a4d14ff2a138f99fe7a40ba5fe,112904569046070107954334149472080769315009445155940899941644097924159014316116,SELL,0.04,100.0,4.0,1778994265,Yes,0,Ukraine agrees not to join NATO by June 30? ,ukraine-agrees-not-to-join-nato-by-june-30,0x3e99d738d1754620b0d85c5a2852f93d207bf18d0ba358a6ada2ac8ba3c7b677
c57ab52c4e2831ea467f3fd9a06e86d83b34b230,0xcfeaa2e026b2d5e92d76c5925be6f41834c3cba7,0x9772347ce628f4427ab437333679512aba5a98a4d14ff2a138f99fe7a40ba5fe,112904569046070107954334149472080769315009445155940899941644097924159014316116,SELL,0.04,100.0,4.0,1778994278,Yes,0,Ukraine agrees not to join NATO by June 30? ,ukraine-agrees-not-to-join-nato-by-june-30,0x023d641b89019bce08f98d2b52334aafe4623dadbd60ad1cba5b164f9f2a2333
fe801c099ce93ac96c6c8cebd0d216158f04ebbe,0xcfeaa2e026b2d5e92d76c5925be6f41834c3cba7,0x9772347ce628f4427ab437333679512aba5a98a4d14ff2a138f99fe7a40ba5fe,112904569046070107954334149472080769315009445155940899941644097924159014316116,SELL,0.04,100.0,4.0,1778994334,Yes,0,Ukraine agrees not to join NATO by June 30? ,ukraine-agrees-not-to-join-nato-by-june-30,0xf2b93fae75df15dbcbf2ed474b964237abb293ee334a6f6a2b994c23c3ac569b
5e3cecd33a2fdc4891490fcbcac55740e7c89f5e,0xcfeaa2e026b2d5e92d76c5925be6f41834c3cba7,0x9772347ce628f4427ab437333679512aba5a98a4d14ff2a138f99fe7a40ba5fe,112904569046070107954334149472080769315009445155940899941644097924159014316116,SELL,0.042,100.0,4.2,1778994398,Yes,0,Ukraine agrees not to join NATO by June 30? ,ukraine-agrees-not-to-join-nato-by-june-30,0x12b2271a03933422e85825617594e3063241b18e4946e8704d1ab5c7b318c08d
c8959f4a655f34dc7ee565ccd121a16c0c5113b1,0xcfeaa2e026b2d5e92d76c5925be6f41834c3cba7,0x9772347ce628f4427ab437333679512aba5a98a4d14ff2a138f99fe7a40ba5fe,112904569046070107954334149472080769315009445155940899941644097924159014316116,SELL,0.042,150.0,6.300000000000001,1778994426,Yes,0,Ukraine agrees not to join NATO by June 30? ,ukraine-agrees-not-to-join-nato-by-june-30,0x8426dfab68df65e6437c2cedf852e396d4dee70ab278532f044eb9448edef66c
2a60dc114d71b29f8df00f91e9cc8edcef927924,0xcfeaa2e026b2d5e92d76c5925be6f41834c3cba7,0x9772347ce628f4427ab437333679512aba5a98a4d14ff2a138f99fe7a40ba5fe,112904569046070107954334149472080769315009445155940899941644097924159014316116,SELL,0.042,270.0,11.34,1778994442,Yes,0,Ukraine agrees not to join NATO by June 30? ,ukraine-agrees-not-to-join-nato-by-june-30,0x071251b9dc37884b187b2eec6ffdbb93a4ab870b41d1186b9c96ca5a5810865b
5adcf8c42349d85e123b0a12b793d4a31ae859b4,0xd34f2b5e9ee02bed8a107fdf9bda2d866dc61c95,0x5f650ebba706855a4373ad215c1d342997c85e4be0efe81a2e13935fce4bd8cd,93820627828943091361242036771278824413589818792535749337107748775388935986477,BUY,0.997,799.0,796.603,1779013893,Yes,0,"Will the price of Bitcoin be above $76,000 on May 17?",bitcoin-above-on-may-17,0x958e525eb27a805d53030ee1c3b4f07e29ab8b80ae8bedd1c1068c239c907d78
5ec6e533f72878b5a34e7978ef2146adfa7e0725,0xd34f2b5e9ee02bed8a107fdf9bda2d866dc61c95,0x5f650ebba706855a4373ad215c1d342997c85e4be0efe81a2e13935fce4bd8cd,93820627828943091361242036771278824413589818792535749337107748775388935986477,BUY,0.997,800.0,797.6,1779013909,Yes,0,"Will the price of Bitcoin be above $76,000 on May 17?",bitcoin-above-on-may-17,0x5e931d6b37e4c9274d480721ab44a208a931ecc332f88b4b08a2de1c397b28ed
0a408a37f47e457726687010393fb09418102534,0xd34f2b5e9ee02bed8a107fdf9bda2d866dc61c95,0x85352e26f216697371b9bdcecca3e1a2ba2d5124173b6490f2b09120fd9bedc0,108975040770573403757906036401545952883768837623422492556039865742379291085171,BUY,0.999,643.74,643.09626,1779075756,No,1,"Will Bitcoin dip to $76,000 on May 17?",what-price-will-bitcoin-hit-on-may-17,0xa7f1196948ba5c3bb031d6023a1af420305160cc27ce91ae6651bae728103b43
b68d837d42a291cc6909be2e4e271452edc73e9b,0xd34f2b5e9ee02bed8a107fdf9bda2d866dc61c95,0x66f99e1d9629b9f2d5942d74c26f729ffe9f633c0bf899c27abf0fb4f078c851,55631509408711533901711193660663154460221584365183502530551139258092605837664,BUY,0.98,7.06,6.918799999999999,1779114798,No,1,"Will the price of Bitcoin be above $78,000 on May 18?",bitcoin-above-on-may-18,0xd0c9f61d86a2f9012c768366fece1343457e9de8624c59cead1c3d2d3f1c0465
dbf55635ccff5e27a6aee868b72b6d6b4bf369a6,0xd34f2b5e9ee02bed8a107fdf9bda2d866dc61c95,0x66f99e1d9629b9f2d5942d74c26f729ffe9f633c0bf899c27abf0fb4f078c851,55631509408711533901711193660663154460221584365183502530551139258092605837664,BUY,0.982,21.0,20.622,1779114814,No,1,"Will the price of Bitcoin be above $78,000 on May 18?",bitcoin-above-on-may-18,0xb527feef12b9b7029f78133a26225ecab0175386e710e2c05d3c90c5314a5188
d8d929c4070c75c66aa5546cfd1c6f089757d8ac,0xd34f2b5e9ee02bed8a107fdf9bda2d866dc61c95,0x66f99e1d9629b9f2d5942d74c26f729ffe9f633c0bf899c27abf0fb4f078c851,55631509408711533901711193660663154460221584365183502530551139258092605837664,BUY,0.989,800.0,791.2,1779114933,No,1,"Will the price of Bitcoin be above $78,000 on May 18?",bitcoin-above-on-may-18,0xf50f06b725a661bb667173ef2074e08fd55753d0e9017d6ca9e1819bb5102e06
b552dca4a04a09bfb3bf88aac25a9a0f8ae1ec35,0xd34f2b5e9ee02bed8a107fdf9bda2d866dc61c95,0x66f99e1d9629b9f2d5942d74c26f729ffe9f633c0bf899c27abf0fb4f078c851,55631509408711533901711193660663154460221584365183502530551139258092605837664,BUY,0.989,301.0,297.689,1779114980,No,1,"Will the price of Bitcoin be above $78,000 on May 18?",bitcoin-above-on-may-18,0x1ea424a83d33566149b8915485f5ab2f0b0a9db62535954ae680b1bf5201fc69
fdcb59b42575ed98bbe77647c69691c904788b79,0x91327ef84dca65ca90eea309c5d455daee4b8256,0x3ded5a5738cdcb0a0c5cbaf2023a4aed7e837a20bbe0a57accc4abd04ad63809,34599870614816162237444641284295408428749159067498233537267864690836872452084,SELL,0.996,992.0,988.032,1779115323,No,1,Trump out as President by May 31?,trump-out-as-president-by-may-31,0x756d9f567f40e3c5ddb6b36e228c19eaaaee3e130875f7f63ee208c0a726e230
47ee0fb3df8122fb8518481c1b1f9ea914e88eb3,0x91327ef84dca65ca90eea309c5d455daee4b8256,0x7f8f6342f0a0b8c90ff6113fdb9f9e5fb83a0fe24e3a409a2ab5f3305cee299a,44837352576386718440190165117570245172625565353142309731412742684480956410282,BUY,0.996,992.0,988.032,1779115350,No,1,"Will Bitcoin reach $105,000 in May?",what-price-will-bitcoin-hit-in-may-2026,0x162cacb3c9c7c0bc1639fbd2087721c2224f7a6df90d5fec55f705620fff3711
7f6276be2a37b3b0a2d1184f915ad6ad5e118b80,0xd34f2b5e9ee02bed8a107fdf9bda2d866dc61c95,0x50cd0786a6d4872d673a3f00b27310b74a624b51db8a536bd8f10e043760aa53,70690307839754681281953471946336151368535012268640798103561975047263117000339,BUY,0.998,1000.0,998.0,1779116928,Yes,0,"Will the price of Bitcoin be above $74,000 on May 18?",bitcoin-above-on-may-18,0x793d776d27cd1a847999683b13844e84886cf990c2b4e4019b0ea73ff5e8b8ec
3274c1683abf6815f2f8ffe33236581df441e137,0xd34f2b5e9ee02bed8a107fdf9bda2d866dc61c95,0x50cd0786a6d4872d673a3f00b27310b74a624b51db8a536bd8f10e043760aa53,70690307839754681281953471946336151368535012268640798103561975047263117000339,BUY,0.998,80.0,79.84,1779117070,Yes,0,"Will the price of Bitcoin be above $74,000 on May 18?",bitcoin-above-on-may-18,0x465c1ec279ea7add315486c54ce2fd22cb9924a680a93da5772941e8f89112aa
a5c004e915ef60d5490734c850addeb30928d322,0xd34f2b5e9ee02bed8a107fdf9bda2d866dc61c95,0xff73bd640f37584c72742c04932925c87303d4c305f4e89441bad690d5b56471,70286840982330003973539709900966934026246943450033322940832613618426525511196,BUY,0.992,131.9,130.8448,1779133390,No,1,"Will Bitcoin dip to $73,000 on May 18?",what-price-will-bitcoin-hit-on-may-18,0x264073ab773e02d314083c038bfe5694f4fd442c2f5685013576f0ceacf55574
c1348743f6c4db9eedbb43b5e571ae5432b37e56,0xd34f2b5e9ee02bed8a107fdf9bda2d866dc61c95,0xff73bd640f37584c72742c04932925c87303d4c305f4e89441bad690d5b56471,70286840982330003973539709900966934026246943450033322940832613618426525511196,BUY,0.995,4000.0,3980.0,1779133586,No,1,"Will Bitcoin dip to $73,000 on May 18?",what-price-will-bitcoin-hit-on-may-18,0x11fd4322a86701f7fe6fbc2300be68c7defdc6aacf61c739b3fefce9f3a0ca36
5cd7d0723a9adc75f7b0cadd824fef4af31bcdde,0xd34f2b5e9ee02bed8a107fdf9bda2d866dc61c95,0xff73bd640f37584c72742c04932925c87303d4c305f4e89441bad690d5b56471,70286840982330003973539709900966934026246943450033322940832613618426525511196,BUY,0.995,2197.0,2186.015,1779136084,No,1,"Will Bitcoin dip to $73,000 on May 18?",what-price-will-bitcoin-hit-on-may-18,0xfdeec27619dcd3e66eaf6986d654a73442d1b25a7152554e7e720ba23425ea64
ae0d8317f2e4de16c0ddc64f33f13b4ba3003c6e,0xcfeaa2e026b2d5e92d76c5925be6f41834c3cba7,0xb4ec42aaadeca8ac785c444bd70367323bf4aa2139965554a66ffb04745dd1c9,57329290334512855685605795783356881177476340774155772805541710174940731918978,BUY,0.95,485.0,460.75,1779171941,No,1,Saudi Arabia bans US military aircraft by May 31?,saudi-arabia-bans-us-military-aircraft-by,0x7ceedbdf9ea2b6314571a3139b10b952d46b38049547b9afe276c68fb872adfa
f2e299380cb28b5d91e74095d710bdedb9b03679,0xcfeaa2e026b2d5e92d76c5925be6f41834c3cba7,0xa779dbb4f42f915cb13140fe3cf122c0f6239e2ccfc936918846d578a01ce277,54764094835673133868853602768066832219227835969153491776434337036344136217452,BUY,0.948,525.0,497.7,1779176955,Dalian Yingbo FC,1,Spread: Shenzhen Xinpengcheng FC (-2.5),chi-xin-ygb-2026-05-19-more-markets,0x5fb2e36730bc1c314c6e9dad34fc318337976cef3e70fde8090a28aa6265259f
df4a0993dee728930d3532f0b5f268e0aa9386b8,0xd34f2b5e9ee02bed8a107fdf9bda2d866dc61c95,0x3d15dffd819865c9d9cbe440ecf93e97b5e40762ca50f26361e1740839665942,65161279997195471350645580302102583918652812874601411050699150601071400645900,BUY,0.99676037,1000.0,996.76037,1779201012,No,1,"Will the price of Bitcoin be above $78,000 on May 19?",bitcoin-above-on-may-19,0x03bf9fbcc8fa1dec8ed87c1bc55f5946bef010cf56a3dfa20239a2ff2646c3ef
48f52a8bc5fe6d5d420e01cc5271b3a7971e6d8b,0xd34f2b5e9ee02bed8a107fdf9bda2d866dc61c95,0x3d15dffd819865c9d9cbe440ecf93e97b5e40762ca50f26361e1740839665942,65161279997195471350645580302102583918652812874601411050699150601071400645900,BUY,0.997,1100.0,1096.7,1779201077,No,1,"Will the price of Bitcoin be above $78,000 on May 19?",bitcoin-above-on-may-19,0x2db8a7b4dc4889fa43ec8446e7b7a94e723d3af9387596d6be829132eb010017
e1d455d9f6fd98b4766d684defd04382fe1c6c2e,0xd34f2b5e9ee02bed8a107fdf9bda2d866dc61c95,0x3d15dffd819865c9d9cbe440ecf93e97b5e40762ca50f26361e1740839665942,65161279997195471350645580302102583918652812874601411050699150601071400645900,BUY,0.998,2751.77,2746.26646,1779201873,No,1,"Will the price of Bitcoin be above $78,000 on May 19?",bitcoin-above-on-may-19,0x88439c63037a417ec752a4f4796108bf690753b41b3ad510390aef65628085ec
b7b84c6b7bce3da513a54b39ff31cb37390c22fa,0xd34f2b5e9ee02bed8a107fdf9bda2d866dc61c95,0x3d15dffd819865c9d9cbe440ecf93e97b5e40762ca50f26361e1740839665942,65161279997195471350645580302102583918652812874601411050699150601071400645900,BUY,0.998,39.0,38.922,1779202157,No,1,"Will the price of Bitcoin be above $78,000 on May 19?",bitcoin-above-on-may-19,0xad97b636b9b4ae664066c7296638062e693b777f7af991fd8936abcafacb8d5b
865cdc2c2b7414c8d533b5e3e994bc5672dbccef,0x2a17c545d823842cdc8baedb5d61ac4e32aeef0f,0xa0a4bd25cdbdb09d7d90d7fa1dab25d7cefcb0048cd9a78afbbf868b66c85815,22818362454895054123528076224469456406465194650357146448730729695472131427261,SELL,0.061,460.0,28.06,1779259565,Yes,0,Milei out as President of Argentina before 2027?,milei-out-as-president-of-argentina-before-2027,0xe23e2a23858a87bfa2688dea00d08a4a239725808a29432a7fcf32a66805bc82
a080dfa6f7028f28d377def8043a4a5e169b6420,0x2a17c545d823842cdc8baedb5d61ac4e32aeef0f,0xa0a4bd25cdbdb09d7d90d7fa1dab25d7cefcb0048cd9a78afbbf868b66c85815,22818362454895054123528076224469456406465194650357146448730729695472131427261,SELL,0.061,469.99,28.66939,1779259586,Yes,0,Milei out as President of Argentina before 2027?,milei-out-as-president-of-argentina-before-2027,0x8507667d8c276cb05e953844d0873bc351c822c4c360e83627082fe1fac8e388
ee33022eb8ad94dc62c4317d70ee28fd82b786a6,0xd34f2b5e9ee02bed8a107fdf9bda2d866dc61c95,0xdc6cdfdc9f4e89d2aeab802a5c64b72b07b93e08330bcd8accffa0985ce98858,29447268737231233588447430353852884635474911833651294495262190734389543303251,BUY,0.998,75.04,74.88992,1779300493,No,1,WTI Crude Oil (WTI) closes above $107 on May 20?,wti-closes-above-on-may-20-2026,0x5e21bf0bae605ed80063977797a25df8a2be44189ddcf61db3f37b900c71627f
26da17d528b020a311180bb5774a3ca5c61232cb,0xd34f2b5e9ee02bed8a107fdf9bda2d866dc61c95,0x7812c51dc94cbcee612e209d431d31e9db0c2a04e2f260af7dd30abbd1c8cfac,35954332829062665018932424715616361996809888214877262863210158105843691544486,BUY,0.998,966.1,964.1678,1779300510,No,1,WTI Crude Oil (WTI) closes above $108 on May 20?,wti-closes-above-on-may-20-2026,0x80d99963ef5b41247ccc05313be4372e592a33f011af71d47a05fbacd4cfb0c2
ae6fe1d6f84b008c34667b00a0daca6751a8fe49,0xd34f2b5e9ee02bed8a107fdf9bda2d866dc61c95,0xf67a0f2ea7e24e773bc59d6cf20e3ef71c548ac6531f3fd07bab0120685c79d7,41757094981692061105741660688039145704494637291263526899908420028478421384502,BUY,0.999,150.0,149.85,1779303557,Yes,0,Will Tesla (TSLA) close above $400 on May 20?,tsla-close-above-on-may-20-2026,0xcd1daab4b80e4494a453c09bea9926ecd7e1c42ce4a317f71a647ab35fd6f326
26838f95d17ea130b15b6f84eb49f70a82a16894,0xd34f2b5e9ee02bed8a107fdf9bda2d866dc61c95,0x93f7381cda4d739888f43a5e437a625d699e88c6550511049dc96672e95f09ce,38377097085790415753010768397034042759633838385727500065111300897437366652178,BUY,0.989,33.14,32.77546,1779303627,Yes,0,Will Microsoft (MSFT) close above $410 on May 20?,msft-close-above-on-may-20-2026,0x51c44a489334401fed67efc8b44face24b949d2da757c68a3fc6dca0dabb4a84
fb80d0d9e057cb2e20b021c096ae2081703d40c1,0xd34f2b5e9ee02bed8a107fdf9bda2d866dc61c95,0x93f7381cda4d739888f43a5e437a625d699e88c6550511049dc96672e95f09ce,38377097085790415753010768397034042759633838385727500065111300897437366652178,BUY,0.99,3.98,3.9402,1779303634,Yes,0,Will Microsoft (MSFT) close above $410 on May 20?,msft-close-above-on-may-20-2026,0xb07c63f16ec99ab15a53878d651afbcd77523ce80e05fa0ca58875e7626471b9
34afb064f477f511d31522808ad264b01116fb5e,0xd34f2b5e9ee02bed8a107fdf9bda2d866dc61c95,0xf34e007ef8fa2e6281567244216d6c52ac4fe199d370d188be0e742c5af787f0,72249761678522038776003289648673430549966118884832579905728745132414386066291,BUY,0.999,1162.86,1161.69714,1779303665,Yes,0,Will Apple (AAPL) close above $295 on May 20?,aapl-close-above-on-may-20-2026,0xc4f35517f9b0ba62ecdf193416b9977a46f7a7247802b9f99669093b6dcfd809
b7314ea360ee054d8a1d75fc4af17a8b07277d3e,0xd34f2b5e9ee02bed8a107fdf9bda2d866dc61c95,0x0289b98fd10f7ff7fb03009a5943128fe0a8ba4c67d35c88c07916ac3038188b,19200098086423535943178494538311462323390974524984463847400729913614251763974,BUY,0.999,470.66,470.18934,1779333064,No,1,"Will Bitcoin reach $79,000 on May 20?",what-price-will-bitcoin-hit-on-may-20,0x93314566098a07f8f36fcc7631afa3a7a8be85dd77b96c5eb9aedb7b0b4edeec
c1a82c0b71104bcfb22fa7a2eb1ef2ef7d86e066,0xd34f2b5e9ee02bed8a107fdf9bda2d866dc61c95,0x5c68647fcd7341aab3c171fdc5c127badfc9e50fcffa214141389310fd540650,84080918311927265754143302635983289198313855718253318800886759553418270299920,BUY,0.999,6363.0,6356.637,1779376418,Yes,0,"Will the price of Bitcoin be above $74,000 on May 21?",bitcoin-above-on-may-21,0xe632991b6a2dbd142f2b7e096dbf7eacb22a7c6ff6c2160f7b3376cdf4bb9c0b
4da54df047390c198ae85771c6c277ec4d034149,0xd34f2b5e9ee02bed8a107fdf9bda2d866dc61c95,0x393fb0be5ca5832188657b34ad914c8f24a3ea6dfca233d1b996aba14399b48f,74257523463063023273742573330145283889427051176085883328253105581515193564468,BUY,0.979,884.16,865.59264,1779394258,Yes,0,Will the Iran ceasefire continue through May 21?,iran-ceasefire-continues-through,0x984595c9f1e65ac3c3ed5cb9b6b3736fada600de46ebeb642e9c6e6e0b0b7092
99fc08ee4da3547ed125301fabdcb837b4377e69,0xd34f2b5e9ee02bed8a107fdf9bda2d866dc61c95,0x393fb0be5ca5832188657b34ad914c8f24a3ea6dfca233d1b996aba14399b48f,74257523463063023273742573330145283889427051176085883328253105581515193564468,BUY,0.981,67.48,66.19788,1779394272,Yes,0,Will the Iran ceasefire continue through May 21?,iran-ceasefire-continues-through,0x9414a7bae39ec9d1662368e1e8d19ad04f7ff54480fb6fe10ab43bae8af30549
c9b7c80e661a0f875422ec170c331d0ff369e4c4,0xd34f2b5e9ee02bed8a107fdf9bda2d866dc61c95,0x393fb0be5ca5832188657b34ad914c8f24a3ea6dfca233d1b996aba14399b48f,74257523463063023273742573330145283889427051176085883328253105581515193564468,BUY,0.984,20.0,19.68,1779394284,Yes,0,Will the Iran ceasefire continue through May 21?,iran-ceasefire-continues-through,0x8b4db0804e2098f28d146b76a4ab144b17fa869228c6648d58e7a57732167961
088643ceefaeba8e2208adb4ac9200589c1071ce,0xd34f2b5e9ee02bed8a107fdf9bda2d866dc61c95,0x393fb0be5ca5832188657b34ad914c8f24a3ea6dfca233d1b996aba14399b48f,74257523463063023273742573330145283889427051176085883328253105581515193564468,BUY,0.99,236.4,234.036,1779404950,Yes,0,Will the Iran ceasefire continue through May 21?,iran-ceasefire-continues-through,0x0693b09251a09ab96acf9f669a9cde1a70d1ace8e1b9433698a2783f5325b33a
216dab662884163f00945e0b5c096590d0bdd306,0xd34f2b5e9ee02bed8a107fdf9bda2d866dc61c95,0x393fb0be5ca5832188657b34ad914c8f24a3ea6dfca233d1b996aba14399b48f,74257523463063023273742573330145283889427051176085883328253105581515193564468,BUY,0.995,2033.54,2023.3723,1779405977,Yes,0,Will the Iran ceasefire continue through May 21?,iran-ceasefire-continues-through,0xab8a8575027644872c9e5d9fa93fb200dd63949b0f65e2777f9c8bae2c4f79b3
02006d611635e5134a460dece08649a00cdd00be,0xd34f2b5e9ee02bed8a107fdf9bda2d866dc61c95,0x393fb0be5ca5832188657b34ad914c8f24a3ea6dfca233d1b996aba14399b48f,74257523463063023273742573330145283889427051176085883328253105581515193564468,BUY,0.998,1880.0,1876.24,1779416780,Yes,0,Will the Iran ceasefire continue through May 21?,iran-ceasefire-continues-through,0x08fc6d73a99cd9c2c0d932c0d4e90c0e427803a29f18c0a538e47781d83b5aed
eb1ad242650f04ae4ff44d6557a35d63c10602b5,0xd34f2b5e9ee02bed8a107fdf9bda2d866dc61c95,0xdbf9cda6be56ff0a13c7dd9ed10a664103e98546574c4e867f038250bc198484,29105684722181154830799743117321596488670030459118899572910362301709788545871,BUY,0.997,4000.0,3988.0,1779518089,No,1,"Will the price of Bitcoin be above $78,000 on May 23?",bitcoin-above-on-may-23-2026,0x14bfb3da50c8010f6747a5706393219215308afd0768507f031e4c7b7d7cd2b5
efbe51caa6695fb9d2df6ab3684ba6da41a0b79d,0x91327ef84dca65ca90eea309c5d455daee4b8256,0xdde06286a7b9464d344f410ab0b3d2ebc6469904e72c27fd982f65fdbf78768d,28290293140018107764072370767749010110409017615323596573647425138985988593200,BUY,0.99,1000.06,990.0594,1779628957,No,1,Will the Fed decrease interest rates by 25 bps after the June 2026 meeting?,fed-decision-in-june-825,0xb13ec5c4c58ea37bea115682bd8c026cac491d2f1fce78d87c7da87dc673617b
9af7f66209b865ae4ed3756b96e295d1253585e4,0xd34f2b5e9ee02bed8a107fdf9bda2d866dc61c95,0x0e4a0c937b8934c2475613b6322b3f8edc8dedc24762e01e42b0e6f87424a089,42918220085288219341491829385501246298233444593663440094436147850542032590016,BUY,0.66,59.0,38.940000000000005,1779634778,No,1,"US x Iran permanent peace deal by May 31, 2026?",us-x-iran-permanent-peace-deal-by,0xae6986769add59b1b821570a99be883e41c86af43c3eb3f375da1346caf39160
3d94b0c7dbc47968552a0d99e1bb66f359782946,0xd34f2b5e9ee02bed8a107fdf9bda2d866dc61c95,0x8ff4542105ccc534baaa7cbece2a2a7ecdf192305612e10af11bcabe46fbfebb,63261461396350003316101717244695763713314785482429733178560332180553006127691,BUY,0.999,1816.0,1814.184,1779634972,No,1,"Will the price of Bitcoin be above $78,000 on May 24?",bitcoin-above-on-may-24-2026,0xf83ba27811c0c137131a1658655aadeaa43719647e646494ce6a3c0006b8c56a
fc9edc653d9700007a26e8f0fe82c84ddd56387f,0xd34f2b5e9ee02bed8a107fdf9bda2d866dc61c95,0x0b8f7e82ef6014df499a1e29d424aae7e0d49acb9ca06ab5489a8fb823c24a68,59822406583505628462561447122126133953485190783374161622153432004778552005837,BUY,0.96,3.59,3.4463999999999997,1779672816,No,1,"Will Bitcoin reach $78,000 on May 24?",what-price-will-bitcoin-hit-on-may-24,0x8b9954196c753cf756db4ed5aee20cf988bef4c11b8691a013b8fe14fb92eeb2
cd220c7fce4ab85ce06fe0e447bba86912ae1ab5,0xd34f2b5e9ee02bed8a107fdf9bda2d866dc61c95,0xf7ad79d04f2dc95740b512d657957bf16b521342ae41be894fa44c56b8b1d1ab,111349546931737518412997423334107156231396101428399031905603789303404126253933,BUY,0.95,1988.0,1888.6,1779691954,No,1,US announces new Iran agreement/ceasefire extension by May 25?,us-announces-new-iran-agreementceasefire-extension-by,0x7a369a94d180120e83d38c2d396b272af9e51b199b192294f17c9f6a872d0c4c
22e8cb826575cf3e683500e8f0c48612bf8e805f,0xd34f2b5e9ee02bed8a107fdf9bda2d866dc61c95,0xf7ad79d04f2dc95740b512d657957bf16b521342ae41be894fa44c56b8b1d1ab,111349546931737518412997423334107156231396101428399031905603789303404126253933,SELL,0.94,1988.0,1868.7199999999998,1779695100,No,1,US announces new Iran agreement/ceasefire extension by May 25?,us-announces-new-iran-agreementceasefire-extension-by,0x17de9b12124b6222e2f79f92e85f3c7bff3793b88e86eb544e61b92e25a23820
456a7c6f857d22837d8c6f70d9a85ea354431e4d,0xd34f2b5e9ee02bed8a107fdf9bda2d866dc61c95,0xd7540d64e03b1894ececcbb54c02b88d9c5c0e854ba66ec4e1ece20477994ac5,66902292002298886203346771040056530419935679784084512135573484656394546021214,BUY,0.998,1870.0,1866.26,1779695585,Yes,0,Will the Iran ceasefire continue through May 24?,iran-ceasefire-continues-through,0x3c5cc096fffd13cdbbe7e697e026dbe7f6e8428c63fb5fe82fd187814458d631
63ee79812b6b78676a398eaf4a5e8a800075cf5c,0xd34f2b5e9ee02bed8a107fdf9bda2d866dc61c95,0x0e4a0c937b8934c2475613b6322b3f8edc8dedc24762e01e42b0e6f87424a089,42918220085288219341491829385501246298233444593663440094436147850542032590016,SELL,0.74,7000.0,5180.0,1779774760,No,1,"US x Iran permanent peace deal by May 31, 2026?",us-x-iran-permanent-peace-deal-by,0x6b5f20cc26329ee8f685fc8bbad5b21e3942c8d39de3b08be771c7f11e6e24ad
7e8786d390f0bffb58d8434cadfc75892c10e76c,0xd34f2b5e9ee02bed8a107fdf9bda2d866dc61c95,0xd7540d64e03b1894ececcbb54c02b88d9c5c0e854ba66ec4e1ece20477994ac5,66902292002298886203346771040056530419935679784084512135573484656394546021214,SELL,0.9714196203,1870.0,1816.554689961,1779774918,Yes,0,Will the Iran ceasefire continue through May 24?,iran-ceasefire-continues-through,0xf8f54f549f5d614d853f67fb63daabd324a5d57e5eaff71aab2525d7a3486731
30293966e0ed3e6dfd403659665ea1523243bf1a,0xd34f2b5e9ee02bed8a107fdf9bda2d866dc61c95,0x421bc1929df1429cf2cb94f80c1ce6a3ed0d1f0b7a2749b9890075f94eb549e9,52965156717339871692714186660785951310421831919562520539239006775699853846973,BUY,0.95,5000.0,4750.0,1779776430,No,1,"US x Iran permanent peace deal by May 26, 2026?",us-x-iran-permanent-peace-deal-by,0xa4450f6653da17e4d3bf51f36920bd02820f04fa8bec99f608053fe54c3f296b
86ac2945cb8144b381f48dfaf8774f4c0f792dd4,0xd34f2b5e9ee02bed8a107fdf9bda2d866dc61c95,0x421bc1929df1429cf2cb94f80c1ce6a3ed0d1f0b7a2749b9890075f94eb549e9,52965156717339871692714186660785951310421831919562520539239006775699853846973,BUY,0.979,2138.0,2093.102,1779826478,No,1,"US x Iran permanent peace deal by May 26, 2026?",us-x-iran-permanent-peace-deal-by,0xd1983200d6cf4755e3a280487bccfd67a6121152db08329008f33cff33dd1c6c
abb4b6d248cf1c2dcaf03a800103c6b2ddf63bc1,0xd34f2b5e9ee02bed8a107fdf9bda2d866dc61c95,0xbfca16aab43bd662a6dc667c5c3605f6802c23de429ceb7a87db4add503f286a,75413993794022245804929977909199341717149217580470261878992973897475102987328,BUY,0.993,942.81,936.2103299999999,1779921836,No,1,US announces new Iran agreement/ceasefire extension by May 27?,us-announces-new-iran-agreementceasefire-extension-by,0x745e7b453edf526fefeb10371f18d5583ceb06f3bf80c8f8799c7c5c1f7e3a1d
bc5ff57636cddab36f27d2ed20010a6881f0dff4,0xd34f2b5e9ee02bed8a107fdf9bda2d866dc61c95,0xbfca16aab43bd662a6dc667c5c3605f6802c23de429ceb7a87db4add503f286a,75413993794022245804929977909199341717149217580470261878992973897475102987328,BUY,0.995,268.99,267.64505,1779922895,No,1,US announces new Iran agreement/ceasefire extension by May 27?,us-announces-new-iran-agreementceasefire-extension-by,0xe8822a7876ff26fffcc83051d7a30d413599058da9a05b5028515b77902bb910
1bc93a26133444078c3c0425cde1b0e62b4f82d4,0xd34f2b5e9ee02bed8a107fdf9bda2d866dc61c95,0x0e4a0c937b8934c2475613b6322b3f8edc8dedc24762e01e42b0e6f87424a089,42918220085288219341491829385501246298233444593663440094436147850542032590016,BUY,0.87,172.78,150.3186,1779923399,No,1,"US x Iran permanent peace deal by May 31, 2026?",us-x-iran-permanent-peace-deal-by,0x69c20538aeecab79eda750aa3ec84f4c7cf20860518e103a73eeb2741192e91b
e91634d6197be023de6d5100382e66378dc9d95d,0xd34f2b5e9ee02bed8a107fdf9bda2d866dc61c95,0x0e4a0c937b8934c2475613b6322b3f8edc8dedc24762e01e42b0e6f87424a089,42918220085288219341491829385501246298233444593663440094436147850542032590016,BUY,0.87,25.79,22.4373,1779923404,No,1,"US x Iran permanent peace deal by May 31, 2026?",us-x-iran-permanent-peace-deal-by,0x0533987f519b732e0c89ec45a90c9865f2616f6be14da850baca7222eb49df45
e6922a0a737c087033a426b8fbdd2268d844b2d0,0xd34f2b5e9ee02bed8a107fdf9bda2d866dc61c95,0x0f99688b5f0602ada25039f2b00d0a0478b7a2838a40ffd8ce271796165cd02d,33610531978369200919494960736967385980403675031204486566449549222645753634685,BUY,0.99,445.0,440.55,1779939103,No,1,"Will Bitcoin dip to $73,000 on May 27?",what-price-will-bitcoin-hit-on-may-27,0xabe18ad44434cba4a41f98078c79ea42e98f6b74c606c2bcbabb7421d02989a6
95a64e74d23b4e1f45b6dfbca3393653f7afe4fe,0xd34f2b5e9ee02bed8a107fdf9bda2d866dc61c95,0x0f99688b5f0602ada25039f2b00d0a0478b7a2838a40ffd8ce271796165cd02d,33610531978369200919494960736967385980403675031204486566449549222645753634685,BUY,0.99,528.08,522.7992,1779940024,No,1,"Will Bitcoin dip to $73,000 on May 27?",what-price-will-bitcoin-hit-on-may-27,0x098569e9979d6e979ff4f5fc8cdae18ee5f5909cec158507b1e24ae75f92ed36
b852fc04fc59568c9222dfb180dec2fcdaccfa9f,0xd34f2b5e9ee02bed8a107fdf9bda2d866dc61c95,0x0f99688b5f0602ada25039f2b00d0a0478b7a2838a40ffd8ce271796165cd02d,33610531978369200919494960736967385980403675031204486566449549222645753634685,SELL,0.8433577321,2339.74,1973.2378201036538,1779940643,No,1,"Will Bitcoin dip to $73,000 on May 27?",what-price-will-bitcoin-hit-on-may-27,0x85d9342c0593bbcd4cd4059a20a27892a46a4ca0455eeb8b16f72fae52638670
18a962c3cae363caed364d77e5be5fc131536dfe,0xd34f2b5e9ee02bed8a107fdf9bda2d866dc61c95,0xc792f8824ef9bb549a4f5d89eec898caefdd3df5a507783f80202d289e9130ea,112890624372199570903379805854221558875522244182741051024012191207402902645477,BUY,0.98,1059.57,1038.3786,1779946042,No,1,"Israel x Hezbollah permanent peace deal by May 31, 2026?",israel-x-hezbollah-permanent-peace-deal-by,0xac5f66d08593c63a6f5a67164722814ff78cb4a03dada535fbc647e150920849
44ccc6bb9860a56c953e8ff7ab4c54beac86e866,0x6274f5f961800af6ddef3d6a362ba12422166907,0xf919c03cf4a3a0f69eb7fa92bf52b0f11ad531960e712c8e7dfcb97b5c029571,32212148029329139432059519052718027199654637080851166134165639504020636787339,BUY,0.95,392.0,372.4,1779949073,No,1,Game 1: Any Player Penta Kill?,lol-dnf-ns-2026-05-28,0x12a1de06313314c0ceffa8b67f8030c0d10ecc0b66f33c21d146b5bfe852c415
8e8dbf4c2713a915c5b4c9147d9e6c6574b402e5,0xd34f2b5e9ee02bed8a107fdf9bda2d866dc61c95,0xf5a6679555d7615fd1976749a0937e57c7239ce01195b0a6c473d36d13db9a1b,34606082037400218316082890258629852710367777441484394646993998002703350336719,BUY,0.969,10.0,9.69,1779978400,Yes,0,"Will the price of Bitcoin be above $72,000 on May 28?",bitcoin-above-on-may-28-2026,0x2640b7e7a6b243dd6853856a83abf1b7e45aeed727f1249057c8902636da8a84
41e129de80c6db4213d67c132e198565fc929b43,0xd34f2b5e9ee02bed8a107fdf9bda2d866dc61c95,0xf5a6679555d7615fd1976749a0937e57c7239ce01195b0a6c473d36d13db9a1b,34606082037400218316082890258629852710367777441484394646993998002703350336719,BUY,0.974,3.32,3.2336799999999997,1779978436,Yes,0,"Will the price of Bitcoin be above $72,000 on May 28?",bitcoin-above-on-may-28-2026,0x1eca9533f6b90c949b191179bbc6869bb49891f16062725e486280ef0c3c1084
595c2fb840a1788f0a06bb31b0df27deba77e79e,0xd34f2b5e9ee02bed8a107fdf9bda2d866dc61c95,0xb2e7dd21dd889b9b56447857f03ea6188ebcef50599c3c1556c2f9141772d7bb,6711435152848361698594625643485496465834410509383584661713833061358553832581,BUY,0.89,2538.75,2259.4875,1779979073,No,1,US announces new Iran agreement/ceasefire extension by May 28?,us-announces-new-iran-agreementceasefire-extension-by,0x37b844094db79ff2b0c360d75092a683e1f13e5bc70ff0e589cd4653524b059d
9c209b028008459693a25164ee9176f1500cebd0,0xd34f2b5e9ee02bed8a107fdf9bda2d866dc61c95,0xc792f8824ef9bb549a4f5d89eec898caefdd3df5a507783f80202d289e9130ea,112890624372199570903379805854221558875522244182741051024012191207402902645477,BUY,0.969,15.0,14.535,1779980241,No,1,"Israel x Hezbollah permanent peace deal by May 31, 2026?",israel-x-hezbollah-permanent-peace-deal-by,0x4cd597d121936f49364e75c1ccb7f1526f7b668bd61969756d5168acebc82923
5e582b24ab05f249f76e1cd45f76a3c469f74d7c,0xd34f2b5e9ee02bed8a107fdf9bda2d866dc61c95,0xc792f8824ef9bb549a4f5d89eec898caefdd3df5a507783f80202d289e9130ea,112890624372199570903379805854221558875522244182741051024012191207402902645477,BUY,0.971,8.0,7.768,1779980277,No,1,"Israel x Hezbollah permanent peace deal by May 31, 2026?",israel-x-hezbollah-permanent-peace-deal-by,0x6a2c90a8e6a794309be5972b54e5be08d4faae0ba1190504a22caa1930801ef0
041201d9cebdb89f5f6d71e5cc67eef981e315f6,0xd34f2b5e9ee02bed8a107fdf9bda2d866dc61c95,0xf5a6679555d7615fd1976749a0937e57c7239ce01195b0a6c473d36d13db9a1b,34606082037400218316082890258629852710367777441484394646993998002703350336719,BUY,0.986,200.0,197.2,1779980578,Yes,0,"Will the price of Bitcoin be above $72,000 on May 28?",bitcoin-above-on-may-28-2026,0x8b689a0a3a6e0bfef8ca652d193e8392c76ff9572fbf0693a84430b6b476fc93
b71a075cfed4a7b3f9d732fb57bff5437d99a671,0xd34f2b5e9ee02bed8a107fdf9bda2d866dc61c95,0xf5a6679555d7615fd1976749a0937e57c7239ce01195b0a6c473d36d13db9a1b,34606082037400218316082890258629852710367777441484394646993998002703350336719,BUY,0.99,500.0,495.0,1779980706,Yes,0,"Will the price of Bitcoin be above $72,000 on May 28?",bitcoin-above-on-may-28-2026,0xd1b6e0780e82b4b9fd77ec1ca5edf317477d9fed97f19d875acd30b240f7c14c
d9fe0faa6daffcf0b6bc55a84db59d7ef5cda122,0xd34f2b5e9ee02bed8a107fdf9bda2d866dc61c95,0xf5a6679555d7615fd1976749a0937e57c7239ce01195b0a6c473d36d13db9a1b,34606082037400218316082890258629852710367777441484394646993998002703350336719,BUY,0.99,500.0,495.0,1779980722,Yes,0,"Will the price of Bitcoin be above $72,000 on May 28?",bitcoin-above-on-may-28-2026,0x1d62540d57b5276057723f3bd79d73d35ee4ecc2cc3c586e8fc71eeee820abaa
bcaaa5de7ba8ee259a9b7e6d029d4711a428a72f,0xd34f2b5e9ee02bed8a107fdf9bda2d866dc61c95,0x0e4a0c937b8934c2475613b6322b3f8edc8dedc24762e01e42b0e6f87424a089,42918220085288219341491829385501246298233444593663440094436147850542032590016,BUY,0.88,100.0,88.0,1779982342,No,1,"US x Iran permanent peace deal by May 31, 2026?",us-x-iran-permanent-peace-deal-by,0xc9879c3232257c8181471922f6c741eff246f13c9df0b9560a9bb602f9a0f074
33e2d508302aa0d01bab018819f17a672ef20b0f,0xd34f2b5e9ee02bed8a107fdf9bda2d866dc61c95,0x0e4a0c937b8934c2475613b6322b3f8edc8dedc24762e01e42b0e6f87424a089,42918220085288219341491829385501246298233444593663440094436147850542032590016,BUY,0.86,3400.0,2924.0,1779985484,No,1,"US x Iran permanent peace deal by May 31, 2026?",us-x-iran-permanent-peace-deal-by,0xe5e7263c1806d0241f6c047e830a69bb168c5b5bd8109ffc278a0a6022ed0791
891487e359df88b834cae47485a03c15625992f0,0xd34f2b5e9ee02bed8a107fdf9bda2d866dc61c95,0xb2e7dd21dd889b9b56447857f03ea6188ebcef50599c3c1556c2f9141772d7bb,6711435152848361698594625643485496465834410509383584661713833061358553832581,SELL,0.922,280.0,258.16,1779990445,No,1,US announces new Iran agreement/ceasefire extension by May 28?,us-announces-new-iran-agreementceasefire-extension-by,0x0d7934ed3727ea38f5c0677ee52b9c2fe0a739aab2b0a841d0dc83474cfeb1b2
276776119cb2ebbb662146a876351aca96a3cd06,0xd34f2b5e9ee02bed8a107fdf9bda2d866dc61c95,0xc792f8824ef9bb549a4f5d89eec898caefdd3df5a507783f80202d289e9130ea,112890624372199570903379805854221558875522244182741051024012191207402902645477,BUY,0.947,13.94,13.201179999999999,1779991089,No,1,"Israel x Hezbollah permanent peace deal by May 31, 2026?",israel-x-hezbollah-permanent-peace-deal-by,0x189e5b1ee75f77ad754d55f87fc7a05068ad300a233c706307464a59ad35c341
c1a189d021fb2cc15fcfda802dceb9a24449a629,0xd34f2b5e9ee02bed8a107fdf9bda2d866dc61c95,0xc792f8824ef9bb549a4f5d89eec898caefdd3df5a507783f80202d289e9130ea,112890624372199570903379805854221558875522244182741051024012191207402902645477,BUY,0.948,14.99,14.210519999999999,1779991098,No,1,"Israel x Hezbollah permanent peace deal by May 31, 2026?",israel-x-hezbollah-permanent-peace-deal-by,0x465422bf6453ee0228f068a45bd0b9806fe2330abb494da8db19759038bd9fac
f4d7d94c2ba45031b85700e64f2b96eb3f659829,0xd34f2b5e9ee02bed8a107fdf9bda2d866dc61c95,0xc792f8824ef9bb549a4f5d89eec898caefdd3df5a507783f80202d289e9130ea,112890624372199570903379805854221558875522244182741051024012191207402902645477,BUY,0.949,159.85,151.69764999999998,1779991105,No,1,"Israel x Hezbollah permanent peace deal by May 31, 2026?",israel-x-hezbollah-permanent-peace-deal-by,0xae11d66256e00abb371c37012e2a9fb0528454dedb8630b63e02ab9ef64d3ef0
9c97c79f4b8831d85614f031d9ddc94993dc02c8,0xd34f2b5e9ee02bed8a107fdf9bda2d866dc61c95,0xd39905267d79b715f078279ef41f311b791c6e2c7361fea38011492b632212ef,63756054444750273032342900213736494135377239401337354989820981541092393466748,BUY,0.942,42.0,39.564,1779992167,No,1,"Iran agrees to surrender enriched uranium stockpile by May 31, 2026?",iran-agrees-to-surrender-enriched-uranium-stockpile-by,0xfeb3a04f43e4c27cc496a5f5118eb723bd3c59f56f3cbdd7ec4cae939273c31c
7777dec054ba852f5f727a0c7743514093f4a292,0xd34f2b5e9ee02bed8a107fdf9bda2d866dc61c95,0xd39905267d79b715f078279ef41f311b791c6e2c7361fea38011492b632212ef,63756054444750273032342900213736494135377239401337354989820981541092393466748,BUY,0.943,25.0,23.575,1779992174,No,1,"Iran agrees to surrender enriched uranium stockpile by May 31, 2026?",iran-agrees-to-surrender-enriched-uranium-stockpile-by,0x66d99e5456c5bd1f78979d22fbadb9c37c8b40af5186b6118ac0295a29107669
df9c5d62e4c6b1cee1e129c3b49e6a8fe5773d9e,0xd34f2b5e9ee02bed8a107fdf9bda2d866dc61c95,0x4d1ee0c046938319f654f99c6aca2380c1f6d88a65887dd360fda3d0509eddb4,1337374872777199077123947171333224634756716656760029948621511882931384997964,BUY,0.939,36.0,33.803999999999995,1779992286,No,1,"Israel x Iran permanent peace deal by May 31, 2026?",israel-x-iran-permanent-peace-deal-by,0x1b2a1f6e7c17f9b4b95b9f25ba518314d260545490eb7290dd62b96f9f7282de
c32a523707eaf6a1dedf351c4c6efecb919c1465,0xd34f2b5e9ee02bed8a107fdf9bda2d866dc61c95,0xd39905267d79b715f078279ef41f311b791c6e2c7361fea38011492b632212ef,63756054444750273032342900213736494135377239401337354989820981541092393466748,BUY,0.943,10.0,9.43,1779992793,No,1,"Iran agrees to surrender enriched uranium stockpile by May 31, 2026?",iran-agrees-to-surrender-enriched-uranium-stockpile-by,0x78bc993d59959a97ae247da69c7ad4266eb44b60fda8f8613c9882b3cfad7b34
7885b24d9c973fc8ed3f3720e05801a526287efd,0xd34f2b5e9ee02bed8a107fdf9bda2d866dc61c95,0xd39905267d79b715f078279ef41f311b791c6e2c7361fea38011492b632212ef,63756054444750273032342900213736494135377239401337354989820981541092393466748,BUY,0.937,249.99,234.24063,1779993369,No,1,"Iran agrees to surrender enriched uranium stockpile by May 31, 2026?",iran-agrees-to-surrender-enriched-uranium-stockpile-by,0x9561e015c2645ae2b4811d740029731e152da0769dbdebaa54325287e3213718
b7a2e060e7e39fbf9ea97f0638d63a05ba4f68d5,0x6274f5f961800af6ddef3d6a362ba12422166907,0x0734eb61d07f694bde1da2619cfb75d2a052b8f173180fb050894c30d73de98c,41322607865742074300265155339497262263149745189020953796823127345289944760602,BUY,0.92,425.0,391.0,1780020246,No,1,US military draft authorized in 2026?,us-military-draft-authorized-in-2026,0xda139f4fd8b53e11a57d82825f58b0443c83c0a7f7d73bc95ac60d6b5b2d89f1
ebd0881b8d500f97b421336d1e5cdcf5d6fd4d3f,0x33b45b246a2b8d69f96f3ca615b940c48d5b0f91,0x91467d5c49b5e06a68d101c3ea2e227ffd76215060d93381aca203ee26cf2d06,13657611258353191201973828521127914557302182692217908076103195439294504815662,BUY,0.91,406.13,369.5783,1780025844,No,1,Will the US reopen its embassy in Iran in 2026?,will-the-us-reopen-its-embassy-in-iran-in-2026,0x9fcc08b8be6fff65a9832d06fa2942a24409cfa6fbbe453ed8ff80b8296fe0e9
bae07f3b58c7ecbb945f529618731abe32a2ce6f,0x6274f5f961800af6ddef3d6a362ba12422166907,0xa65f4751f4758533665f713dc7c95c7f4988e7659206fa9136a6ff562d73afdf,101652421950624186422907068708895356708802001644005142602189362460059542390411,BUY,0.94,412.0,387.28,1780031985,FCSB,1,Spread: Dinamo 1948 (-2.5),rou1-din-fcs-2026-05-29-more-markets,0xec6a3867ede48b9afca55b1441da1abded2223c062d3fc9ac8380ecb6e24ef25
b88a5ce7f45aea0ccfef2de7a2e7c82a12442405,0x33b45b246a2b8d69f96f3ca615b940c48d5b0f91,0xd5e8ae9861fa48a629414678d5f10d25e0dd9c62c7e5c1ad45a9dbade20645b0,82850701865808494437479708166461618502134874726143400628304223708062277533947,BUY,0.91,469.65,427.3815,1780034419,No,1,Game 1: Both Teams Slay Baron Nashor?,lol-gen-bro2-2026-05-29,0xde6e677cbfa9f5cb515cd11bfd7e9da44ad6aafd8f192173a66977db8f1ba6d9
2c37f26033a0f4f46d1da23e40e7869860ca5e4b,0xd34f2b5e9ee02bed8a107fdf9bda2d866dc61c95,0xacdfcd102b625528d2666b09aa7391ce405a36a7931b79106899ec1e6bf70800,37199082912795874316818779832351262528146517987696011795617318334549460607306,BUY,0.99,3300.0,3267.0,1780065224,No,1,"Will the price of Bitcoin be above $74,000 on May 29?",bitcoin-above-on-may-29-2026,0x8ece9b6a2cee428bb2b955d34476e32c6e9963b25a9058da22788fdb87127e16
bf109175a9663135aabb76ba29e9ab49775de7b2,0xd34f2b5e9ee02bed8a107fdf9bda2d866dc61c95,0xacdfcd102b625528d2666b09aa7391ce405a36a7931b79106899ec1e6bf70800,37199082912795874316818779832351262528146517987696011795617318334549460607306,SELL,0.8761694757,854.99,749.1161400287431,1780069678,No,1,"Will the price of Bitcoin be above $74,000 on May 29?",bitcoin-above-on-may-29-2026,0xc6c0fffae4242e816e14224e3171ee269006ca20c9e66c2581d85630c0608a42
255698ebeda8a18bc4259e3f8630e406f11a01ad,0xd34f2b5e9ee02bed8a107fdf9bda2d866dc61c95,0xacdfcd102b625528d2666b09aa7391ce405a36a7931b79106899ec1e6bf70800,37199082912795874316818779832351262528146517987696011795617318334549460607306,SELL,0.857,2445.01,2095.37357,1780069709,No,1,"Will the price of Bitcoin be above $74,000 on May 29?",bitcoin-above-on-may-29-2026,0x34a974710c3d12bbad30d1b772199444ac72a111cb88bfc6e92e549006a75c41
57f76f6f9ea413e8ab733593c50e3b23d0b28271,0xd34f2b5e9ee02bed8a107fdf9bda2d866dc61c95,0xacdfcd102b625528d2666b09aa7391ce405a36a7931b79106899ec1e6bf70800,37199082912795874316818779832351262528146517987696011795617318334549460607306,BUY,0.995,239.94,238.7403,1780070355,No,1,"Will the price of Bitcoin be above $74,000 on May 29?",bitcoin-above-on-may-29-2026,0x3d2f375aeca660d16a58f75d37cece0d2c98ee0cdbd25919f22b1a422ced6613
b05fc625e3c2f019ca9b3e1dbde7b74b795d1872,0xd34f2b5e9ee02bed8a107fdf9bda2d866dc61c95,0xc792f8824ef9bb549a4f5d89eec898caefdd3df5a507783f80202d289e9130ea,112890624372199570903379805854221558875522244182741051024012191207402902645477,BUY,0.929,58.82,54.64378,1780080293,No,1,"Israel x Hezbollah permanent peace deal by May 31, 2026?",israel-x-hezbollah-permanent-peace-deal-by,0x20a945305a11903893067887bab581fa4b84943898389c6f6cc1e11df2ba4d62
ca7ad14a8d7140ec6f800279838725c4d6965900,0xd34f2b5e9ee02bed8a107fdf9bda2d866dc61c95,0xc792f8824ef9bb549a4f5d89eec898caefdd3df5a507783f80202d289e9130ea,112890624372199570903379805854221558875522244182741051024012191207402902645477,BUY,0.956,9.2,8.7952,1780083480,No,1,"Israel x Hezbollah permanent peace deal by May 31, 2026?",israel-x-hezbollah-permanent-peace-deal-by,0x492e2e1acb7e8357c93808bac27bf3797154d3d10466b112ccdb8abc1b1867a6
13b4829ee7252d8ec1a1d55c132cc631c4bd5657,0xd34f2b5e9ee02bed8a107fdf9bda2d866dc61c95,0xc792f8824ef9bb549a4f5d89eec898caefdd3df5a507783f80202d289e9130ea,112890624372199570903379805854221558875522244182741051024012191207402902645477,BUY,0.9658583691,69.9,67.51350000009,1780084702,No,1,"Israel x Hezbollah permanent peace deal by May 31, 2026?",israel-x-hezbollah-permanent-peace-deal-by,0xb173c1542a6aa80bd10bf6e9eeffa46fd20b7cfc825914113e6cbf16c765c722
4baa51c7f24b0e418a3f76f438a6f7e4059520e0,0xd34f2b5e9ee02bed8a107fdf9bda2d866dc61c95,0xd39905267d79b715f078279ef41f311b791c6e2c7361fea38011492b632212ef,63756054444750273032342900213736494135377239401337354989820981541092393466748,BUY,0.965,1722.68,1662.3862,1780089624,No,1,"Iran agrees to surrender enriched uranium stockpile by May 31, 2026?",iran-agrees-to-surrender-enriched-uranium-stockpile-by,0xbdc7f0fc0497c095cb6d783f3f2f971abd62747196c016341efdb3b12866e922
a6f5f227aff43e82e10551bffdab1d3df97b365a,0x33b45b246a2b8d69f96f3ca615b940c48d5b0f91,0x91467d5c49b5e06a68d101c3ea2e227ffd76215060d93381aca203ee26cf2d06,13657611258353191201973828521127914557302182692217908076103195439294504815662,SELL,0.9,0.38,0.342,1780121558,No,1,Will the US reopen its embassy in Iran in 2026?,will-the-us-reopen-its-embassy-in-iran-in-2026,0x847ee68599674df346547425ef4f02a1bf72f0c00335039f5950f60665f01acb
a0552b229bb5117ec0eebd1206f61862f20303e0,0x33b45b246a2b8d69f96f3ca615b940c48d5b0f91,0x84c18c49e8b5b3ff8566b1504ffa6a5b9de5e9227570a28915d5b83ee755e540,108968313361725407893906898845936333393237218721626057237016379343898359530958,BUY,0.91,383.62,349.0942,1780121898,Cultural y Deportiva Leonesa,1,Spread: Real Sociedad de Fútbol B (-2.5),es2-rso-leo-2026-05-31-more-markets,0xb7471220b9bf1f4919592ad03c8439b16f1b33cefd76df177d7e16f118bb3d81
29bcd38a771ada0c0c97591ee326990cbb95e251,0x6274f5f961800af6ddef3d6a362ba12422166907,0x3b6fb103f3376484ad3b44577b96079662aeb6c3c08e943ffad34758287e4a5f,24413148483960211364982088730164002254874977003659670603151187226946621811933,SELL,0.07,706.0,49.42,1780122883,Yes,0,U.S. evacuates Beirut Embassy by June 30?,us-evacuates-beirut-embassy-by-june-30,0xc12eed9891522b93dfe821561ca196a8fc96acb83f9473c5925b6adf10a915bf
2c490ff297115d7f06f24758ea85a27822c15454,0xd34f2b5e9ee02bed8a107fdf9bda2d866dc61c95,0x93ddd1be25f9225289a83a760480ff0dac4126cfbb0b97ead62590eb193c4ff9,60606116669926274125895856692431615247716233497058700435627443024634073129717,BUY,0.9,797.32,717.5880000000001,1780157530,Over,0,Paris Saint-Germain FC vs. Arsenal FC: O/U 1.5,ucl-psg-ars-2026-05-30-more-markets,0x5b34fc1cf5d706ed2ded5d3b445e0b2e0cd0543459944528184c57474acd5b67
048675731df0414e7594e2775c81eeba5f2c463f,0x6274f5f961800af6ddef3d6a362ba12422166907,0xc1f43db60906fb03f0db0283a1841bd77d9e0efb12e203b7949e620505821077,82853503482285342179716444117373380745833822379279977130893612982453660609868,BUY,0.91,335.42,305.23220000000003,1780194472,No,1,Will Trump visit Pakistan by June 30?,will-trump-visit-pakistan-by-april-30,0x71980ce56d7baaf9feff66924a324661bacb21666759cf6e68806eb0ad912f03
d83f6e9fd62c1e003cb1d490c60faf5c97f89dfc,0xd34f2b5e9ee02bed8a107fdf9bda2d866dc61c95,0x0e4a0c937b8934c2475613b6322b3f8edc8dedc24762e01e42b0e6f87424a089,42918220085288219341491829385501246298233444593663440094436147850542032590016,BUY,0.982,1700.0,1669.3999999999999,1780200177,No,1,"US x Iran permanent peace deal by May 31, 2026?",us-x-iran-permanent-peace-deal-by,0x636d3d82359b20b3045084fd2e3d9474cfd48b3cd651b22abc184977c11c1486
97a95e4dbccf5aa98708ecba73894e595743d386,0x33b45b246a2b8d69f96f3ca615b940c48d5b0f91,0x8a944deab3a338ca294c3766863a38572491d51f5b7373351eece856e09b33c7,47832084794595987331941650545434136509752803700154731110656789774216245397517,BUY,0.94,407.0,382.58,1780205168,CD Castellón,1,Spread: SD Eibar (-1.5),es2-cas-eib-2026-05-31-more-markets,0x5c93a0a12caa95c675a75709336cf591a54b04923788935f765f8f47420a93d9
4c3e1f69c65ea5856d30ac21525bbd3a3143837f,0x6274f5f961800af6ddef3d6a362ba12422166907,0x359fbf774f2af94da6f71dd85c91531b2a9cb02f5f1b981e78e387cf7ef33244,10350701777050182669329947172344790401812681814125537862781131935702888757691,BUY,0.929,386.0,358.594,1780206498,Ukraine,1,Spread: Poland (-2.5),fif-pol-ukr-2026-05-31-more-markets,0x148cfb8bcc87803580dd2570c0584fba93c33beda660ef5e91b2369a14875165
a634f96eb5da72938829695a5cb7946559715152,0xd34f2b5e9ee02bed8a107fdf9bda2d866dc61c95,0xd39905267d79b715f078279ef41f311b791c6e2c7361fea38011492b632212ef,63756054444750273032342900213736494135377239401337354989820981541092393466748,BUY,0.9919999961,201.612902,199.99999799770967,1780258692,No,1,"Iran agrees to surrender enriched uranium stockpile by May 31, 2026?",iran-agrees-to-surrender-enriched-uranium-stockpile-by,0xe76afcb403fd782e2cbfbdac89bede8266c0f1fd7c1d75167b6c111a8361b5b6
91bedf48ca8980103e9e85294ff100ec5185a24d,0x6274f5f961800af6ddef3d6a362ba12422166907,0x3e63b0a9b1af05fb0d5ffcbf13e98b0fb047d80d51e93dab7e6d898f1e5faf1f,32806212322582197337055873689036243808299405525320871606952260274982451129817,BUY,0.939,410.0,384.98999999999995,1780369890,No,1,Will Russia enter Dobropillia by June 30?,will-russia-enter-dobropillia-by-january-31,0x53c8febe98cbd18ffefbbc6434d560803b86a654b2225f798a2e3b2d451370a2
6a8792bfe062464c89762f434eedb96912460828,0x33b45b246a2b8d69f96f3ca615b940c48d5b0f91,0xa1f3aa44f7a0f33c141102e5c18b49489f70a5445fda21c2514ec5da3776a83e,35833726634636755731883096092176852366903092964645587829477221455106648448034,BUY,0.946,429.97,406.75162,1780377163,Belgium,1,Spread: Croatia (-2.5),fif-hrv-bel-2026-06-02-more-markets,0x0c73608df884fee3bc43f559267f861dc4f3fd91bad61d50a8e8d60509a64b9b
deca6c2f7149624bd0f28f3bbd2fa537b3ed4096,0x6274f5f961800af6ddef3d6a362ba12422166907,0x2c07993b98a67f14dd12d6f843cb4f0b700b0be2769a5166cff0d85a4436df26,28194967268972739907607268879187871524029534897650232183591244068388741515677,BUY,0.918,423.66,388.91988000000003,1780381899,Wales,1,Spread: Ghana (-1.5),fif-wal-gha-2026-06-02-more-markets,0x27ec1c67271c6ee6fda9109979a4a0dce2d4ed7cefca487290b07ac088d53ec7
909f129bfcdfae2b00edaa3a18a052f35c1024c5,0x91327ef84dca65ca90eea309c5d455daee4b8256,0x4e4a7df876b0c04f0b8b29b9073eddfbaf5c787192da825ae7ca1031bc8cfd15,43657246144121396803720838555832481461017693669899677632500878505194847879265,BUY,0.996,435.0,433.26,1780404497,No,1,Will the Fed decrease interest rates by 50+ bps after the June 2026 meeting?,fed-decision-in-june-825,0xd2774896cfc3ccd4594cb362141cc77d5e785d4e5e32ad6eb0d531e493fb8444
e98aa5d2f17d0d8db9974e36812e82f022a9bdb1,0x6274f5f961800af6ddef3d6a362ba12422166907,0x6e6851f2698629795fa06869d961c986221a80cedcba10fbaf0ed220607cdada,100818499003359884559774352671825765184103958625070066814408985574716007147193,BUY,0.93,439.0,408.27000000000004,1780470578,No,1,"China x India military clash by December 31, 2026?",china-x-india-military-clash-by-december-31,0x684f2db2fbaa83ba1488dd093a0c9c2cc0813159b364ef44953ab3f117bf28a6
d9283e9b6bf0f946389e8dffb3d8522cf441e73f,0x33b45b246a2b8d69f96f3ca615b940c48d5b0f91,0x33d8067cc4cb4fe5a106a6dff16e68667a2316f6e7a4df5a45e307b09c7011d6,29869334466361248122873612451824537752160298011083621004125335674107268419165,BUY,0.93,461.31,429.0183,1780471873,Under,1,Gibraltar vs. British Virgin Islands: O/U 5.5,fif-gib-vgb-2026-06-03-more-markets,0x1745ef5b2434503d8c5182e5a3b25e4d1d04393f789108294a2aca6d8101eefd
18d100450d6d2df6e22ac9a8bfd855c5eb072cdf,0x6274f5f961800af6ddef3d6a362ba12422166907,0xb00ae0eaeb0a6a51d2c42a5f2e20308faa481ed726b180e485d77a333ac4ca7e,57734036801594856171821264898297908283845108730545902576929783989615755620448,BUY,0.92,459.0,422.28000000000003,1780475760,No,1,Game 1: Both Teams Slay Baron Nashor?,lol-hrts-bar-2026-06-03,0x95e1ffb79f6e85ff2ee9f3821fcc1c605786c4d18efe0d8ffd6c694e05b30959
4806a3cba5dea705b434c96ac1a9ca4366167285,0x6274f5f961800af6ddef3d6a362ba12422166907,0x14501df0ca5ec395792b0614b18133b72e702a9a2615dd0a4b3f0c6e097de081,36584990740430575779853916178487409250519468755041580140068769472851047579138,BUY,0.92,491.0,451.72,1780539055,No,1,"Erdoğan out by December 31, 2026?",erdoan-out-before-2027,0x9a698add5d858bce45894cf4f54f4253429a743fc7822ed306314eef04f03ceb
d14229b594b9fb81a9781465fcf3340c1317db03,0x33b45b246a2b8d69f96f3ca615b940c48d5b0f91,0x3fd00147e44c2eb548696c90e4a8ceb499510176915c9b62826ab5a668fddf76,96494129979495968568657480337323719557091310670848237467949288511227109433690,BUY,0.916,502.29,460.09764,1780548292,Northern Ireland,1,Spread: Guinea (-1.5),fif-nir-gui-2026-06-04-more-markets,0x1a71a4da6605bd03ce8058bc7c413839995da89f76bac1d276cbdd2eb6cdaf81
b6c4f9f670fb70ede15e0ca7763c62b2a1d88323,0x6274f5f961800af6ddef3d6a362ba12422166907,0x6dfd263e98355883dee4a2020d162aa71fdba4dc24b203064f6b3401b735808f,93672671573812128731652179556201945346784959215971662632313836021167419362516,BUY,0.92,495.99,456.31080000000003,1780551033,No,1,Game 1: Both Teams Slay Baron Nashor?,lol-koia-ucam1-2026-06-04,0x24494e70da22c030f01a7d662d491342849f7b13bae29aacfdf1221a64229fcc
ef5740782c63468386502f685da74d6d2d998231,0xd34f2b5e9ee02bed8a107fdf9bda2d866dc61c95,0xdf46f7d20f438857da0f20108fee94c8955137b2b4eca7e16af91d6726bf25fb,13805522780018048537203967482466842411809396717371792816831090574129747348115,BUY,0.998,5995.0,5983.01,1780698112,No,1,US announces new Iran agreement/ceasefire extension by June 5?,us-announces-new-iran-agreementceasefire-extension-by,0xf2376dfc6e89e627ecbae3493ae5e888e71c2a2027df69c04febc087fd06f447
69381aab9a23cf9001bbaaa8b4917296643501e6,0x33b45b246a2b8d69f96f3ca615b940c48d5b0f91,0x8e999a71674bdf03604ffff9be217b1ec7fe73becf0e7c050bdfd2726f6f402a,17101179475659018604281028640794208259523093223820864733007971854039394537078,BUY,0.91,346.0,314.86,1780723018,No,1,Trump talks to Cuba leader Diaz-Canel by June 30?,trump-talks-to-cuba-leader-diaz-canel-by-june-30,0x6b5c0f79323d70083f2e211325cc983e051a53ddaf566ccf3326d17e95ce823c
a785719997aae32d0f9dffbf45a19603b2486ce9,0x6274f5f961800af6ddef3d6a362ba12422166907,0x8e999a71674bdf03604ffff9be217b1ec7fe73becf0e7c050bdfd2726f6f402a,17101179475659018604281028640794208259523093223820864733007971854039394537078,BUY,0.93,301.0,279.93,1780723110,No,1,Trump talks to Cuba leader Diaz-Canel by June 30?,trump-talks-to-cuba-leader-diaz-canel-by-june-30,0xb245ceb23906fd210df798a273f344fead0841d11d6203e1a8d88e64a5483ee9
9341e3e049da9080f346bbeda460d43616e5ecd1,0x33b45b246a2b8d69f96f3ca615b940c48d5b0f91,0xa60ef8a034ca2a3bfced1406e7f4a722774eba385352fff3a3191985b0833dc8,23718584162878309961095459972217685678933766584289463810275288757252347016477,BUY,0.94,344.0,323.35999999999996,1780807708,No,1,Will a new country join the Abraham Accords by June 30?,will-a-new-country-join-the-abraham-accords-by-june-30,0x54a053c29629302fa5fb749574a556dfc294a054b004f0f351f8c4eedc1d8c03
e95e65f2b29f8acf6fe8536378a1646bcfd46d61,0x6274f5f961800af6ddef3d6a362ba12422166907,0x0a37f80f29163ab485b30b039822e6c8e5ff8ec892a851820ba8937d87f49905,112367107932492265878330462602718791499828599070573591779812975442852571633001,BUY,0.92,499.47,459.51240000000007,1780808815,Over,0,Denmark vs. Ukraine: O/U 0.5,fif-den-ukr-2026-06-07-more-markets,0x98fa998dbad06c76827c03b0c08a69a4b39910b65affac99959c03d005a8dd34
077bb4fa53b68d7217f042353bf5c091cf3b7d60,0x33b45b246a2b8d69f96f3ca615b940c48d5b0f91,0x3a201eb9ef8da968641efb940de329df725acbf648f2d45e665a4bb355b0dc81,23019916574083552308832532043865247504582607387167707599943462130331360767326,BUY,0.9,337.99,304.19100000000003,1780816269,No,1,Game 2: Both Teams Slay Baron Nashor?,lol-fxw7-png1-2026-06-07,0xa317b2e798685ab631f5cd5ac4c2bbcc3d15ae0886032afc449ef119ced87b8e
bd175609d77b62a05720dd00ad37a87da5abbb13,0xd34f2b5e9ee02bed8a107fdf9bda2d866dc61c95,0x366f89649caea042c96ee741b185461ec7faa408a2664ec44469a0061924b537,104709284002113814284527094459750550924724996349053105098692118136695631316738,BUY,0.998,460.74,459.81852000000003,1780866033,No,1,"US x Iran permanent peace deal by June 7, 2026?",us-x-iran-permanent-peace-deal-by,0x0b926d8335bbed690aa0767df5dd31b6e38b6a7df28dbfa8cfc04589a4dae7a9
f120efad199dd434a8f5ac474d678ca379bae059,0x33b45b246a2b8d69f96f3ca615b940c48d5b0f91,0x3a201eb9ef8da968641efb940de329df725acbf648f2d45e665a4bb355b0dc81,23019916574083552308832532043865247504582607387167707599943462130331360767326,SELL,0.95,337.99,321.0905,1780887463,No,1,Game 2: Both Teams Slay Baron Nashor?,lol-fxw7-png1-2026-06-07,0x90b8bb964548cd39be1b28f2c77322d5f1b8604ac063b14d13e3e13e969be84c
e02104d5e6b7c10c8835fa116fe6dd6a8d6ddb22,0x2a17c545d823842cdc8baedb5d61ac4e32aeef0f,0xd9fb1184af0064e5e34b129f5b79afa5a17b7e32f2953ab05efed82315fee6d4,94559586571241563470235664821564670251180951772614764383113614156422396181162,BUY,0.063,100.0,6.3,1780894120,Yes,0,Will China invade Taiwan by end of 2026?,will-china-invade-taiwan-before-2027,0xc4e3fbb86aa024414f326437747fc793b8507f40cb9405fd12498b60713a61b3
aaf6b88e9951bda4b056cf3e711dd4cac991c09c,0x2a17c545d823842cdc8baedb5d61ac4e32aeef0f,0xd9fb1184af0064e5e34b129f5b79afa5a17b7e32f2953ab05efed82315fee6d4,94559586571241563470235664821564670251180951772614764383113614156422396181162,SELL,0.062,100.0,6.2,1780894419,Yes,0,Will China invade Taiwan by end of 2026?,will-china-invade-taiwan-before-2027,0xb3e54367c9cdc840d6dee65d5148a65108aae5791a5909f32e9b9f28e467c18a
1835e78dc143dbedb707c4eb10ee761f3a161c1e,0x6274f5f961800af6ddef3d6a362ba12422166907,0x89bce251d9442b7ee4c5d4277dcb4431e8856531041bb630fe59e6ed39466f3e,60304645109255529336186859042155942173761872111450644499379530861791485319063,BUY,0.91,531.0,483.21000000000004,1780899303,No,1,Game 2: Both Teams Destroy Barracks?,dota2-vpp-balu-2026-06-08,0x658e4ad33eed5c8508f724380e3cc13f999d3cad4748b8834c1fe90d3aa599e8
08c37eedaca8ef482cdeac943cc776c9747a9129,0x33b45b246a2b8d69f96f3ca615b940c48d5b0f91,0x89bce251d9442b7ee4c5d4277dcb4431e8856531041bb630fe59e6ed39466f3e,60304645109255529336186859042155942173761872111450644499379530861791485319063,BUY,0.91,342.99,312.1209,1780899388,No,1,Game 2: Both Teams Destroy Barracks?,dota2-vpp-balu-2026-06-08,0x342e89be1b5cf797a8b5e6f83cbc3ab11654e8d1f9904b100c7f7437cd3640fa
4d572aa04ab9c3bb580e63b29cbbb5c0ee36ac3d,0xd34f2b5e9ee02bed8a107fdf9bda2d866dc61c95,0x09f9d4aca74a3d2feb4c95633abf1cf49758b0c8bfe0dd2c99a20c2fa44a0164,37067912673428617851937570344528335092077451872612305983387768021666990619797,BUY,0.937,32.67,30.611790000000003,1780934214,No,1,"Will the price of Bitcoin be above $64,000 on June 8?",bitcoin-above-on-june-8-2026,0x23f080af598c69d5559d8400da295c23d3cc295b8482171680cfdc6de9ab1e83
6d3df9464e914924575098edec8da21c645ea740,0xd34f2b5e9ee02bed8a107fdf9bda2d866dc61c95,0x1ab70741c263b8374fd08b4cfb2cc5af0537d787e27e40a39d08a83dd67f06b4,15920416884940077544179999321399116662453042516581638856953824338209135017002,BUY,0.995,200.0,199.0,1780945176,No,1,Israel closes its airspace by June 8?,israel-closes-its-airspace-by,0x91e2f701497ffac0abf7fed0a542eab8f37ca33f30ad2dcb0e1a6b2a221207aa
d5eecf60d4687d712c5461af3cfa618d99ee4932,0xd34f2b5e9ee02bed8a107fdf9bda2d866dc61c95,0x0923f4cd56ffdd032deca9984f9779303b58c6ef9317c0c6490acccb477ba150,103146822800955228694960469584465618974402104793575818808187047895725122181216,BUY,0.99,5000.0,4950.0,1780975708,Spurs,0,Spurs vs. Knicks,nba-sas-nyk-2026-06-08,0x9246f3051fa10e0ed790ea8e75b650b64ff3c386ce388b22a6f4005ecb687276
0262465edb4074c4fe514e4eecb610eb1469b0a4,0x91327ef84dca65ca90eea309c5d455daee4b8256,0x2576d8fe9a5ed75f58c2ef34bad961916d4799254c8d248734aee5cf5224eb07,79503879558000863984423353516801517784351760207093629712308932082454207172191,BUY,0.9872952273,220.0,217.204950006,1780979023,No,1,SpaceX IPO closing market cap above $4T?,spacex-ipo-closing-market-cap-above,0x314306b87a66f9954ce2e58357babdbd934a480a991912091f22dcab1c76627a
7885bd20422ac0c7867aba4809412ca26f0d4067,0xcfeaa2e026b2d5e92d76c5925be6f41834c3cba7,0x8670b6463e3e76471a6ad12224526579aab94b061b8919681d26684195ac4cd7,746585453168449079367078268100257274875515948267461896948184980657087383912,BUY,0.95,484.28,460.066,1780981509,Tajikistan,1,Spread: India (-1.5),fif-tjk-ind-2026-06-09-more-markets,0x8feb6bc2e31ec15b3f969619e695a4eec7b18baaee05665db3b4ac572ac29f1e
a776c10ea3c75a95fd1f140653d1e349cd00df5c,0xd34f2b5e9ee02bed8a107fdf9bda2d866dc61c95,0x6b82d29f03e7eae400b27d9a9e4676c821a4bfdd5e20dcbcb0474a75c68c6329,96967237766700444496158479377843538972574412230680950755510790009872567104266,BUY,0.999,5000.0,4995.0,1781019748,Yes,0,"Will the price of Bitcoin be above $60,000 on June 9?",bitcoin-above-on-june-9-2026,0xc3b1e7e3408cc34e372885175cd30ee195dca79e0d58df7109422b3e2546b96b
b6d970dcef2f877d7c5321e67074853c8f57b4e8,0xd34f2b5e9ee02bed8a107fdf9bda2d866dc61c95,0x6b82d29f03e7eae400b27d9a9e4676c821a4bfdd5e20dcbcb0474a75c68c6329,96967237766700444496158479377843538972574412230680950755510790009872567104266,BUY,0.999,707.91,707.20209,1781019772,Yes,0,"Will the price of Bitcoin be above $60,000 on June 9?",bitcoin-above-on-june-9-2026,0xf9085701f1864a0262bf3cdffe5a7329f7fa5cbc0fadf9590902c58a1162976a
b2deb8f2f15a5e37c968f9bd707634465b7102f9,0xd34f2b5e9ee02bed8a107fdf9bda2d866dc61c95,0x4c93a2644e21bacc088f233bb4322db229d3bc1695026f066412d827001c59e6,108259179113762787799728630882962227667681702619250139906972592109370383924005,BUY,0.975,30.0,29.25,1781113858,No,1,Israel closes its airspace by June 10?,israel-closes-its-airspace-by,0x741074a059261ecf0d07cd1117276ccca50a7ed7db2782067672924dfa3fb6f3
53c009c901d00e1d2096c8b75446e6cd092771db,0xd34f2b5e9ee02bed8a107fdf9bda2d866dc61c95,0x4c93a2644e21bacc088f233bb4322db229d3bc1695026f066412d827001c59e6,108259179113762787799728630882962227667681702619250139906972592109370383924005,BUY,0.976,800.0,780.8,1781114218,No,1,Israel closes its airspace by June 10?,israel-closes-its-airspace-by,0x9981f505d06ec69d6e2a67586a1d0f31d805c420aea17d426a33622465cce425
981fc3180feec21d60f4c638b59fe84f3daa6c66,0xd34f2b5e9ee02bed8a107fdf9bda2d866dc61c95,0x4c93a2644e21bacc088f233bb4322db229d3bc1695026f066412d827001c59e6,108259179113762787799728630882962227667681702619250139906972592109370383924005,BUY,0.976,384.61,375.37936,1781114355,No,1,Israel closes its airspace by June 10?,israel-closes-its-airspace-by,0xfb44e34339dcdd3959e8786a932defb9f8e2137e37d37fc3399986fe15144135
14d06eaf3b53ae5cd14a1a1e45d262f758e4c871,0xd34f2b5e9ee02bed8a107fdf9bda2d866dc61c95,0x2d62406d718b45a9b0417e05d33aef6fe31381f2922acc0ba0938d99145299c6,35218429919281496349820121030155495920286085237124219145779644048076299632581,BUY,0.74,123.63,91.4862,1781118862,No,1,Will Trump praise Allah again by June 30?,will-trump-praise-allah-again-by-june-30-20260610152457610,0x8657d8a7b8310fcc5327f865330e790d4718f403b8922a0e285a1334ed5e84b3
68fc95189374a626f07fd44f0c8f09a658d16165,0xd34f2b5e9ee02bed8a107fdf9bda2d866dc61c95,0x2d62406d718b45a9b0417e05d33aef6fe31381f2922acc0ba0938d99145299c6,35218429919281496349820121030155495920286085237124219145779644048076299632581,SELL,0.5730137237,273.25,156.57600000102502,1781191150,No,1,Will Trump praise Allah again by June 30?,will-trump-praise-allah-again-by-june-30-20260610152457610,0xa869076c3888b28570098cbbe412799223fbfccf4a351877f19e8f803791e4ef
dc9b4b3bea816c8e3752307a794db80a908273fd,0xd34f2b5e9ee02bed8a107fdf9bda2d866dc61c95,0x2576d8fe9a5ed75f58c2ef34bad961916d4799254c8d248734aee5cf5224eb07,79503879558000863984423353516801517784351760207093629712308932082454207172191,BUY,0.988,2000.0,1976.0,1781191233,No,1,SpaceX IPO closing market cap above $4T?,spacex-ipo-closing-market-cap-above,0xf0e19775bc978e20de1b6312b44e4bf995e9692e5f75402c7c3b3c58a3df077f
b930000a615b212432824dd0af9195c61744c5ac,0xd34f2b5e9ee02bed8a107fdf9bda2d866dc61c95,0xfa9b0820f7f621c438a124b3a489761c8a0f38100398f87bfeb7f4a1d10052bf,111605488889182760124420431815050427618747634460201707725642917737887226932954,BUY,0.999,10000.0,9990.0,1781191426,No,1,"Will the price of Bitcoin be above $64,000 on June 11?",bitcoin-above-on-june-11-2026,0xeabb274672d33ef2fc6f74773c4a7a93c27d0d4acef786d95c10cf3e805249b7
21a75cf2497c3b797cf9acf4255712c07e461bff,0xd34f2b5e9ee02bed8a107fdf9bda2d866dc61c95,0xfa9b0820f7f621c438a124b3a489761c8a0f38100398f87bfeb7f4a1d10052bf,111605488889182760124420431815050427618747634460201707725642917737887226932954,BUY,0.9989595067,6000.0,5993.7570402,1781191533,No,1,"Will the price of Bitcoin be above $64,000 on June 11?",bitcoin-above-on-june-11-2026,0x01a47c7edd2f3e7f0b0f24d72f26dc83688a341bd09da27574aaab1e1262dd80
a8d70ad0b375e85cdd38476ede5adab5dffceea8,0xd34f2b5e9ee02bed8a107fdf9bda2d866dc61c95,0xf207909cce03987b2a38e143e6e66040e247ca317a63284b6a6fc1f21879e3fa,9800048473937538833379897588347079861337348113940717874791761026255749894617,BUY,0.98,8.69,8.5162,1781210635,Under,1,Mexico vs. South Africa: O/U 4.5,fifwc-mex-rsa-2026-06-11-more-markets,0x13aa1af6f62712b56101534ae2f127505cbd6fdc5cddf35e93809251fcf20013
de262fa71e906bf08083c475b25cdabd3d4c80d7,0xd34f2b5e9ee02bed8a107fdf9bda2d866dc61c95,0xf207909cce03987b2a38e143e6e66040e247ca317a63284b6a6fc1f21879e3fa,9800048473937538833379897588347079861337348113940717874791761026255749894617,BUY,0.9809496556,496.58,487.119979977848,1781210637,Under,1,Mexico vs. South Africa: O/U 4.5,fifwc-mex-rsa-2026-06-11-more-markets,0xe5c0f2d96af68f321058a7745b03e96afe97f5236e5744d5d81e69ca59c7f48f
038d2a44c683bb35753703be5512ba686b0be6e2,0xd34f2b5e9ee02bed8a107fdf9bda2d866dc61c95,0xf207909cce03987b2a38e143e6e66040e247ca317a63284b6a6fc1f21879e3fa,9800048473937538833379897588347079861337348113940717874791761026255749894617,BUY,0.98,16.31,15.983799999999999,1781210640,Under,1,Mexico vs. South Africa: O/U 4.5,fifwc-mex-rsa-2026-06-11-more-markets,0x2f080ab506929d55632eec493be4049322331270fad434254f7d99d1475b6979
497000b568038f10ed4d3f5d6fb55ce9d9250621,0xd34f2b5e9ee02bed8a107fdf9bda2d866dc61c95,0xf207909cce03987b2a38e143e6e66040e247ca317a63284b6a6fc1f21879e3fa,9800048473937538833379897588347079861337348113940717874791761026255749894617,BUY,0.98,25.0,24.5,1781210643,Under,1,Mexico vs. South Africa: O/U 4.5,fifwc-mex-rsa-2026-06-11-more-markets,0xeb762de3b03ec64d2a1eaf5f416fa8fd68e708f12e0a15e11291b3e1ebde1666
3fb9fd259aa0db520c444ae4c1f79b336e1dd37a,0xd34f2b5e9ee02bed8a107fdf9bda2d866dc61c95,0xf207909cce03987b2a38e143e6e66040e247ca317a63284b6a6fc1f21879e3fa,9800048473937538833379897588347079861337348113940717874791761026255749894617,BUY,0.9803948197,41.31,40.500110001807,1781210644,Under,1,Mexico vs. South Africa: O/U 4.5,fifwc-mex-rsa-2026-06-11-more-markets,0x40bd683a6f8e32cf19f78e061331e91adbe6f716fa423a6c15c63ef345deff7e
feb2a70acc8a2daae75f51795f65dc420eb5d59c,0xd34f2b5e9ee02bed8a107fdf9bda2d866dc61c95,0xf207909cce03987b2a38e143e6e66040e247ca317a63284b6a6fc1f21879e3fa,9800048473937538833379897588347079861337348113940717874791761026255749894617,BUY,0.998,200.0,199.6,1781211312,Under,1,Mexico vs. South Africa: O/U 4.5,fifwc-mex-rsa-2026-06-11-more-markets,0x829fa66faab5ea253828bb7f1571bc0002ada03b8cb2958ea3ad8879c823eef9
31c4371fc16e224d4082fc9733eb22c9c4ebe913,0xd34f2b5e9ee02bed8a107fdf9bda2d866dc61c95,0xf207909cce03987b2a38e143e6e66040e247ca317a63284b6a6fc1f21879e3fa,9800048473937538833379897588347079861337348113940717874791761026255749894617,BUY,0.999,349.13,348.78087,1781211313,Under,1,Mexico vs. South Africa: O/U 4.5,fifwc-mex-rsa-2026-06-11-more-markets,0xddca1da09a1258d5206fca52ce3972e69d126b122cf9ed3ab68d8844707638fc
31a5863cf0882f30a426a4af7df6eee65e89ef84,0xd34f2b5e9ee02bed8a107fdf9bda2d866dc61c95,0x2732048b5334b03103e78c8ae7fa252eab1cce53c45bc3598d82475122afaf63,13875559308948226492493015234949799237782248147592779553360682906488665260995,BUY,0.994,19.99,19.87006,1781281941,No,1,SpaceX IPO closing market cap above $3.6T?,spacex-ipo-closing-market-cap-above,0x9d1de6cd42d23ebe18a30ea249764eff3a4ee51d803a829e6062129857223c37
605ace264e0d6d281082b9c106e9eb4bcb261fe4,0xd34f2b5e9ee02bed8a107fdf9bda2d866dc61c95,0x2732048b5334b03103e78c8ae7fa252eab1cce53c45bc3598d82475122afaf63,13875559308948226492493015234949799237782248147592779553360682906488665260995,BUY,0.995,69.99,69.64004999999999,1781281945,No,1,SpaceX IPO closing market cap above $3.6T?,spacex-ipo-closing-market-cap-above,0xbf78090ad6de800d5c6556aa4921e6545374980a99fac37974b1bf37a3e8b774
62837101a277f644af874f2525e432d274e71ecc,0xd34f2b5e9ee02bed8a107fdf9bda2d866dc61c95,0x2732048b5334b03103e78c8ae7fa252eab1cce53c45bc3598d82475122afaf63,13875559308948226492493015234949799237782248147592779553360682906488665260995,BUY,0.996,211.0,210.156,1781281969,No,1,SpaceX IPO closing market cap above $3.6T?,spacex-ipo-closing-market-cap-above,0x6dad2880b535c4a59d8a0d31f8b0b62b5b6d0d4ea1b95bd81449084dc67a0f3a
d1e36861b0a00d6b223950fa15e75d1255aee460,0xd34f2b5e9ee02bed8a107fdf9bda2d866dc61c95,0xde71d221fd60bdd0e267e44ada1969e18b4f8f8f39e4210f85e399dee6bd22f4,33424117992679340919356347657502095858276959663552928360879999791490845081493,BUY,0.994,10.0,9.94,1781281998,No,1,SpaceX IPO closing market cap above $3.4T?,spacex-ipo-closing-market-cap-above,0x4a9188e8841326e7c7c8a67fd8dd980499629e10fdd3d45635a6b27ac246c7eb
d658fbd115f692edb935850651a05943b3656662,0xd34f2b5e9ee02bed8a107fdf9bda2d866dc61c95,0xde71d221fd60bdd0e267e44ada1969e18b4f8f8f39e4210f85e399dee6bd22f4,33424117992679340919356347657502095858276959663552928360879999791490845081493,BUY,0.995,600.0,597.0,1781282001,No,1,SpaceX IPO closing market cap above $3.4T?,spacex-ipo-closing-market-cap-above,0xaa0977c29ef84ca4d003a16f48c47f88e00876eefac7a1211ed5b74e11cdaa5c
0fcb79840cfd344bc41476130d3442c9e1a8b664,0xd34f2b5e9ee02bed8a107fdf9bda2d866dc61c95,0xde71d221fd60bdd0e267e44ada1969e18b4f8f8f39e4210f85e399dee6bd22f4,33424117992679340919356347657502095858276959663552928360879999791490845081493,BUY,0.994,10.0,9.94,1781282049,No,1,SpaceX IPO closing market cap above $3.4T?,spacex-ipo-closing-market-cap-above,0x0caf492113870da3efa0c91240c7fb02332617a78a21809107cb52978f15f5fc
6c0eb35ed3c5d8de741ac25b009830dca1525ff9,0xd34f2b5e9ee02bed8a107fdf9bda2d866dc61c95,0xde71d221fd60bdd0e267e44ada1969e18b4f8f8f39e4210f85e399dee6bd22f4,33424117992679340919356347657502095858276959663552928360879999791490845081493,BUY,0.996,438.53,436.77588,1781282055,No,1,SpaceX IPO closing market cap above $3.4T?,spacex-ipo-closing-market-cap-above,0xb071252d1d1da6d963c839dd8b6412345270273ba653ad08e8988187785e1b99
4542d6e0fe627e3bfa9d29df4aa1274c1df0911c,0xd34f2b5e9ee02bed8a107fdf9bda2d866dc61c95,0x659ddeb762d5e28b0fe991e0ffe82dd0ce87a939f6658934d059cea31f3b7fac,80508134253902150813934199781517256931597630213640340475912025517580268320807,BUY,0.986,10.0,9.86,1781282082,No,1,SpaceX IPO closing market cap above $2.8T?,spacex-ipo-closing-market-cap-above,0x30d4bc0f24e7f0c7deab96a38cb077ea758e1adc95e8fb46e809477b2ec06342
9fb46c2cb280c21e1ac8f15ee58af71a8009c39f,0xd34f2b5e9ee02bed8a107fdf9bda2d866dc61c95,0x9319e7f316532c47f6865fa813f984473bda9d67e60af1dec658c3c786767531,88624041040967320847539085395470418933959693771245019066246960573296078997026,BUY,0.968,10.0,9.68,1781282119,No,1,SpaceX IPO closing market cap above $2.6T?,spacex-ipo-closing-market-cap-above,0x151f7844b2fed3cbfc95cb1838c26e7eba20177ad09b617796870b9d3ab81097
67d7c49a06038c7f8ff4927b865ecf4a465e560b,0xd34f2b5e9ee02bed8a107fdf9bda2d866dc61c95,0x659ddeb762d5e28b0fe991e0ffe82dd0ce87a939f6658934d059cea31f3b7fac,80508134253902150813934199781517256931597630213640340475912025517580268320807,BUY,0.986,10.0,9.86,1781282125,No,1,SpaceX IPO closing market cap above $2.8T?,spacex-ipo-closing-market-cap-above,0x8c63d2ed97b614af43a084c6540cb1cb518ac6448eb44f7a8dde70c1b23498c8
2e40287dfdb322b3f919c935cf9ad2f67a27997b,0xd34f2b5e9ee02bed8a107fdf9bda2d866dc61c95,0x659ddeb762d5e28b0fe991e0ffe82dd0ce87a939f6658934d059cea31f3b7fac,80508134253902150813934199781517256931597630213640340475912025517580268320807,BUY,0.987,600.0,592.2,1781282134,No,1,SpaceX IPO closing market cap above $2.8T?,spacex-ipo-closing-market-cap-above,0xcdb1a550d56cd0aad54d8038454874eb08bd8b9baa3d00a2e1948cef911f3143
3c0bfa6ba6668080ceddf026cf9c5ea62c788e33,0xd34f2b5e9ee02bed8a107fdf9bda2d866dc61c95,0xd86a816093fcd0a0e1ca440bc5ce199bd3c5a8d6139e044b076958164f8c5423,59855952379545476461266875939089074481171378466995213858930892770855011813551,BUY,0.866,56.5,48.929,1781284245,No,1,"US x Iran permanent peace deal by June 15, 2026?",us-x-iran-permanent-peace-deal-by,0xedfc86f041425cd38420ee33d16e6bfe7cb4e69e0ed3fb760cd7056d2b974ba0
01a54bb8f98bc19410c6760d7a46fa0578a82d9c,0xd34f2b5e9ee02bed8a107fdf9bda2d866dc61c95,0xd86a816093fcd0a0e1ca440bc5ce199bd3c5a8d6139e044b076958164f8c5423,59855952379545476461266875939089074481171378466995213858930892770855011813551,BUY,0.866,61.5,53.259,1781284252,No,1,"US x Iran permanent peace deal by June 15, 2026?",us-x-iran-permanent-peace-deal-by,0xfc218a7efb6b36a1abdd59e3abc6b6aaefba4c94a98123dfc91324c064a9f69b
93ec30c305d3c44a92f36b809fd5316d324471b3,0xd34f2b5e9ee02bed8a107fdf9bda2d866dc61c95,0xd86a816093fcd0a0e1ca440bc5ce199bd3c5a8d6139e044b076958164f8c5423,59855952379545476461266875939089074481171378466995213858930892770855011813551,BUY,0.866,49.38,42.76308,1781284260,No,1,"US x Iran permanent peace deal by June 15, 2026?",us-x-iran-permanent-peace-deal-by,0x66d4f82d295904ac7413774203f6f3bddfc5f3d8eb0cb8fa53a7d67b3f43fa76
e3dfbd3ffddc26933e1e471c72a4cc57778fe50b,0xd34f2b5e9ee02bed8a107fdf9bda2d866dc61c95,0x9319e7f316532c47f6865fa813f984473bda9d67e60af1dec658c3c786767531,88624041040967320847539085395470418933959693771245019066246960573296078997026,BUY,0.98,303.18,297.1164,1781290404,No,1,SpaceX IPO closing market cap above $2.6T?,spacex-ipo-closing-market-cap-above,0xd1e311819564155a8ba0bb8f0a587c6ed1eb925edc74790dbdc3d6dad1dec044
e95302f93ea7c0f8443f690ef1f2b31b0f760e84,0xd34f2b5e9ee02bed8a107fdf9bda2d866dc61c95,0xec33b96f5dd335ef75f38066f47dfc9e4b326de97fd853617081c7cd503b6457,41104875464595281633781028120191789802714292561935289362014954371209549299900,BUY,0.996,3413.06,3399.40776,1781290585,No,1,Israel closes its airspace by June 12?,israel-closes-its-airspace-by,0x195b208ca24871f05f5994d595f297d4a60490190015ad4379cf7768c9deddd0
37c3ecf32b74d05b1edc7cd87eab8924c98c59b0,0xd34f2b5e9ee02bed8a107fdf9bda2d866dc61c95,0xd86a816093fcd0a0e1ca440bc5ce199bd3c5a8d6139e044b076958164f8c5423,59855952379545476461266875939089074481171378466995213858930892770855011813551,BUY,0.825,115.0,94.875,1781291943,No,1,"US x Iran permanent peace deal by June 15, 2026?",us-x-iran-permanent-peace-deal-by,0x7e393a9af218015df3968655bdf3b3494a5a9524c2b18e19558149e80a0b7c11
83a2d54d877977067ebfceeb6431b3fa087b20b9,0xd34f2b5e9ee02bed8a107fdf9bda2d866dc61c95,0x9319e7f316532c47f6865fa813f984473bda9d67e60af1dec658c3c786767531,88624041040967320847539085395470418933959693771245019066246960573296078997026,BUY,0.996,3600.0,3585.6,1781292040,No,1,SpaceX IPO closing market cap above $2.6T?,spacex-ipo-closing-market-cap-above,0x5a1f4c1acf0ec770dac9f0da90c22e6f2aa4acb1a8d064459bbe3fab7c85303c
1b1b54d1aa922973883fb48af7ace46dfe9c16a8,0xd34f2b5e9ee02bed8a107fdf9bda2d866dc61c95,0x9319e7f316532c47f6865fa813f984473bda9d67e60af1dec658c3c786767531,88624041040967320847539085395470418933959693771245019066246960573296078997026,BUY,0.996,10.0,9.96,1781292055,No,1,SpaceX IPO closing market cap above $2.6T?,spacex-ipo-closing-market-cap-above,0xedaa86dd531588cb985cd90023b151fd7534b9473d4fbe0a787eed42690647b5
5185b145f8c556a2385788314cfd53cd95edcd84,0xd34f2b5e9ee02bed8a107fdf9bda2d866dc61c95,0x9319e7f316532c47f6865fa813f984473bda9d67e60af1dec658c3c786767531,88624041040967320847539085395470418933959693771245019066246960573296078997026,BUY,0.997,4644.35,4630.416950000001,1781292189,No,1,SpaceX IPO closing market cap above $2.6T?,spacex-ipo-closing-market-cap-above,0xfe498cbe61db7a4359436fe8953c26e5f0edfe1b5f7b5333ef7d248a35f861fe
3a8ec11b3e84538f65509fdfd44783fc378688d5,0xd34f2b5e9ee02bed8a107fdf9bda2d866dc61c95,0xd90bf5f45f24c5de7881707cb5374f3d991388a2d220fa7e0fe2be912cd7642a,110136933550893624733134445460153301975615510734202337526927943993346922198810,BUY,0.8799999999,5681.81818,4999.999997831818,1781407312,Knicks,0,Knicks vs. Spurs,nba-nyk-sas-2026-06-13,0x61b1f5f4f2fe35bf9c3e92040220db21e49c2c502363800aafeb916d6c244ce4
844d0f91dfc4e99b6aec36d699af2d78f2c5ecc3,0xd34f2b5e9ee02bed8a107fdf9bda2d866dc61c95,0xd86a816093fcd0a0e1ca440bc5ce199bd3c5a8d6139e044b076958164f8c5423,59855952379545476461266875939089074481171378466995213858930892770855011813551,BUY,0.7529999998,664.010623,499.99999898619785,1781430724,No,1,"US x Iran permanent peace deal by June 15, 2026?",us-x-iran-permanent-peace-deal-by,0x028d181ff959ea3066176727fbab028966eb38a37a21089a89ee914812a97442
f2aadb071d45be34a2ea5fd9839dd1a16f22c3b5,0xd34f2b5e9ee02bed8a107fdf9bda2d866dc61c95,0xfedc055699e34eac5f8cd6a1fb1d19e40d87c8e6920b59e741edcb41f8bbdf7d,63982800272592512779698912195947839409824976065349891331001784174066295462415,BUY,0.98,11.77,11.5346,1781475960,No,1,Will Iran close its airspace by June 14?,iran-closes-its-airspace-byptptpt-20260609184135829,0x248757a4f46caec6261636ee7fd7175de7cae46b95410feba702c2fe9dea5359
a02e2e9870571e87091aef521fa4507b660b0206,0xd34f2b5e9ee02bed8a107fdf9bda2d866dc61c95,0xfedc055699e34eac5f8cd6a1fb1d19e40d87c8e6920b59e741edcb41f8bbdf7d,63982800272592512779698912195947839409824976065349891331001784174066295462415,BUY,0.988,19.99,19.75012,1781475972,No,1,Will Iran close its airspace by June 14?,iran-closes-its-airspace-byptptpt-20260609184135829,0xa8c05187b016f685132ca0b112e09239acc95721364f6cb580ca1b7532970837
99c62b23622ee8e1aee2e860117a6c347f1526b4,0xd34f2b5e9ee02bed8a107fdf9bda2d866dc61c95,0x65c65f48cafe1f95f956c960c9b0f677e95a5c932c5716e56e3cd6366fc2b34d,41451856579527684231317477410363671100798377769322956673968392384534241453466,BUY,0.998,3498.2,3491.2036,1781537179,No,1,"Will the price of Bitcoin be above $68,000 on June 15?",bitcoin-above-on-june-15-2026,0xe97523fbf4efb9c33bbb7384cddaafa5127aad38ba3975baf44ebf5781488bec
504c8b9f2d4163c4c36ee0120a8cf22a91d806e9,0xd34f2b5e9ee02bed8a107fdf9bda2d866dc61c95,0x65c65f48cafe1f95f956c960c9b0f677e95a5c932c5716e56e3cd6366fc2b34d,41451856579527684231317477410363671100798377769322956673968392384534241453466,BUY,0.998,60.24,60.11952,1781537214,No,1,"Will the price of Bitcoin be above $68,000 on June 15?",bitcoin-above-on-june-15-2026,0xf57bbbd585bde9991c4bb658f00970bc4f225920eff8114d60aa809294d6ec03
e7283778e28c27647e707a047de652670f4f777f,0xd34f2b5e9ee02bed8a107fdf9bda2d866dc61c95,0x65c65f48cafe1f95f956c960c9b0f677e95a5c932c5716e56e3cd6366fc2b34d,41451856579527684231317477410363671100798377769322956673968392384534241453466,BUY,0.997,60.24,60.05928,1781537217,No,1,"Will the price of Bitcoin be above $68,000 on June 15?",bitcoin-above-on-june-15-2026,0x38cab05de88ea8ff77450d8b2f902ab59a002f43bc87bc2512d41c13c34f99e5
54562f2c3faad868774f03fa1f2a230b7e8e4ad0,0xd34f2b5e9ee02bed8a107fdf9bda2d866dc61c95,0x65c65f48cafe1f95f956c960c9b0f677e95a5c932c5716e56e3cd6366fc2b34d,41451856579527684231317477410363671100798377769322956673968392384534241453466,BUY,0.996,60.24,59.99904,1781537232,No,1,"Will the price of Bitcoin be above $68,000 on June 15?",bitcoin-above-on-june-15-2026,0x8ad017cb6aec034a5e7b787f71aeab9ee1a80ba4429ce62b7b27d959f00af255
008b908d23cbbc89f5e8b2fe0343594c69a2cb7e,0xd34f2b5e9ee02bed8a107fdf9bda2d866dc61c95,0x65c65f48cafe1f95f956c960c9b0f677e95a5c932c5716e56e3cd6366fc2b34d,41451856579527684231317477410363671100798377769322956673968392384534241453466,BUY,0.996,60.24,59.99904,1781537242,No,1,"Will the price of Bitcoin be above $68,000 on June 15?",bitcoin-above-on-june-15-2026,0x8fbf9fc19cd1f1073091c5e42082a9dfc5dd33cb42618b389bdf9927036fc284
ddc40778e6affe67340c150f71de44af1bfdb2ce,0xd34f2b5e9ee02bed8a107fdf9bda2d866dc61c95,0x65c65f48cafe1f95f956c960c9b0f677e95a5c932c5716e56e3cd6366fc2b34d,41451856579527684231317477410363671100798377769322956673968392384534241453466,BUY,0.997,577.24,575.50828,1781537247,No,1,"Will the price of Bitcoin be above $68,000 on June 15?",bitcoin-above-on-june-15-2026,0xe8cd4c13a2e1fca2210dea17debda3df1d8ef7caa2eb42d23069f599260d8c9f
8f350062cef50bf4db8ee6f2586fa161b0aa6ace,0xd34f2b5e9ee02bed8a107fdf9bda2d866dc61c95,0x65c65f48cafe1f95f956c960c9b0f677e95a5c932c5716e56e3cd6366fc2b34d,41451856579527684231317477410363671100798377769322956673968392384534241453466,BUY,0.997,60.24,60.05928,1781538780,No,1,"Will the price of Bitcoin be above $68,000 on June 15?",bitcoin-above-on-june-15-2026,0x68e3f0941568cbced469e8ed2184c5054ae23b5be3459da9d553f0ce9f78f241
e3e0647a6498552bf1f95ddbb6a6be7ab35720f0,0xd34f2b5e9ee02bed8a107fdf9bda2d866dc61c95,0x65c65f48cafe1f95f956c960c9b0f677e95a5c932c5716e56e3cd6366fc2b34d,41451856579527684231317477410363671100798377769322956673968392384534241453466,BUY,0.998,5615.45,5604.2191,1781538861,No,1,"Will the price of Bitcoin be above $68,000 on June 15?",bitcoin-above-on-june-15-2026,0x5d9b905f55c7324f102cfa859cce77d784a0404464282bb3aa3cccaf2b5551ea
00bf08a9f22ef066504e0bbfe74c28ca1d00bd53,0xd34f2b5e9ee02bed8a107fdf9bda2d866dc61c95,0xda339a654c3a15b29ca146cf383983f1d5685fd820fca25c3ce8ba117c7c98d0,100634818442811231863600646891515451405001078873382648630445983294808209799549,BUY,0.96,25.0,24.0,1781540368,Over,0,Spain vs. Cabo Verde: O/U 0.5,fifwc-esp-cvi-2026-06-15-more-markets,0xde090c87258a31019c446421b6ecb998b1ef98f768869f4369fb18b14f205929
225ef9c948ba693e6bc7b49ae5b8460f62dcf7fc,0xd34f2b5e9ee02bed8a107fdf9bda2d866dc61c95,0xda339a654c3a15b29ca146cf383983f1d5685fd820fca25c3ce8ba117c7c98d0,100634818442811231863600646891515451405001078873382648630445983294808209799549,BUY,0.96,91.0,87.36,1781540376,Over,0,Spain vs. Cabo Verde: O/U 0.5,fifwc-esp-cvi-2026-06-15-more-markets,0x146a88606dea390523bbaf6815d8a498435b1a27ebba8ee9f0ccedd613a2585c
1e13b23868792b391685de230be820d4fff7d73f,0xd34f2b5e9ee02bed8a107fdf9bda2d866dc61c95,0xda339a654c3a15b29ca146cf383983f1d5685fd820fca25c3ce8ba117c7c98d0,100634818442811231863600646891515451405001078873382648630445983294808209799549,BUY,0.96,87.0,83.52,1781540391,Over,0,Spain vs. Cabo Verde: O/U 0.5,fifwc-esp-cvi-2026-06-15-more-markets,0xc191db8991c4c31102858d7e91758ac0cf9107cac5465d0d5490589388f5bc9b
2dad8de6e5eab1077154bcc2e9c20713ed029958,0xd34f2b5e9ee02bed8a107fdf9bda2d866dc61c95,0x147bb41f5eb2f6cfbb377bd4d72876b0df95e0a85ad52eff50241b90d0032f76,79443909223103232693987440884006010707969322514164612725810591683869451954261,BUY,0.996,200.0,199.2,1781554071,Under,1,Belgium vs. Egypt: O/U 6.5,fifwc-bel-egy-2026-06-15-more-markets,0x90d0d24e785bf2fcc54838f958cba2240321a936604ff9e3415fc792e420ac7a
0b07ef37129f720bb787c605164ed6e8b1045cbb,0xd34f2b5e9ee02bed8a107fdf9bda2d866dc61c95,0x053d22e12bfe8dd73b12fc1cf89858ecc0de76aede10fea3eca5c7877d8db40c,71644971566711936926997892102006099744330795022096955899392137437130082074610,BUY,0.986,2000.0,1972.0,1781554161,No,1,"Israel x Hezbollah permanent peace deal by June 15, 2026?",israel-x-hezbollah-permanent-peace-deal-by,0x121c8ee7268c7e2ce0f78c71718c23004fa30a3b197d34f10351d74f7bdc13d8
20b13499372cf49751b7c9c557d9bcc46c6ea2f3,0xd34f2b5e9ee02bed8a107fdf9bda2d866dc61c95,0x053d22e12bfe8dd73b12fc1cf89858ecc0de76aede10fea3eca5c7877d8db40c,71644971566711936926997892102006099744330795022096955899392137437130082074610,BUY,0.987,1043.36,1029.79632,1781554197,No,1,"Israel x Hezbollah permanent peace deal by June 15, 2026?",israel-x-hezbollah-permanent-peace-deal-by,0x95dd62b0c6fa36042ec496347878195e896b3c6b3d035a1eaee5646c4563fb34
2afdb2240579726b9eb814cb182c2957eb379656,0xd34f2b5e9ee02bed8a107fdf9bda2d866dc61c95,0x053d22e12bfe8dd73b12fc1cf89858ecc0de76aede10fea3eca5c7877d8db40c,71644971566711936926997892102006099744330795022096955899392137437130082074610,BUY,0.988,6205.0,6130.54,1781554344,No,1,"Israel x Hezbollah permanent peace deal by June 15, 2026?",israel-x-hezbollah-permanent-peace-deal-by,0x183fbbdef768dda4733f921d5fdf8da57439c83adaa4dbd98a6dea6691e41c0d
de08482723c9e5fff7212178c97c6c8745a6b017,0xd34f2b5e9ee02bed8a107fdf9bda2d866dc61c95,0x053d22e12bfe8dd73b12fc1cf89858ecc0de76aede10fea3eca5c7877d8db40c,71644971566711936926997892102006099744330795022096955899392137437130082074610,BUY,0.989,2000.0,1978.0,1781554491,No,1,"Israel x Hezbollah permanent peace deal by June 15, 2026?",israel-x-hezbollah-permanent-peace-deal-by,0xf680ad1466e26ed347bf087852df51002419c8b94644905ed24bb73d7ebd089e
46274c084b25fb9a7ab647983f2441d3941ac11d,0x91327ef84dca65ca90eea309c5d455daee4b8256,0xde04b189b3f19eaccda02529a3ea67abfc46bff5c0c8fc42d8a2d0ed7b8f0d41,30767812841387255642892182147223249245545002662653079696958384408588201824258,BUY,0.996,1001.64,997.63344,1781652218,Yes,0,Will there be no change in Fed interest rates after the June 2026 meeting?,fed-decision-in-june-825,0x5d630bcede6bf3415452c7ee1b9ee7e4faed1a87e3896d00b8d1a574201f2199
5874e25ff2dfa80ecf7d6840a703f220739d2e92,0xd34f2b5e9ee02bed8a107fdf9bda2d866dc61c95,0x053d22e12bfe8dd73b12fc1cf89858ecc0de76aede10fea3eca5c7877d8db40c,71644971566711936926997892102006099744330795022096955899392137437130082074610,SELL,0.99,13303.36,13170.3264,1781707490,No,1,"Israel x Hezbollah permanent peace deal by June 15, 2026?",israel-x-hezbollah-permanent-peace-deal-by,0xc9ad9214e5dbed8e92e6cc436a693f45933e232dd55d3421126a7564fd04631f
33c9c0fa810d7cf60412ca403f7541f7d2b52eb6,0xd34f2b5e9ee02bed8a107fdf9bda2d866dc61c95,0xd08497432c1651c6bf606fbc1e66a6b76b1d93ff97c11b19c23f703f2e036cb9,63102835540811946912342767264582446046043621632343683335389255203881664958726,BUY,0.979,765.12,749.05248,1781708528,No,1,"Will the price of Bitcoin be above $66,000 on June 17?",bitcoin-above-on-june-17-2026,0xe5969d963ae4bf743049607781f879cc4d8520101d0cbd91b46312ffd0e28f5a
52466918e672ead1c1deafbc0bff13e21b12ced3,0xd34f2b5e9ee02bed8a107fdf9bda2d866dc61c95,0xd08497432c1651c6bf606fbc1e66a6b76b1d93ff97c11b19c23f703f2e036cb9,63102835540811946912342767264582446046043621632343683335389255203881664958726,BUY,0.978,445.0,435.21,1781708540,No,1,"Will the price of Bitcoin be above $66,000 on June 17?",bitcoin-above-on-june-17-2026,0x77a18ff2f5b9644bedc5808c598bac311d70f5312fa779a26d2c6aa0ecdd0c54
9f509f928324e8706145eec6a145944eab356e4a,0xd34f2b5e9ee02bed8a107fdf9bda2d866dc61c95,0xd08497432c1651c6bf606fbc1e66a6b76b1d93ff97c11b19c23f703f2e036cb9,63102835540811946912342767264582446046043621632343683335389255203881664958726,BUY,0.977,380.0,371.26,1781708551,No,1,"Will the price of Bitcoin be above $66,000 on June 17?",bitcoin-above-on-june-17-2026,0xd89a5de83ebe9d50f4845cf03f04daecae2e6ba0c685f88ec8532e0cf53f6b06
711171a07994935a6cc7a1e99816b5101f817d10,0xd34f2b5e9ee02bed8a107fdf9bda2d866dc61c95,0xd08497432c1651c6bf606fbc1e66a6b76b1d93ff97c11b19c23f703f2e036cb9,63102835540811946912342767264582446046043621632343683335389255203881664958726,BUY,0.996,31.8,31.672800000000002,1781711764,No,1,"Will the price of Bitcoin be above $66,000 on June 17?",bitcoin-above-on-june-17-2026,0x2ede125cbc671e10c5d32711f68ef318f2b3f8b8a7a24fafa5bf3deaf73593cc
2fc3612adb866a0f281c67710b36eeae6c40bc70,0xd34f2b5e9ee02bed8a107fdf9bda2d866dc61c95,0xd08497432c1651c6bf606fbc1e66a6b76b1d93ff97c11b19c23f703f2e036cb9,63102835540811946912342767264582446046043621632343683335389255203881664958726,BUY,0.999,1158.99,1157.83101,1781711953,No,1,"Will the price of Bitcoin be above $66,000 on June 17?",bitcoin-above-on-june-17-2026,0xa17ac0ebdedfd473ca9929398faf04efa9d6c06af92e03200e15439821dd3353
f6eb4e2d78def54cb81d76e75f31293b56253cd3,0xd34f2b5e9ee02bed8a107fdf9bda2d866dc61c95,0x4ca004770f58e5ad56b47fa336c5a2b6ca823893262478fa76ca01b878cdf8ce,70700665791510307876820826288681177672834320656431944460337608039522009126358,BUY,0.981,3291.4,3228.8634,1781720980,Under,1,Portugal vs. DR Congo: O/U 5.5,fifwc-prt-cdr-2026-06-17-more-markets,0x62068ebc5cf51f06a8b211023ab848e1f8be4d3acb6ba14d005ff5f86f1d0129
207e549212ee800a7bd15388ead7b2a7e5e268ed,0xd34f2b5e9ee02bed8a107fdf9bda2d866dc61c95,0x4ca004770f58e5ad56b47fa336c5a2b6ca823893262478fa76ca01b878cdf8ce,70700665791510307876820826288681177672834320656431944460337608039522009126358,BUY,0.99,1145.23,1133.7777,1781721356,Under,1,Portugal vs. DR Congo: O/U 5.5,fifwc-prt-cdr-2026-06-17-more-markets,0x3542c7c55028a0f6b0dc69e54032f7930041b887ab2fe816f26ae8edf6644b77
8808581dbb07d726f482b9d8018168dc31fb5ecc,0xd34f2b5e9ee02bed8a107fdf9bda2d866dc61c95,0x6dac370ddda9f263cab2828c770c4c9daf1da8f3a8e8aa7d4fc0d68ec4465aae,9914484109914223190597758777920060619456339646040012220154311895366389500626,BUY,0.994,88.75,88.2175,1781722168,Under,1,Portugal vs. DR Congo: O/U 4.5,fifwc-prt-cdr-2026-06-17-more-markets,0x81760b591b0572ffd61856b933ad76a014ec3f4fdf5540cf9e72e1ae3681086b
c7e79ebdb8af58e84095928978dcf012b1c1297b,0xd34f2b5e9ee02bed8a107fdf9bda2d866dc61c95,0x448504170dd2c04a3ab5e286c14ba69127ed3af5e66f2e370d43f4779363dd3e,82106109460811053122326616839704488091114393662904627212402415463451326141811,BUY,0.996,477.9,475.98839999999996,1781816141,No,1,Will Claude Fable 5 be restored for US customers by June 18?,claude-fable-5-restored-for-us-customers-by-20260613193753196,0x8c34d6f585a5c27a6380f649be162eed68e949dd80a72e96f173ca02fc0a6479
47a58df149e97a6f86d83973e42c2a9f26407d7c,0xd34f2b5e9ee02bed8a107fdf9bda2d866dc61c95,0xda0942c24022d86ddaadd3a3813eb12a031a7d1630f586d1d9d15762fcc29775,103336536827418149985039237469803174073620760457438615085722309724814566418562,BUY,0.998,987.99,986.01402,1781826676,Under,1,Canada vs. Qatar: O/U 8.5,fifwc-can-qat-2026-06-18-more-markets,0x499a9b740bd2db14e563aa1d941bb7c48b503538fdfea62697ca2897cd385c60
b8f1cd1bbdd9acddf4dd4bdee098f12b2a8ba027,0xd34f2b5e9ee02bed8a107fdf9bda2d866dc61c95,0xda0942c24022d86ddaadd3a3813eb12a031a7d1630f586d1d9d15762fcc29775,103336536827418149985039237469803174073620760457438615085722309724814566418562,BUY,0.9950049948,2010.040159,1999.9999979535862,1781826955,Under,1,Canada vs. Qatar: O/U 8.5,fifwc-can-qat-2026-06-18-more-markets,0x7dae8099234ad0645705c118afa0545288afac08d9c0e2a712b3cec9db6dbf5e
c1dc2c1c5ba788adc497f740907d130e35e9ea22,0xd34f2b5e9ee02bed8a107fdf9bda2d866dc61c95,0xda0942c24022d86ddaadd3a3813eb12a031a7d1630f586d1d9d15762fcc29775,103336536827418149985039237469803174073620760457438615085722309724814566418562,BUY,0.995,2923.0,2908.3849999999998,1781826971,Under,1,Canada vs. Qatar: O/U 8.5,fifwc-can-qat-2026-06-18-more-markets,0xe17af948fa9495d091a97e74064d34ef30b943189089f9f95febc924bdb2d5c6
19155707c9076cf34e77c5cbb5be22a6ec7532ed,0x91327ef84dca65ca90eea309c5d455daee4b8256,0xa0b56d7e621c7cbcfa47fe1a9c24f3409e189180fd6bda55b7a8113129839afc,52131203329998207510016525064140580388668921672474814275063839342530145683684,BUY,0.996,1004.5,1000.482,1781955178,No,1,"Will China invade Taiwan by June 30, 2026?",will-china-invade-taiwan-by-june-30-2026,0x162ceb7ae4a3ec7690cec50364395fabe4705ff278ee519f098893f04bc83a48
dc7efa29d4f1314ed4c3e1a6b0f075e538d9f8cc,0xd34f2b5e9ee02bed8a107fdf9bda2d866dc61c95,0xf93d4a022239e088de83963f667b0e7de8f4e47573d39ce78185a78e5de19383,87836743308333436917827878365837975414232347039734951470358939341868204272568,BUY,0.997,10.0,9.97,1782096328,Under,1,New Zealand vs. Egypt: O/U 6.5,fifwc-nzl-egy-2026-06-21-more-markets,0x2abd11f0073612b83fd499e369383d844b1e9a7185944bc6be2ca3a941c5f58c
2ea2a353e6cd0689c27d9887663ecb9a3695c11d,0xd34f2b5e9ee02bed8a107fdf9bda2d866dc61c95,0xe9c311104b2de40b3c389b72b637d194eaaacfb0e7cfa147774e105e35cf50ea,66185395112150028917415951605247386049205860706490479446216009332597815899970,BUY,0.99,392.08,388.1592,1782154321,Under,1,Argentina vs. Austria: Argentina O/U 2.5,fifwc-arg-aut-2026-06-22-more-markets,0x50301cad424b7083fb42aa085c6098d7b830fefe88111beb9db3903bbe817cea
69228023b4c4fb31bb0a6038274398ee25dfcb23,0xd34f2b5e9ee02bed8a107fdf9bda2d866dc61c95,0xe9c311104b2de40b3c389b72b637d194eaaacfb0e7cfa147774e105e35cf50ea,66185395112150028917415951605247386049205860706490479446216009332597815899970,BUY,0.99,50.0,49.5,1782154850,Under,1,Argentina vs. Austria: Argentina O/U 2.5,fifwc-arg-aut-2026-06-22-more-markets,0xd4a29faf2aaa6de930814018739c906fdc62f83f785dbe6e2970aff6810208f5
33e5e08b5230f2886dbb2ba401c935c47be98041,0xcfeaa2e026b2d5e92d76c5925be6f41834c3cba7,0x12d1f08c93c4272c0447b5aebfabc3b4901588615128d6d91d0e04a1e7031d3a,5467804207627746074350058171231007317885135080773444922118194143589586991853,BUY,0.943,420.0,396.06,1782195860,No,1,Will the U.S. invade Colombia in 2026?,will-the-us-invade-colombia-in-2026,0xa591032c131b7a8b4b2c282cb74a5d2ad22177cbed29c580733774e3a302d882
04943918caf2dd8760cfdfd97cb8ccdb46a2e5f2,0xcfeaa2e026b2d5e92d76c5925be6f41834c3cba7,0x5c1026484212715ce3d50f044d4241a30e1db42e0cbd0c6d29874f35e7e96a1d,42900422779260485688055362682800134925379281364835372574170403172111580432445,BUY,0.9,440.0,396.0,1782201377,No,1,Will a country leave BRICS in 2026?,will-a-country-leave-brics-in-2026,0x1b854dc4619c8ef456c5b36ab5c10aa8cf52a3b4409ab73b4dc1f6dc0049c81b
437896b5458b307a81e9d0f4b7e49caf3b427af5,0xd34f2b5e9ee02bed8a107fdf9bda2d866dc61c95,0x0320816d8c42427e1a80cd91735a12621bc3a935fa8aaf5529a948d136474ee1,69225526190943150784076716800028792259803276591302906002963428768114960951149,BUY,0.993,445.0,441.885,1782222637,Yes,0,"Will the price of Bitcoin be above $60,000 on June 23?",bitcoin-above-on-june-23-2026,0xbd036ed20912e1e9913eae7f718defbb03134d5735ffa0193a18f2b731a47443
e9407376f12f94c3dfbf1dcaddf202336dbbd8b2,0xd34f2b5e9ee02bed8a107fdf9bda2d866dc61c95,0x9bd9b6eff9a02583de0e821ff13ed865b4c3e60aeec87b396b974e9b216648ea,66273481836951520809372912283494426678851202043402461959278416348048698939714,BUY,0.988,15.0,14.82,1782222907,No,1,"Will the price of Bitcoin be above $64,000 on June 23?",bitcoin-above-on-june-23-2026,0xc760bd2190ae50a44e85643325a0c3174d1f67cd40b8681f1d1cce4b205cbe19
20badd31aec5d3787a1474fa3aa10c04a2785717,0xd34f2b5e9ee02bed8a107fdf9bda2d866dc61c95,0x9bd9b6eff9a02583de0e821ff13ed865b4c3e60aeec87b396b974e9b216648ea,66273481836951520809372912283494426678851202043402461959278416348048698939714,BUY,0.9881477105,677.0,668.9760000085,1782223508,No,1,"Will the price of Bitcoin be above $64,000 on June 23?",bitcoin-above-on-june-23-2026,0x5739775dc8bfdb8d90cc9f492f4cf87e22bd2f18bcfe58e1c26c0bce10ba5916
e53be4e0b70107c3f790a4e3ec3da4ab54c4fc14,0xd34f2b5e9ee02bed8a107fdf9bda2d866dc61c95,0x9bd9b6eff9a02583de0e821ff13ed865b4c3e60aeec87b396b974e9b216648ea,66273481836951520809372912283494426678851202043402461959278416348048698939714,BUY,0.996,160.99,160.34604000000002,1782226469,No,1,"Will the price of Bitcoin be above $64,000 on June 23?",bitcoin-above-on-june-23-2026,0x4e656df077d72c31cb0ca17d4bc1a376914579833697b3deffa3c2f503611096
c95e7dad09c0a45e42461bfca46c3c30de13bb11,0xd34f2b5e9ee02bed8a107fdf9bda2d866dc61c95,0x9bd9b6eff9a02583de0e821ff13ed865b4c3e60aeec87b396b974e9b216648ea,66273481836951520809372912283494426678851202043402461959278416348048698939714,BUY,0.997,1645.0,1640.065,1782227471,No,1,"Will the price of Bitcoin be above $64,000 on June 23?",bitcoin-above-on-june-23-2026,0x451073aa2196b90d835b484037a12296b1a4b806054bf7bf0532e6ad8b19ce25
d85ffe17bae1c368048c14e0835b12f1f5d30a0e,0xd34f2b5e9ee02bed8a107fdf9bda2d866dc61c95,0x0320816d8c42427e1a80cd91735a12621bc3a935fa8aaf5529a948d136474ee1,69225526190943150784076716800028792259803276591302906002963428768114960951149,BUY,0.999,1363.62,1362.2563799999998,1782227539,Yes,0,"Will the price of Bitcoin be above $60,000 on June 23?",bitcoin-above-on-june-23-2026,0xad6c1b8f0885abb13c65f0b32bc21e374d9c05805540ea182e4a17e27c28d1bb
8444696c9c0ca503866eadf26ae85246df1c5b40,0xd34f2b5e9ee02bed8a107fdf9bda2d866dc61c95,0x9bd9b6eff9a02583de0e821ff13ed865b4c3e60aeec87b396b974e9b216648ea,66273481836951520809372912283494426678851202043402461959278416348048698939714,BUY,0.998,2898.43,2892.63314,1782227789,No,1,"Will the price of Bitcoin be above $64,000 on June 23?",bitcoin-above-on-june-23-2026,0x1d74cbb2ea9ef2e66bbc55f95c20037bffd94946fa4164cd83df7508cfb901db
5c7aec613e5b82c55c43deb2228d9bf1b159e3e5,0xd34f2b5e9ee02bed8a107fdf9bda2d866dc61c95,0x9bd9b6eff9a02583de0e821ff13ed865b4c3e60aeec87b396b974e9b216648ea,66273481836951520809372912283494426678851202043402461959278416348048698939714,BUY,0.998,1200.0,1197.6,1782227803,No,1,"Will the price of Bitcoin be above $64,000 on June 23?",bitcoin-above-on-june-23-2026,0x6df4078b9c19a884df0dcfa0268088bdf7f370057b433bdf940d7dcc4b9d0414
89028ff06afafb45c4fefded791beb9480f8bf18,0xd34f2b5e9ee02bed8a107fdf9bda2d866dc61c95,0xceadace316210f72614ddf942b2ee818cf9a20adbd309ab80664223c83fbf9fe,78483213880612258965397238649495866791061269825960836670789363909211181732422,BUY,0.998,10.0,9.98,1782256703,Under,1,Panama vs. Croatia: O/U 8.5,fifwc-pan-hrv-2026-06-23-more-markets,0xa4636909964951a888dcb1bfd6a96ff3c36417e7e11d628837f565c4c9437f71
e94a7bd658b920c1929ba867f5261cfae9abcd78,0xd34f2b5e9ee02bed8a107fdf9bda2d866dc61c95,0x6bb8865a3ef065c4acced983819446d919dcb1bb7ba590ee856e2536a3fa3a44,115666843914851238525763050722424776184132133467763625092894753538891604624104,BUY,0.999,7.91,7.90209,1782273260,Under,1,Colombia vs. DR Congo: Colombia O/U 2.5,fifwc-col-cdr-2026-06-23-more-markets,0x485ad3e42eb46092ca6cbed6ca56f3299cd9c36112b1257c473a826fa8a5b7ae
fc5c8bbb940d74e3c4869c77287799c9c697787c,0xd34f2b5e9ee02bed8a107fdf9bda2d866dc61c95,0xab3f153316654c7d3f8ab95a1542014fe17cf3299890be732bb5cf9bc28920fa,12466665288067381090728644514809390901659305778335579960974684756119530949158,BUY,0.995,200.0,199.0,1782273271,Under,1,Colombia vs. DR Congo: O/U 2.5,fifwc-col-cdr-2026-06-23-more-markets,0xdfd692ebee8e5d16af22793623b10c418b5799be228481c49b1ddc3dfe64d110
e3ab253e771a01a919ac88420d331520cee0be9e,0xd34f2b5e9ee02bed8a107fdf9bda2d866dc61c95,0xab3f153316654c7d3f8ab95a1542014fe17cf3299890be732bb5cf9bc28920fa,12466665288067381090728644514809390901659305778335579960974684756119530949158,BUY,0.999,48.27,48.22173,1782273293,Under,1,Colombia vs. DR Congo: O/U 2.5,fifwc-col-cdr-2026-06-23-more-markets,0x8492f0b33565290e5abc06d15908c86bd3a313591478b79ec73e93fd7937f3c2
b9e1bcfd330dd641f26a8546651fbd79715eb78f,0xd34f2b5e9ee02bed8a107fdf9bda2d866dc61c95,0x89d1502be6b599035b15334ae9fd7f3ca921ee4d735239f748ec8272e4c444fa,106387768290198926081402641541906694221723174839055336543313481714457166393456,BUY,0.997,2414.38,2407.13686,1782315007,No,1,"Will the price of Bitcoin be above $62,000 on June 24?",bitcoin-above-on-june-24-2026,0x49f054c824842cdde345bb6855cd7838fbbde216868bf5bfe600f793b129f847
0e7da0d5a803c962f5a9989da2a94bb2b14d1368,0xd34f2b5e9ee02bed8a107fdf9bda2d866dc61c95,0x89d1502be6b599035b15334ae9fd7f3ca921ee4d735239f748ec8272e4c444fa,106387768290198926081402641541906694221723174839055336543313481714457166393456,BUY,0.999,7.0,6.993,1782315823,No,1,"Will the price of Bitcoin be above $62,000 on June 24?",bitcoin-above-on-june-24-2026,0x9824e8794d68cb910f510244d6c9a46a9ca2442f1e283bd3df8a260622d90f14
6acd80f963e556565a9d5ceff6175bccef01d81b,0xd34f2b5e9ee02bed8a107fdf9bda2d866dc61c95,0xf801aea2312de8ecdd363751f8f5f7fe601b926c10706b81fbf5b898cded6964,97885937015302607166898233623765289215733635552701941244546420875072022723448,BUY,0.989,100.0,98.9,1782330434,Under,1,Bosnia-Herzegovina vs. Qatar: O/U 8.5,fifwc-bih-qat-2026-06-24-more-markets,0xc60698bf2257e495af4960771b553f34305e1513c84cbdd6e6ac70c06c70aba8
72c5d65da0eaf59b8121408b4aa59d7276fb004f,0xd34f2b5e9ee02bed8a107fdf9bda2d866dc61c95,0x1f5cd4d1a23c11229b2781303dd39fb60ec6ee369dd173cedef8a7f7a1a27298,67466148034529849001749283892995420841255740280965377423907471965663421834164,BUY,0.999,11804.54,11792.735460000002,1782355823,Yes,0,Will Mexico win on 2026-06-24?,fifwc-cze-mex-2026-06-24,0x1cfd7c463adb30aab86f82e904536015727193de324e1f867708646852f7c226
95f7cda72af8da650197e22db9b62db7d07b34ba,0xd34f2b5e9ee02bed8a107fdf9bda2d866dc61c95,0x125b53cf29181ba1ccf31ce23500718c5a3b46093269a42682aa148c63b77f6d,49308887664208045624814182237678321380925426202474669565524224754775672758596,BUY,0.995,186.1,185.1695,1782397747,Yes,0,"Will the price of Bitcoin be above $56,000 on June 25?",bitcoin-above-on-june-25-2026,0xf5938f8e760dd5f277ee4ff69cc9242e19b676f852d12ad5eff2f9de3add2a53
37f724ad7fc203c376b833bd55f128f002556299,0xd34f2b5e9ee02bed8a107fdf9bda2d866dc61c95,0xc422b24fb7256b3d4a93da468db4a3e613f674f990f993d9078a02a5a422fa6a,43668344182430996190213416686290004330190936636985823007798310714655733786827,BUY,0.988,1000.0,988.0,1782397813,No,1,"Will the price of Bitcoin be above $62,000 on June 25?",bitcoin-above-on-june-25-2026,0x8d65ee193ae1c2144e745d76f6cc56ab8cb445ad7ce36f21002750712f98db13
27499d9d8182e9e54cfe52a846814def6e41fabd,0xd34f2b5e9ee02bed8a107fdf9bda2d866dc61c95,0xc422b24fb7256b3d4a93da468db4a3e613f674f990f993d9078a02a5a422fa6a,43668344182430996190213416686290004330190936636985823007798310714655733786827,BUY,0.99,558.77,553.1822999999999,1782398816,No,1,"Will the price of Bitcoin be above $62,000 on June 25?",bitcoin-above-on-june-25-2026,0xd66c0825ae97c2d136bf31dd1b314a9140cf147d5995f34e6c117c1951cbeef3
1363e406dd58ab205574fc45205d0bf08cb87803,0xd34f2b5e9ee02bed8a107fdf9bda2d866dc61c95,0xc422b24fb7256b3d4a93da468db4a3e613f674f990f993d9078a02a5a422fa6a,43668344182430996190213416686290004330190936636985823007798310714655733786827,BUY,0.993,2467.0,2449.7309999999998,1782398929,No,1,"Will the price of Bitcoin be above $62,000 on June 25?",bitcoin-above-on-june-25-2026,0x8707d2b729f0c0d9729a79c61a81038cbc39948e1308ea15e8e21ba6fb88047a
f5be1d6301927e876b42f0ba4409100a891adfe8,0xd34f2b5e9ee02bed8a107fdf9bda2d866dc61c95,0xcccbc0d6962389ab299496edeab08b4e3f3e84e4e5e25bf6c1b1224b0e5d8b4b,51038942373585374148575518191201946263997834958509493440368878271182913086453,BUY,0.969,100.0,96.89999999999999,1782398974,Yes,0,"Will the price of Bitcoin be above $58,000 on June 25?",bitcoin-above-on-june-25-2026,0xf1d5a77e2f4f78b9b9bac59b99c301370cafeea55878162b180e810d5f4ca233
792f48cf71e59dc3ff79c0ee76829998e3f4c26c,0xd34f2b5e9ee02bed8a107fdf9bda2d866dc61c95,0xcccbc0d6962389ab299496edeab08b4e3f3e84e4e5e25bf6c1b1224b0e5d8b4b,51038942373585374148575518191201946263997834958509493440368878271182913086453,BUY,0.984,494.11,486.20424,1782401560,Yes,0,"Will the price of Bitcoin be above $58,000 on June 25?",bitcoin-above-on-june-25-2026,0x9e98da15aa8e8c39e5eefb640040ffb115d008ecde728ddc129612361742a149
88c2cc8eac4fe90ed5494850bfefe0732fe7b075,0xd34f2b5e9ee02bed8a107fdf9bda2d866dc61c95,0xcccbc0d6962389ab299496edeab08b4e3f3e84e4e5e25bf6c1b1224b0e5d8b4b,51038942373585374148575518191201946263997834958509493440368878271182913086453,BUY,0.995,200.0,199.0,1782402215,Yes,0,"Will the price of Bitcoin be above $58,000 on June 25?",bitcoin-above-on-june-25-2026,0xd12bf62a69a8985fe6a18536aa1b415e8da38c8d953e0ba201e74636c0c153e1
505b68d35088ba68d2bece44c6e6d3e34be80766,0xd34f2b5e9ee02bed8a107fdf9bda2d866dc61c95,0xcccbc0d6962389ab299496edeab08b4e3f3e84e4e5e25bf6c1b1224b0e5d8b4b,51038942373585374148575518191201946263997834958509493440368878271182913086453,BUY,0.998,3000.0,2994.0,1782402551,Yes,0,"Will the price of Bitcoin be above $58,000 on June 25?",bitcoin-above-on-june-25-2026,0xcd53f9a9486162004f7451f66aae5a6a39062ebb9c8f891650ea8eb4837d72c8
0fe5960e6877db2b8ab504085d62154c735ca62a,0xd34f2b5e9ee02bed8a107fdf9bda2d866dc61c95,0xf29a0b1963077209946829f7270b4fd77d7e5040a2fbc873a1c91e0569f4d625,35501795735405354962605115729503281453059217268511227004079844577072900192154,BUY,0.989,2000.0,1978.0,1782423818,Under,1,Ecuador vs. Germany: O/U 5.5,fifwc-ecu-ger-2026-06-25-more-markets,0x05406b509ee0d0a4feeecf2263108cb44dd28df4d823a3708945509a4c6f6136
b0fdce0455dfed5b3e79461b689bca1a3e7566df,0xd34f2b5e9ee02bed8a107fdf9bda2d866dc61c95,0x850552f50936ab5538988b385803dbe3f8ed3d266b836fc588e618f2df40189d,94902544787787819663997319047541528462040019845173199057949132541193992703478,BUY,0.99,2259.91,2237.3109,1782423838,Under,1,Curaçao vs. Côte d'Ivoire: O/U 4.5,fifwc-kor-civ-2026-06-25-more-markets,0xa4eb1d8f1dc98769fbc9638eb8feacb34b7ede125724c2169259aa10c6a417e5
9b8ca65b11a325b13ff1806cc0b9bce7dce34600,0xd34f2b5e9ee02bed8a107fdf9bda2d866dc61c95,0x71f6be73436e9e3b79dec665ec99af4f6f5ab3a1f7de42b8365f955bb2cd4034,111012189295789501373767119776109142700305755335521744476191502404845002464754,BUY,0.995,38.0,37.81,1782434015,Under,1,Japan vs. Sweden: O/U 5.5,fifwc-jpn-swe-2026-06-25-more-markets,0x6bfdeaea2c2687bd9e788caa9bf8a08928be0e086b8d53eebafdee48cf38f67f
300376198d8c6fa3d892efa85d511a199a9b0d21,0xd34f2b5e9ee02bed8a107fdf9bda2d866dc61c95,0xcddb92561696c095e549a9b6c0c719e16596511f6cc370a8eecf615b643db6c6,78775020489526251691914401036664738516322401658716804430882628072579302391313,BUY,0.99,1092.34,1081.4166,1782434048,Under,1,Tunisia vs. Netherlands: O/U 7.5,fifwc-tun-nld-2026-06-25-more-markets,0x1d97f6f669dda985988ae74f5465de809bbdcfeaf5a14c898ff352d643c29fe5
f6705e7ae1cf6b93c29533d0076ed41a778ac162,0xd34f2b5e9ee02bed8a107fdf9bda2d866dc61c95,0xf550655ec013b447744b6d5f16e93853c9c59f534b0b3302c3f2a8d701849bc2,73858713844991310645782803337334091894222900070904382987808886157217791838138,BUY,0.999,823.82,822.9961800000001,1782487247,Yes,0,"Will the price of Bitcoin be above $56,000 on June 26?",bitcoin-above-on-june-26-2026,0x4c8ea2c4736044db40cc17e9879709cf9c2c538e9c3ea652e8ad8dc94a4732db
5d3a4e7c5c60f818640abd24b76a24d4c535109d,0xd34f2b5e9ee02bed8a107fdf9bda2d866dc61c95,0x9307ab5dd302fef8484dcdd6f4a72d4b31bb39a7ef64ee2663564c68a8cf23b1,72144965464196538984673940276822300782997442909076793373935543188171738423362,BUY,0.999,92.22,92.12778,1782488686,No,1,"Will the price of Bitcoin be above $62,000 on June 26?",bitcoin-above-on-june-26-2026,0x88577b027c5254aa06bff2475545a916395e3f475f116bd8e6a825be1f2e793e
9ecd610ad45c595a6821d5256226e3015266bbd3,0xd34f2b5e9ee02bed8a107fdf9bda2d866dc61c95,0xff78bad30c99e8eed16b577a70b9fcfe69b83d1c838f238d3f84dcd3d2c94701,52472298363004668794598080911083049788694136003657179452761762091351614449151,BUY,0.984,97.02,95.46768,1782490351,Yes,0,"US forces in Venezuela again by June 30, 2026?",us-forces-in-venezuela-again-by,0xf1db77d87f541216d99f5d54ab089b19926faee9832a6b9621a8ef1c5e54f041
3010f599220c5e6d2cbc2dbbe16597344ab5c0f5,0xd34f2b5e9ee02bed8a107fdf9bda2d866dc61c95,0xff78bad30c99e8eed16b577a70b9fcfe69b83d1c838f238d3f84dcd3d2c94701,52472298363004668794598080911083049788694136003657179452761762091351614449151,SELL,0.958,40.0,38.32,1782523060,Yes,0,"US forces in Venezuela again by June 30, 2026?",us-forces-in-venezuela-again-by,0x6a15e55cebe1b106c5838bfc8ee58f6b071dc5008162288cc6356b4a057d8c3b
78de2f102f5164ee936dabe1afdd1ac56e3eae79,0xd34f2b5e9ee02bed8a107fdf9bda2d866dc61c95,0x3d3972cdf6d1ba955b39d46b07db8d358fefb2fbe9a62608bce1710527b90572,100786654652744557959535752953064981373589873604861953150691822573087768998099,BUY,0.979,1018.0,996.622,1782532426,Under,1,Egypt vs. IR Iran: O/U 5.5,fifwc-egy-irn-2026-06-26-more-markets,0x30df317bae9de4aced1e8e28ed941f153b323f9408d2565918d4d91839798851
82858a8f7706746438c357624fdfa24b6728af07,0x91327ef84dca65ca90eea309c5d455daee4b8256,0x5e464d85eb49f22d876f3ed6168a7db5e2288e9ae1eb91effd2758e994676f86,81470465080656150088482886298356783621062802919110096763062861781139262816347,BUY,0.9769003875,800.0,781.52031,1782706222,No,1,Will the Fed decrease interest rates by 50+ bps after the September 2026 meeting?,fed-decision-in-september-762,0x13a0bf4e015b8c356c86f54b89a9e0febef9ad9bcacd4f6ad495432821757a45
3697d196bd6af155eff7e37b4b310dedaf441f49,0x6274f5f961800af6ddef3d6a362ba12422166907,0x789d388bafe08b6c17fefb96ec7ebadc6e997e0883eae5e4918354218e6dd52d,70374885798175961938295622238826554865266822819454956679321035368103730060402,BUY,0.91,357.0,324.87,1782789245,No,1,"US x Cuba economic deal by July 31, 2026?",us-x-cuba-economic-deal-by,0x12ac28f468feb791f09f106f70e0585122502f8fd72ea4fd5d6a4a95d785ccff
6214226eb1cb9e0e38712b16cb780445dfeddd89,0xd34f2b5e9ee02bed8a107fdf9bda2d866dc61c95,0x17c1591393e9bfcaa68c89086af37ffc1b44db673c56c8bebe07480759c6038a,25499259271551893044047014082390012845946547553034217941957396721179121905676,BUY,0.999,13794.0,13780.206,1782884039,No,1,"US-Iran Final Nuclear Deal by June 30, 2026?",us-iran-final-nuclear-deal-by-20260621201254412,0x24cb95d844d19a975b8294bc51c6de57c826fa7820645e2ba9bb9c5a58013a23
37befc6e021714c691dba32a48ef589942fc5a07,0xd34f2b5e9ee02bed8a107fdf9bda2d866dc61c95,0x8e6c5f24da6e0a987c4b5cd73d3b341152ada808416a5d9409393676d821fc6d,7288553409631135405440694284071004723072008876395811168288833417189150478294,BUY,0.996,115.82,115.35672,1782918643,Yes,0,Will Claude Fable 5 be restored for US customers by July 31?,claude-fable-5-restored-for-us-customers-by-20260613193753196,0x6bd1753c8efe4e5f64c885646777e81572355aff3ae95efc02902b414c647e4e
72968e690de07497039aab3206d658475877faef,0xd34f2b5e9ee02bed8a107fdf9bda2d866dc61c95,0x8e6c5f24da6e0a987c4b5cd73d3b341152ada808416a5d9409393676d821fc6d,7288553409631135405440694284071004723072008876395811168288833417189150478294,BUY,0.997,178.1,177.5657,1782918646,Yes,0,Will Claude Fable 5 be restored for US customers by July 31?,claude-fable-5-restored-for-us-customers-by-20260613193753196,0xcefbbb5a64aa298120bd777b45b182161ffb6efbcd476613bb1e99aa55455d4b
65fedeb531cef202bbd4ecaf72320bd30f5446a0,0xd34f2b5e9ee02bed8a107fdf9bda2d866dc61c95,0x6e69ffe8555a7c69a62d42fe0bf22122799d98780a0072e2b040b04d443ce1b2,86776418177946996490366356805510755656204070735707892874861819833535755458281,BUY,0.989,5.0,4.945,1782927386,Under,1,England vs. DR Congo: DR Congo O/U 2.5,fifwc-eng-cdr-2026-07-01-more-markets,0xeaf8a1288a5ebba7e1c80792ed283ba968d9681190b1596a9b0c31e0960c996c
f3be32e7706d303be13579aede44754f34a17826,0xd34f2b5e9ee02bed8a107fdf9bda2d866dc61c95,0x6e69ffe8555a7c69a62d42fe0bf22122799d98780a0072e2b040b04d443ce1b2,86776418177946996490366356805510755656204070735707892874861819833535755458281,BUY,0.996,100.0,99.6,1782927662,Under,1,England vs. DR Congo: DR Congo O/U 2.5,fifwc-eng-cdr-2026-07-01-more-markets,0x82eac8e07cd259920ab30f926be3a917a054a795886a8087d9f00a1c81e1f89e
f12365f1494ee9b32ffc382e22fe092a47f94fcc,0xd34f2b5e9ee02bed8a107fdf9bda2d866dc61c95,0x6e69ffe8555a7c69a62d42fe0bf22122799d98780a0072e2b040b04d443ce1b2,86776418177946996490366356805510755656204070735707892874861819833535755458281,BUY,0.998,989.04,987.06192,1782928370,Under,1,England vs. DR Congo: DR Congo O/U 2.5,fifwc-eng-cdr-2026-07-01-more-markets,0x8bea880921a5d8760bbe2de3bbce805f6793ac4e793b4cbb626f2623354ed71c
c42d1143797af0d15d8f7b86630576e12ee06983,0xd34f2b5e9ee02bed8a107fdf9bda2d866dc61c95,0x6e69ffe8555a7c69a62d42fe0bf22122799d98780a0072e2b040b04d443ce1b2,86776418177946996490366356805510755656204070735707892874861819833535755458281,BUY,0.999,2020.6,2018.5793999999999,1782928429,Under,1,England vs. DR Congo: DR Congo O/U 2.5,fifwc-eng-cdr-2026-07-01-more-markets,0xb61f83f5ffa7e17a9bfb8323b29cc80e78f5850412df77d77136f6d44e713d46
b14f899f8e844cc7f664da4c7a042365f40829e7,0xd34f2b5e9ee02bed8a107fdf9bda2d866dc61c95,0x6c3aace15263739d947b78346d01c6a12be496b70df1d2621161cce59b986c67,21603612668018215785320219218638512236595297246949062041898179028714647193952,BUY,0.989,146.0,144.394,1782928447,Under,1,England vs. DR Congo: O/U 4.5,fifwc-eng-cdr-2026-07-01-more-markets,0xa8f1a60c565619130e1b4330144483dbba8d775de6ceb3852898aaf89dc4dad3
c688a1f4c4b9176e7c87ef4439051ffb5c5cd5a1,0xd34f2b5e9ee02bed8a107fdf9bda2d866dc61c95,0x6c3aace15263739d947b78346d01c6a12be496b70df1d2621161cce59b986c67,21603612668018215785320219218638512236595297246949062041898179028714647193952,BUY,0.989,212.0,209.668,1782928451,Under,1,England vs. DR Congo: O/U 4.5,fifwc-eng-cdr-2026-07-01-more-markets,0x8d4f4fcd9b0dd56be205062d787e08339f35332f08df52e00609b8396605dd47
22e78746fa04d39b3fe8eedd6dbad745a40158b4,0xd34f2b5e9ee02bed8a107fdf9bda2d866dc61c95,0x6c3aace15263739d947b78346d01c6a12be496b70df1d2621161cce59b986c67,21603612668018215785320219218638512236595297246949062041898179028714647193952,BUY,0.987,600.0,592.2,1782928457,Under,1,England vs. DR Congo: O/U 4.5,fifwc-eng-cdr-2026-07-01-more-markets,0x7f4f6a125403c1cd97c9e01c8ea935957e4abeb0dee15a75825587b8b0429442
afa9e9e1530bfa4aaa37c567a6fb914eeec98dfb,0xd34f2b5e9ee02bed8a107fdf9bda2d866dc61c95,0x6c3aace15263739d947b78346d01c6a12be496b70df1d2621161cce59b986c67,21603612668018215785320219218638512236595297246949062041898179028714647193952,BUY,0.986,4348.0,4287.128,1782928466,Under,1,England vs. DR Congo: O/U 4.5,fifwc-eng-cdr-2026-07-01-more-markets,0x7777e64e6ab19888fdaf63dc2cedcb09f76f4827284877aa6dde14b3308afac0
7a1abf39895a09eff6effd55940695554c70fa58,0xd34f2b5e9ee02bed8a107fdf9bda2d866dc61c95,0x6c3aace15263739d947b78346d01c6a12be496b70df1d2621161cce59b986c67,21603612668018215785320219218638512236595297246949062041898179028714647193952,BUY,0.989,174.0,172.08599999999998,1782928487,Under,1,England vs. DR Congo: O/U 4.5,fifwc-eng-cdr-2026-07-01-more-markets,0xba5c285660dc40a65502afec3bd07e02da89e232345a21a6f58543ab0c9f8905
96e1d5e3a97262c7312b2327e0c9c3e839ee6e7b,0xd34f2b5e9ee02bed8a107fdf9bda2d866dc61c95,0x8a620038fd7071878649bbd001fead5ed8663db96bcc2a0465bd3c5abd928b7c,92711858202616288444615977989568207740141249026438841260972244052750152620775,BUY,0.96827896,500.0,484.13948,1782937295,Under,1,Detroit Tigers vs. New York Yankees: O/U 10.5,mlb-det-nyy-2026-07-01,0x3294661fd0dff1f11154147969e9394b1a1f5bc0d0012fc60ab2ba3e236d5c14
51fd5033f8475f9ff6f800d341a0beb13bc20b6c,0xd34f2b5e9ee02bed8a107fdf9bda2d866dc61c95,0x88d77d96e280316c86de534fc39ef6214d36d0884e00bc016adcb064a30cc552,2811704486428638244798502648106248146981810309991105051737836992129914957366,BUY,0.9,291.55,262.39500000000004,1782945277,Yes,0,Belgium vs. Senegal: Will the Match Go to a Penalty Shootout?,fifwc-bel-sen-2026-07-01-more-markets,0x2a9341d51fcc65f7b9b0d29e94c153a2c6ae17e9b1817f6d85cdffd8e54fc645
306436e3fd7adc362a91137bc729466dce25f798,0xd34f2b5e9ee02bed8a107fdf9bda2d866dc61c95,0x0844f49c1d5d5f6b495275c43773434e610db71ebedd053deeede6d1cc6528a5,94225866987960598073319202154931959311043399934540215663489436352430621259311,BUY,0.994,2000.0,1988.0,1782956996,Under,1,United States vs. Bosnia and Herzegovina: O/U 4.5,fifwc-usa-bih-2026-07-01-more-markets,0x906376e00ecf34951698d4f518eb4f372ad26b4f73d2199ba98d15828ecce09c
a6025b8a9f11cadac922967c5c2b1bcf585cdfc2,0x2a17c545d823842cdc8baedb5d61ac4e32aeef0f,0xb55b2b13aee7a480ab0695912a65cb34a5fe5e84d5da810873d9c3e1182f9fd0,93072680587597848124353231527396118393869934555953068321248693141177342449662,SELL,0.03,915.0,27.45,1783045019,Yes,0,Will the Iranian regime fall by September 30?,will-the-iranian-regime-fall-by-september-30-20260629143335077,0x66ee682fa1648453fa637f392ade05d6d1af4d32684869deb5b51929296eb0e4
2c10f9b71f2189abb43d1401de1abfc29c639012,0xd34f2b5e9ee02bed8a107fdf9bda2d866dc61c95,0x7b9788c208863dc23121ce40a72370b4eec3d9fdb98c7d77dcb6d03a75e1c82a,106282147217070697801552393409398147577816623816206590953942420067830723519842,BUY,0.99,1488.26,1473.3774,1783053689,Under,1,Switzerland vs. Algeria: O/U 4.5,fifwc-che-alg-2026-07-02-more-markets,0x42c6c6e9a889dd8ea67b44688fee5ffb5e611d10262d6af84a846c2eb6c00ab4
ce94cbeb2ab16c570a8f2743b60bd150746857c9,0xd34f2b5e9ee02bed8a107fdf9bda2d866dc61c95,0x7b9788c208863dc23121ce40a72370b4eec3d9fdb98c7d77dcb6d03a75e1c82a,106282147217070697801552393409398147577816623816206590953942420067830723519842,BUY,0.9925,332.64,330.1452,1783053694,Under,1,Switzerland vs. Algeria: O/U 4.5,fifwc-che-alg-2026-07-02-more-markets,0xe4e31d77d968dcb92dd7d2dfdfb51c460b1ea9cc308b2f303512af8fab0d1ee1
922a3f743e4508922f9b6c2544ec7a9c0022663f,0x91327ef84dca65ca90eea309c5d455daee4b8256,0xfe6f1dad89e1ffad14c6429e2f50354d78bef4ea94b0444c9b8bb7ef24be7175,13727859623875845595005090657064885280591158091786516620721270589849369886200,BUY,0.984,224.0,220.416,1783082888,No,1,Will Trump pardon SBF by July 31?,will-trump-pardon-sbf-by-july-31-20260608235339562,0xd9a30369b0613712d47681e1fe8812e7304e600b42f7ed2b74ba424edc1dd118
031f786d391a37d6b865648b8ab6a13bdb62e587,0xd34f2b5e9ee02bed8a107fdf9bda2d866dc61c95,0xe4f46acd47c8a8b32f0150aa5ff03b7b488d9ec4cd5d4590fc497f85c2a2bfe1,25740129133524849717468007642673949997002886482367452792252657708010362699247,BUY,0.998,100.0,99.8,1783189114,Under,1,Canada vs. Morocco: O/U 5.5,fifwc-can-mar-2026-07-04-more-markets,0xb589c439cf5966a23805cbb96fb9c82c3dd54671a6790889d372113db6ae7c7c
96d502e3fa74f7df88e83bc70afd4a9894872c25,0xd34f2b5e9ee02bed8a107fdf9bda2d866dc61c95,0x67443cb1ffb2bf180f7df5b6ca7adff63f7e8e933c7e41405ba118f3e9f8befb,69727421603231227453181655442677441322028725849495647325726292556190704508348,BUY,0.999,386.32,385.93368,1783190479,No,1,Will Canada win the 2026 FIFA World Cup?,world-cup-winner,0xf1c3f3ba4944c1d3726c39d564bf8b4a6899e2e2ddec82b24638295703bfd609
e4bf67b5988289a5065a8e110a0579a64fb24d9f,0xd34f2b5e9ee02bed8a107fdf9bda2d866dc61c95,0xb9aeb568d4a29fb7f30ca7b433e928a22c13f9d60f9328ce09709623aa4f0c6b,22574033557479727232684177925599885591442189795867764109586668132624383402779,BUY,0.997,4000.0,3988.0,1783190626,Under,1,Canada vs. Morocco: Canada O/U 2.5,fifwc-can-mar-2026-07-04-more-markets,0x7f589e609720c75897c3f816b6c502bfee0f26925e8168acf513cf4c4f336fc4
1c42b3d3be1d78056ecf64cbbd45730d809f0ebb,0xd34f2b5e9ee02bed8a107fdf9bda2d866dc61c95,0xa003ece19135f2b8758b30c113d052cfc0c07b09e86be2b0c8c01beb47fe0ce3,55991319597665125182916471491631502579824361829744744160986499885057988396993,BUY,0.998,5000.0,4990.0,1783204589,Under,1,Paraguay vs. France: O/U 5.5,fifwc-par-fra-2026-07-04-more-markets,0x166dcd03e52fe4f6d03484a7e3b6633c0f1e2c44c250995c93bd98ccab3d06ca
0454fd11c61a4b5e1493cf52eef15ff0faab6f75,0xd34f2b5e9ee02bed8a107fdf9bda2d866dc61c95,0xa003ece19135f2b8758b30c113d052cfc0c07b09e86be2b0c8c01beb47fe0ce3,55991319597665125182916471491631502579824361829744744160986499885057988396993,BUY,0.998,4453.0,4444.094,1783204627,Under,1,Paraguay vs. France: O/U 5.5,fifwc-par-fra-2026-07-04-more-markets,0x5d14f5b3ae17ee0d9fc29081b1b126b4c866d52910c881996974b1f8c5517075
38b61ed6c130aca4763c67e9237b303024ee243f,0xd34f2b5e9ee02bed8a107fdf9bda2d866dc61c95,0x4070a4bf028d496eae62cb9c88ba3711aa4996a12afc356e966c5dc2a0f26d3c,108742557246130218358899522009127535852693993610353152297301778760398039267970,BUY,0.994,2.64,2.6241600000000003,1783283936,Under,1,Brazil vs. Norway: O/U 6.5,fifwc-bra-nor-2026-07-05-more-markets,0xc6e87480affd07cd0baeec8c157e58664fc291091aceec877c9f009c0d614f4b
196818f8b67f8908c987a24a1fd2f80f2cbd9791,0xd34f2b5e9ee02bed8a107fdf9bda2d866dc61c95,0x3eb59b9bd14d948e83920234cfa03fee2311c4c4427a5c0e41ace09d982a9ad7,5441387920341859284228477369306383277078518813024058764032437191973908452625,BUY,0.994,149.98,149.08012,1783286038,Norway,1,Spread: Brazil (-3.5),fifwc-bra-nor-2026-07-05-more-markets,0x068a49e6ea9866ebd06b97689c061475ad423c25d2a389a11c38f6115dd1aa92
2a2086e58e7228cb1b42d56a464cec996d7dad6f,0xd34f2b5e9ee02bed8a107fdf9bda2d866dc61c95,0x3eb59b9bd14d948e83920234cfa03fee2311c4c4427a5c0e41ace09d982a9ad7,5441387920341859284228477369306383277078518813024058764032437191973908452625,BUY,0.995,1006.04,1001.0097999999999,1783286087,Norway,1,Spread: Brazil (-3.5),fifwc-bra-nor-2026-07-05-more-markets,0xa996f4165e3b5d56e76844ddefa09969aff7f5e8acdac0fd2d482f8f7086133b
67d3496a864d9e1d6a39e709c3edca11b97d561e,0xd34f2b5e9ee02bed8a107fdf9bda2d866dc61c95,0x3eb59b9bd14d948e83920234cfa03fee2311c4c4427a5c0e41ace09d982a9ad7,5441387920341859284228477369306383277078518813024058764032437191973908452625,BUY,0.998,1000.0,998.0,1783286753,Norway,1,Spread: Brazil (-3.5),fifwc-bra-nor-2026-07-05-more-markets,0xc2ee3b67b49a22e2a46dc09d08336f7571c4d8cdead116940e52522fc46fcc91
8eb04cfa0aa6c87ab958da48cd9c7697663201d9,0xd34f2b5e9ee02bed8a107fdf9bda2d866dc61c95,0x3eb59b9bd14d948e83920234cfa03fee2311c4c4427a5c0e41ace09d982a9ad7,5441387920341859284228477369306383277078518813024058764032437191973908452625,BUY,0.998,1000.0,998.0,1783286810,Norway,1,Spread: Brazil (-3.5),fifwc-bra-nor-2026-07-05-more-markets,0x27156d6bfa1e2ccf448b690d90a832a9d8eb4808691ff538091941b443395964
c121c871f7d5ac06a066ca1b04d359c734ce27c8,0xd34f2b5e9ee02bed8a107fdf9bda2d866dc61c95,0x3eb59b9bd14d948e83920234cfa03fee2311c4c4427a5c0e41ace09d982a9ad7,5441387920341859284228477369306383277078518813024058764032437191973908452625,BUY,0.998,1000.0,998.0,1783287112,Norway,1,Spread: Brazil (-3.5),fifwc-bra-nor-2026-07-05-more-markets,0x5a81f86c5634619ec75238081c6322fa8906a9f4b563282e98d22a65cddc3eb9
6491883c1a50feab1ad22c5df4848b7af7d3495b,0xd34f2b5e9ee02bed8a107fdf9bda2d866dc61c95,0x2adcc0b0bd053b4e1f85bed67282c5ef7ff287b1f931ceb0c75d7dbec7a5f9b2,44118985849737704786403817536199475141593447452573257942923461320062601926596,BUY,0.972,228.0,221.61599999999999,1783305308,Mexico,1,Spread: England (-2.5),fifwc-mex-eng-2026-07-05-more-markets,0xda9a3923438ac41838aff2784bc8d033951e12a7fc4530fbdf3774988379c964
ae759c4b836a70b7364f4e96705aa5f1d2ee41f0,0xd34f2b5e9ee02bed8a107fdf9bda2d866dc61c95,0x394e0274aca9b4bcc9f1e30f5d7fe4fc5ca21874d68af5f0ed3373b67010e779,11310932977198492102929629248316496026057018526614999732693877767210359164009,BUY,0.997,941.01,938.18697,1783305481,Mexico,1,Spread: England (-3.5),fifwc-mex-eng-2026-07-05-more-markets,0x53231016165401aa96963a19541972c262ab16a9d5ec8efbbe4f6fbbb3db03f7
d490a5aed265edb878cab3f840162264ddfb1d25,0xd34f2b5e9ee02bed8a107fdf9bda2d866dc61c95,0x2adcc0b0bd053b4e1f85bed67282c5ef7ff287b1f931ceb0c75d7dbec7a5f9b2,44118985849737704786403817536199475141593447452573257942923461320062601926596,BUY,0.978,199.99,195.59022000000002,1783305512,Mexico,1,Spread: England (-2.5),fifwc-mex-eng-2026-07-05-more-markets,0x027accd513d1d9d99300c4900a68a3443123e5a4e865fe110a683a643a1fec5a
0ddf1a1caf6920ea07ec5d931f7c92f31fac99e4,0xd34f2b5e9ee02bed8a107fdf9bda2d866dc61c95,0x43f1404d5230f1b925f3a7a5bd779c11ecccf9105aff9b22c337b83630c33417,1233424804878739626680538643861947895049546312488684818171809341210685481681,BUY,0.993,1116.51,1108.69443,1783436020,Yes,0,"Will the price of Bitcoin be above $62,000 on July 7?",bitcoin-above-on-july-7-2026,0x1dc4ecdf12be2d275eb59bacf318c62e0362677b34fc6a08a18ff05b6228510c
c303a20a17f6a62dceb303f0b93fce77621ccd64,0xd34f2b5e9ee02bed8a107fdf9bda2d866dc61c95,0x05cc801d87fa24109217c14525a1cff53315726a7faf8f5763e663bdb198ed0d,97998450175693105183471460025840913959348579824235725823995700520483728298121,BUY,0.99,2210.31,2188.2069,1783460551,No,1,Exact Score: Switzerland 0 - 2 Colombia?,fifwc-che-col-2026-07-07-exact-score,0x96337e5234851d0255d86fbe2050b64742f5f427c2cedcc1d971efd6bdee6fb0
d349f782618471890ab15900af582087f2d58ca8,0xd34f2b5e9ee02bed8a107fdf9bda2d866dc61c95,0x05cc801d87fa24109217c14525a1cff53315726a7faf8f5763e663bdb198ed0d,97998450175693105183471460025840913959348579824235725823995700520483728298121,BUY,0.991,2990.0,2963.09,1783460567,No,1,Exact Score: Switzerland 0 - 2 Colombia?,fifwc-che-col-2026-07-07-exact-score,0x9b7d822c9d0e7ad80ac71344595858a009f1cff9032ac61975a974e96a3791ec
8d5a267d372fefd8244b34cfd4fbdd844a3c9e97,0xd34f2b5e9ee02bed8a107fdf9bda2d866dc61c95,0x05cc801d87fa24109217c14525a1cff53315726a7faf8f5763e663bdb198ed0d,97998450175693105183471460025840913959348579824235725823995700520483728298121,BUY,0.99,5.0,4.95,1783460645,No,1,Exact Score: Switzerland 0 - 2 Colombia?,fifwc-che-col-2026-07-07-exact-score,0x5f9146cbc526dfe2fc589a9e797a2465c40fdc3272b8f791b92a88380a00e05e
83e13baaef144665f636cae0ce875e415533a658,0xd34f2b5e9ee02bed8a107fdf9bda2d866dc61c95,0x827c4a8fad5bc730ee36d22db4e53821f9e05c9dba4eb945c358ae4a0254a9df,74125888296789264551761078473196686182116110432731642875663751384488704542780,BUY,0.995,125.76,125.1312,1783460975,No,1,Exact Score: Switzerland 1 - 1 Colombia?,fifwc-che-col-2026-07-07-exact-score,0x51886348908e3d8de6efd8c5700de6c8ad0541b634844278993cbfd4e7b17db2
bd28d92f1a5871b9bce2c02a538a6b44b9b499e3,0xd34f2b5e9ee02bed8a107fdf9bda2d866dc61c95,0x05cc801d87fa24109217c14525a1cff53315726a7faf8f5763e663bdb198ed0d,97998450175693105183471460025840913959348579824235725823995700520483728298121,BUY,0.997,205.89,205.27232999999998,1783461040,No,1,Exact Score: Switzerland 0 - 2 Colombia?,fifwc-che-col-2026-07-07-exact-score,0x8fa8cbce3f83cd1e0be6d7814b55f221c6c812150e04ba9736d8b2d7cc54782c
51bfc3bcf9707f50209be5f9881f3036979eb92c,0xd34f2b5e9ee02bed8a107fdf9bda2d866dc61c95,0x827c4a8fad5bc730ee36d22db4e53821f9e05c9dba4eb945c358ae4a0254a9df,74125888296789264551761078473196686182116110432731642875663751384488704542780,BUY,0.998,3616.87,3609.6362599999998,1783461206,No,1,Exact Score: Switzerland 1 - 1 Colombia?,fifwc-che-col-2026-07-07-exact-score,0x3a8d02c3b37fa550baf00131df4f1810acc355bea443f9c922374688a62e3e6e
6756b4cb19138543e74a107a0ac41b731476f8ca,0x91327ef84dca65ca90eea309c5d455daee4b8256,0x4b5f6236f5d1d037387555f61a76142a46812de8936dc700a939a9135fc321ce,58654556399656473549468518361711620691879663575468389328675699037582603045674,BUY,0.977,228.61,223.35197000000002,1783507924,Down,1,Bitcoin Up or Down on July 8?,bitcoin-up-or-down-on-july-8-2026,0xecd915e287ede8615b51518b40010197b5a5819e8b1145960cb22c499f713c48
0bb76565efd16165f192ab970562fcd4e435defa,0xd34f2b5e9ee02bed8a107fdf9bda2d866dc61c95,0xcace4c8060eec43cc7885f598f245699f2d0cc5a06b277b8d8acd028cbd7e8a4,62292110151418682656821548093886170834550962400570407166880227727690539136723,BUY,0.98,15.0,14.7,1783528129,MOUZ,1,Dota 2: REKONIX vs MOUZ (BO2) - Esports World Cup Group C,dota2-rnx-mouz-2026-07-08,0xc74bebbc389fca47405ce82e371414ff57044e3601d8f3f480f5015fa1319fdb
4a68ba4deefc01d51c0436d1dbc014758f328f58,0xd34f2b5e9ee02bed8a107fdf9bda2d866dc61c95,0xcace4c8060eec43cc7885f598f245699f2d0cc5a06b277b8d8acd028cbd7e8a4,62292110151418682656821548093886170834550962400570407166880227727690539136723,BUY,0.99,7.0,6.93,1783528133,MOUZ,1,Dota 2: REKONIX vs MOUZ (BO2) - Esports World Cup Group C,dota2-rnx-mouz-2026-07-08,0xafa03ad5b4b8e29add78feca277f41a7ada0ae82c7205dc89b564c5fb072f621
e12745e90690102727291b09e60427f8674d31ba,0xd34f2b5e9ee02bed8a107fdf9bda2d866dc61c95,0xcace4c8060eec43cc7885f598f245699f2d0cc5a06b277b8d8acd028cbd7e8a4,62292110151418682656821548093886170834550962400570407166880227727690539136723,BUY,0.999,15.0,14.985,1783528141,MOUZ,1,Dota 2: REKONIX vs MOUZ (BO2) - Esports World Cup Group C,dota2-rnx-mouz-2026-07-08,0x24b6f5c0ca9a90336bc5b42739f46f5583e54dc507b5fa85586f5dd27dbac912
20984a48b1e0561fea7a79ab6e6990bbf2db7469,0x91327ef84dca65ca90eea309c5d455daee4b8256,0xace3c72c24fccb6731433483ece41c780432d84850edccd5a6bf3147ccea62a9,36187795093008220558219256261729424135850137511571634448544248306719357578130,BUY,0.959,237.99,228.23241,1783553981,No,1,Will the US confirm that aliens exist by September 30?,will-the-us-confirm-that-aliens-exist-before-2027,0xfe6d9bc42f6d28ca0bf7cc639ca2475f1d59f9b8d6c21c476140a75c0a9af01a
4631640ce28729d6b4e49065b22fac6b8e568b11,0xd34f2b5e9ee02bed8a107fdf9bda2d866dc61c95,0xd6dab5570fe0331eaf9edfdbdc9adeb6eb551d6df13c280b37928dcc31abcde2,18205186653872682383437306277229501693675965912648133533201998348567935186679,BUY,0.7297922194,625.66,456.601799989804,1783610599,Bangladesh,1,ODI Series Zimbabwe vs Bangladesh: Zimbabwe vs Bangladesh,crint-zwe2-bgd2-2026-07-09,0x6de7d87298a92efbf3b47a10c39350404910c1bc011a510a547e56cafede3062
a25fbeefb44fccc4716a9047ef2bf77463406d93,0xd34f2b5e9ee02bed8a107fdf9bda2d866dc61c95,0x83ff14cf9d941920a38dccef2b0a3f0f289b71f7ab16e00aec1e9447b626b8c6,7644253882600522626168066874428129479912524309390829303528881751973197211799,BUY,0.99,200.0,198.0,1783613846,No,1,WTI Crude Oil (WTI) closes above $77 on July 9?,wti-closes-above-on-july-9-2026,0xa7195a5772d58822198873fdbea5eaeb644efe7dbf96895a71f778ef8e63439d
869b27f53160be001ac37282baab9c272587927b,0xd34f2b5e9ee02bed8a107fdf9bda2d866dc61c95,0x83ff14cf9d941920a38dccef2b0a3f0f289b71f7ab16e00aec1e9447b626b8c6,7644253882600522626168066874428129479912524309390829303528881751973197211799,BUY,0.989,280.0,276.92,1783613846,No,1,WTI Crude Oil (WTI) closes above $77 on July 9?,wti-closes-above-on-july-9-2026,0x229b0e2388425137400b550f07df433458b06e70a833ddf609d5bfed257a2551
231e1ea3439d543b48dfba1c6a1bef085b6b2cf2,0xd34f2b5e9ee02bed8a107fdf9bda2d866dc61c95,0x573a967cf65e3a4ba142c07b43bb7e270bc4881225ece97eb80c076cafa85423,41723096469491292590758049392736012219275763826709376054332853809508366513044,BUY,0.999,11249.0,11237.751,1783613869,No,1,WTI Crude Oil (WTI) closes above $78 on July 9?,wti-closes-above-on-july-9-2026,0x9dcd87ac0e4ad8aa802f9a13b6bb3f29f5512593c45d2936881be38615d4bb6a
dc7aa190c587690d26fc0aad0dedfc4be3ef3605,0xcfeaa2e026b2d5e92d76c5925be6f41834c3cba7,0xec4147d703a1013d0bdc0ef4dcaf129fe8443e6ad1318edcd2a2ac9eff6c8421,17233538369622331395311990544159709275677306359062920824570611974340792501916,BUY,0.94,460.0,432.4,1783645994,Yes,0,Moscow air traffic suspended by August 31?,moscow-air-traffic-suspended-byptptpt-20260708135545841,0x387bef06faf3c5c2d8ffc3df26ed5cd4270e8d1f67a47fd12d474038fb944b67
dbbbf99532fb0d4f443bfec0b1fe4ee2c86042a1,0xcfeaa2e026b2d5e92d76c5925be6f41834c3cba7,0x75158a530137df248f1709814b48cd3bec19fc7585acb78250a9d5da08ea3371,86734103305771599271123107521535802978650288250553220493557811507859517744752,BUY,0.92,465.0,427.8,1783651954,No,1,"Nicolás Maduro released from custody by December 31, 2026?",nicols-maduro-released-from-custody-by,0x0cf674e77c6e04c76192d5d1458a4c7230223a85152e4800f5db7d9f870ce79f
77f70f1c3e5a1085efc75f3e4cab177e4fb13693,0xd34f2b5e9ee02bed8a107fdf9bda2d866dc61c95,0xdeccb8cd023e58d13e12100247d11e6d72bf1d63e827d2c22786d73ba505408f,39480620230026824224625380525303967650438721241127868972503809147682161531833,BUY,0.996,5000.0,4980.0,1783716317,No,1,Exact Score: Spain 3 - 2 Belgium?,fifwc-esp-bel-2026-07-10-exact-score,0x35b679b86f2a37a2761f646150967fe419fea9f1d8d3e356484474523d889aa7
59bd7e8d9ca8b22307162521dbb5d57f20c9464d,0xd34f2b5e9ee02bed8a107fdf9bda2d866dc61c95,0xf54165eb981076733353e4237b3af8faab852709947a62da5b831d241520de4e,35449783936887419258063261698064738913592081470111209387111152875259287948687,BUY,0.97,3000.0,2910.0,1783716503,No,1,Exact Score: Spain 2 - 2 Belgium?,fifwc-esp-bel-2026-07-10-exact-score,0x736d02d2259a929445f5cc83a54c4bf434765534d1e2d78585f488f61aead54b
84f0e8561566d6433482f98d890af7a3f56545f1,0xd34f2b5e9ee02bed8a107fdf9bda2d866dc61c95,0xeae721852cc3234aadb4ed631bc3457f2a8f16240d04b759995c83725364aa44,76921196771646622783741501019870390551670678296679775469799126455204410174491,BUY,0.8570383362,1166.0,999.3067000092001,1783716670,No,1,Exact Score: Spain 3 - 1 Belgium?,fifwc-esp-bel-2026-07-10-exact-score,0x93399dfcf890c88d060007f08b6c4c94c6ba5b92e90c570468d4660b66a2199f
186f0102a3164c36272da387d77bb5852f0bfb0c,0xd34f2b5e9ee02bed8a107fdf9bda2d866dc61c95,0x7b52405ad0e0d31bfe970940b67d77f24ecedeab8a2361c11148c02a006e325c,111538579557239934343870815626480092245052857494675784434731223739153238373070,BUY,0.941,1059.72,997.19652,1783808536,No,1,Will Norway win the 2026 FIFA World Cup?,world-cup-winner,0x02bcb9230b79aeb804af3bfd0054a6bff40898adae16e306346a4ccdb165cfe7
ca7dc6aaff078496dadd67d5d28b409697499423,0xd34f2b5e9ee02bed8a107fdf9bda2d866dc61c95,0xf8ffcfc886862489b3022fd24c66473ce21d1303d24a13e874a3b43b6fca03df,41294820437650274061329106375705945303905655306510317564147405432053700985409,BUY,0.9569999999,731.452441,699.9999859638548,1783809769,No,1,Exact Score: Norway 2 - 2 England?,fifwc-nor-eng-2026-07-11-exact-score,0x30952a48235715e9b9744831646df6ae56c2f1d0713e97052ee2decf1c6f31a8
39919e4e24d012e6f12fad3e3c4608f7c8d14de1,0xd34f2b5e9ee02bed8a107fdf9bda2d866dc61c95,0x12ce245bfe4c5dbedc56b85fccefc4f2d8c6d74b40cd340775afeb3c3308a279,14997551722215145681277369872505792878152943143485813228460466719892323813218,BUY,0.988,40.0,39.519999999999996,1783945016,No,1,"Israel x Hezbollah diplomatic meeting by July 31, 2026?",israel-x-hezbollah-diplomatic-meeting-byptptpt-20260706181026740,0xc1757f87b6bf3552e44a88114a09bd8ad2a5098668cd266a50827729b3ad483f
1da6ddec3ccc557f78df34e9ca6cc45f2207677f,0xd34f2b5e9ee02bed8a107fdf9bda2d866dc61c95,0xde6dae89479abf555e34ed4e9ff9c26260ae6c2b19b71bfe59a00893c371d81c,60508215325190177373410488147044212101567817797077332790561244336196532307240,BUY,0.996,5000.0,4980.0,1783951481,Yes,0,"Will the price of Bitcoin be above $60,000 on July 13?",bitcoin-above-on-july-13-2026,0x43f311cebcc89a71808080f9d46f739b29052f8e5bdc667be88ed897a4994fe6
56f0a26ea51ca7fb5cb53af1342f88d0c260eb82,0xd34f2b5e9ee02bed8a107fdf9bda2d866dc61c95,0x87f13c9fd3991447292e5ab91bf50903e7f43b98a7c3fa599782bcd23019d01b,101131090413695985301665046879078170941372755474346731995338588794044002085609,BUY,0.998,80.0,79.84,1783952977,Yes,0,WTI Crude Oil (WTI) closes above $68 on July 13?,wti-closes-above-on-july-13-2026,0xdbb999e013e9e2894bbfcf4bd5e5cab1e8859ca51649df1c0b9f55ea079c3d73
b45151f21d22b9bf9ccebdabedbfbc6f37aa8b98,0xd34f2b5e9ee02bed8a107fdf9bda2d866dc61c95,0x33dc6492ec476dc7f2aa83c4738de362f666896aa49fff100a005dae18075172,52313832285014826967989258584874275867880918762768767907926210527760733375525,BUY,0.97,30.0,29.099999999999998,1783991167,No,1,Will Ben Rice win the 2026 MLB Home Run Derby?,mlb-home-run-derby-2026-winner-20260709213158635,0x5c5c594797950de32010d369c4077698ca5ecf96d1a97c8635c817429b79ff5b
fff386507bb8358bc5a1683c8130586792f76332,0xd34f2b5e9ee02bed8a107fdf9bda2d866dc61c95,0x33dc6492ec476dc7f2aa83c4738de362f666896aa49fff100a005dae18075172,52313832285014826967989258584874275867880918762768767907926210527760733375525,BUY,0.98,821.91,805.4717999999999,1783991174,No,1,Will Ben Rice win the 2026 MLB Home Run Derby?,mlb-home-run-derby-2026-winner-20260709213158635,0x45b3aa00b791740a928d0b1c268c76a0d013ee07ea279d192a309d9b4ed23624
360b19697154e83bdb3e15e8869152bb17aeebd1,0xd34f2b5e9ee02bed8a107fdf9bda2d866dc61c95,0x8bf1c1536ecb1c08fe13c6b71e8ab1f58bf3461c4cb79f5f1679f869a06aef86,111604417349377875799825956621596386269673370070912696668140891647145772186047,BUY,0.94,3500.0,3290.0,1784038691,Yes,0,Will there be no change in Fed interest rates after the July 2026 meeting?,fed-decision-in-july-181,0xf846e0b620e14fae595ac0299b0b64445fa5d8602059e1ac5872b0f9d7a7cae2
3fd4af8ccffaece9467e5dfb0f2c36ba14581db9,0xd34f2b5e9ee02bed8a107fdf9bda2d866dc61c95,0x199292e239ae8c1ff32d1dedc0262a1ef0252b6ba93c1d6f88580046b49c40d8,113104470135758167149499471401111457278745931183544525131878748587687310737708,BUY,0.998,48.97,48.87206,1784038705,Yes,0,"Will the price of Bitcoin be above $62,000 on July 14?",bitcoin-above-on-july-14-2026,0x88f34b9643b4f02bd0c9d484b88da27d556fe31d36af3c3cfa3f885cfde5ef1a
b5d04f12a38a594b4b52747116ad4eeb26231065,0xd34f2b5e9ee02bed8a107fdf9bda2d866dc61c95,0x6f625933010dd4e8b4744617534de160c52912b91c896aa0199d51fb64af04b3,105417117367513783489773296552210774986159257496601169303738978592687497537717,BUY,0.9393139672,871.912935,818.9999980278458,1784147965,No,1,Exact Score: England 1 - 2 Argentina?,fifwc-eng-arg-2026-07-15-exact-score,0x449bd7cfd8cd939b43942167719293b518c0726b3825d1b9aa0abbe8c11034f8
8217b6b7ee14d4c2f2c48a68a180e12174fcf389,0xd34f2b5e9ee02bed8a107fdf9bda2d866dc61c95,0x657232221932e3686f9a01806de1b6f6387255cd442b8a24d01091f780fbf2de,110278609405605128921282134108065183159383487425862578948314342533292451994574,BUY,0.996,46.0,45.816,1784148212,No,1,Exact Score: England 1 - 3 Argentina?,fifwc-eng-arg-2026-07-15-exact-score,0xabdac62345dbfa8a44519dfe29bb68e0fca4252ab5b0b1df73783bb1b6421058
c64d875e8ec61c9d7ef6681b4c6d8b5599cbe6f2,0xd34f2b5e9ee02bed8a107fdf9bda2d866dc61c95,0x6f625933010dd4e8b4744617534de160c52912b91c896aa0199d51fb64af04b3,105417117367513783489773296552210774986159257496601169303738978592687497537717,SELL,0.2514433008,5940.91,1493.8020201557279,1784148851,No,1,Exact Score: England 1 - 2 Argentina?,fifwc-eng-arg-2026-07-15-exact-score,0x738a4265451b6eba2d2639b35cafb1f7898ca3d226539f4366c0daffcef1c34b
7d6d6735d6ce288ea5f9416e3649786240e7c400,0xcfeaa2e026b2d5e92d76c5925be6f41834c3cba7,0x052776dbb92aa02fdb1f21a415a52cc422f2fd996eda91f717a1d7e1a751b633,94595952795435730825187836846704304477690690158762486689057234499939573357414,BUY,0.95,450.0,427.5,1784184691,No,1,"Israel withdraws from Lebanon by September 30, 2026?",israel-withdraws-from-lebanon-by,0x4cd36cad6a1ace5b94407527fb2edcf64bfa412065a36d97ee0d475e318294eb
7d6a34bbf8d895f9503038d8869421511f2e98d4,0xcfeaa2e026b2d5e92d76c5925be6f41834c3cba7,0x60a4dc3f3fccac5c29571f9f4bb8067fecdbcac17f337aac62ea0fe5cd476435,26502918109878717583879421801095654131425745050418634737084526753632484716663,BUY,0.91,469.99,427.6909,1784188889,No,1,"Will Russia capture Mala Tokmachka by September 30, 2026?",will-russia-capture-mala-tokmachka-by,0x7e8eba8398e9e6e28e831dde61f4bf57dbe25c2dc74c75c18433c1c65d0848fa
902207e210992f8a24e9869ddbcba2eca3ae1284,0xcfeaa2e026b2d5e92d76c5925be6f41834c3cba7,0x78401aebcb93cb03100dedf8d7cfc4568e8e17f619c4b7017a294ae3c8954fb6,33374421073723866655492928510298299728872624919103090732279785948404109649548,BUY,0.9,465.0,418.5,1784252100,No,1,"Will Russia capture Borova by December 31, 2026?",will-russia-capture-borova-by-december-31-2026,0xc06a609034b2560489456f87666da5b487a001a01b23bc0ec058173a46aae6ee
c31f79f65a8cd0a16bb96a193382d6d7d3d6438a,0xcfeaa2e026b2d5e92d76c5925be6f41834c3cba7,0xb13fa10cf8a63724373e2ae730a557b4f3bf27891dd2537109dca4c48bd426ad,3957230646734855933088297330980004739763046328465880939565292795159786918811,BUY,0.9,465.0,418.5,1784255520,No,1,Will Russia capture Novodmytrivka by July 31?,will-russia-capture-novodmytrivka-byptptpt-20260714215009494,0x1456a3197dd305fc05f1e04b33998b011990feed31e5823dda60b32a06b531d4
92cc8599efdf5d2befdef9196654aed7e14000e7,0xd34f2b5e9ee02bed8a107fdf9bda2d866dc61c95,0xa5bd4b831f180564aef6a119e1f94a5d574344e25a546b7a1f14aec7cc6e2d83,76755883373039851290695610249455633595892527905785960150127813908400558868227,BUY,0.967,752.22,727.39674,1784704611,No,1,Will Iran announce withdrawal from MOU negotiations by July 24?,iran-announces-withdrawal-from-mou-negotiations-byptptpt-20260622191732319,0x1d9c3ab39c8387d7ddfcc1fd8927ac8f2de6505877608070275988e73754f26c
af5276b120dd5083a25ec9c854c70f753583377c,0xd34f2b5e9ee02bed8a107fdf9bda2d866dc61c95,0x7fc7fc18838db95a2e632d450047f356d29c5396ad86061ecbb54cf4e56b1d3a,40584940100644640651061059905485406714175514650677575951479391251811454258312,BUY,0.999,3000.0,2997.0,1784730298,No,1,"Will the price of Bitcoin be above $68,000 on July 22?",bitcoin-above-on-july-22-2026,0xc4d2a0b8b748fdf5cd1c443f4d796a568002871cddf69a5b0d2a19a4142671fe
71ac34c1e2356c24b33cbec3f76526bb0140ac9d,0xd34f2b5e9ee02bed8a107fdf9bda2d866dc61c95,0xa5bd4b831f180564aef6a119e1f94a5d574344e25a546b7a1f14aec7cc6e2d83,76755883373039851290695610249455633595892527905785960150127813908400558868227,BUY,0.976,55.9,54.5584,1784839717,No,1,Will Iran announce withdrawal from MOU negotiations by July 24?,iran-announces-withdrawal-from-mou-negotiations-byptptpt-20260622191732319,0x1ad3a27cb3571b25b6d85bf390dd1fa8c2b42569bdf2949897e4703940ea9c8c
4cde8cd846afde18a369fe5c0b2a500d6588887e,0xd34f2b5e9ee02bed8a107fdf9bda2d866dc61c95,0x6a9afa1f367fbdbb37ba016d1bc0453c8c21ca018e4542f0bb7f69671872c897,104040261596817063797979945701351540019630914456171100581673232344741843412752,BUY,0.96,1248.96,1199.0016,1784839737,No,1,US announces halt in Iran offensive operations by July 24?,us-announces-halt-in-iran-offensive-operations-byptptpt-20260718015003096,0x0fd9aa7aa15f04ba4bc00dcab996f412a6db957efb6a296459fd42e73d4ddb24
22ee1b576144782161de83641df200fb89cb2b7a,0xd34f2b5e9ee02bed8a107fdf9bda2d866dc61c95,0x7a2c3834179dd8ff73efd60e4cd984a16e16066f5ca20c863ab9ed6d5c53e139,98648528975656881611425152957400395053750791529769778490697258063696903260779,BUY,0.987,221.38,218.50206,1784895405,No,1,"US announces end of Iranian blockade by July 24, 2026?",us-announces-end-of-iranian-blockade-byptptpt-20260713152715080,0x527ed588a4ed89fff1473a57f72e4bb3fe461630bfaa8fb80a0ce17f5765ab93
491e913cc571844aa028b10973b8b9d5907247f7,0xd34f2b5e9ee02bed8a107fdf9bda2d866dc61c95,0x0f5b0d1fe439c5562ce6e46a08e4f51b758ca0059fb338bb3eb9bb6ee5df5956,90664643079633325229069388592013287463357580070351448429341061965362517324082,BUY,0.989,224.02,221.55578,1785150460,Yes,0,Israel x Iran ceasefire continues through July 27?,israel-x-iran-ceasefire-continues-throughptptpt-20260716224448963,0x4e642cc96dce3351294a70b1b2e551ac9300a1d61810e72c890cfa7a62a0ddce
d7c65bdf79a1165ffcf5d41017b368a0ede61536,0xd34f2b5e9ee02bed8a107fdf9bda2d866dc61c95,0x0f5b0d1fe439c5562ce6e46a08e4f51b758ca0059fb338bb3eb9bb6ee5df5956,90664643079633325229069388592013287463357580070351448429341061965362517324082,BUY,0.989,120.0,118.67999999999999,1785150468,Yes,0,Israel x Iran ceasefire continues through July 27?,israel-x-iran-ceasefire-continues-throughptptpt-20260716224448963,0xc53b6697c17541e96acc7c7e28a9fdc647b5f7f6901c3bd3f62d1562ec28ba94
f196addf9c0dd15f41f9d3ee79811ac605d0ac07,0xd34f2b5e9ee02bed8a107fdf9bda2d866dc61c95,0xba54400e67d56219d2bb6d2afb925ede62c945a10ac17716960aac2eb9c1b8c8,36079262717379907307167247700351137364569930991809353314243564504812998182982,BUY,0.9939921037,2266.89,2253.270759956493,1785163194,No,1,"Will the price of Bitcoin be above $66,000 on July 27?",bitcoin-above-on-july-27-2026,0xee723b4ccb58cbb17c5b54b1ddf36989bc6763dbbaafaefae7f6de2a9979cfdb
4132a9317b0e7421c44070ae702b238bfff4a758,0xd34f2b5e9ee02bed8a107fdf9bda2d866dc61c95,0x1a53f4e1df8653751aa2865bdf33129c9fba1b51a6ba3a4397c330894265f3fb,11175144790294018473883407522370233749764592141943374533997532765754332298932,BUY,0.999,2169.99,2167.82001,1785182115,Down,1,WTI Crude Oil (WTI) Up or Down on July 27?,wti-up-or-down-on-july-27-2026,0x98ef02485bfdc8df8413f1c752f453857ecb86d2c19403f43f93370ebbae7e4a
4ab45051bfb5077d209399d0a16a73c5c5572a57,0xd34f2b5e9ee02bed8a107fdf9bda2d866dc61c95,0x849bbfcb84dbdfabc1cbbea442031baf348392ba7c6fe54f4c711aa94bec6031,50907008491941872261506533884642145660882393875999861967181548978354324269599,BUY,0.999,77.59,77.51241,1785182148,Yes,0,S&P 500 (SPY) closes above $715 on July 27?,spy-closes-above-on-july-27-2026,0xba8f73ca4e9435e6ee04716425837d380da869724d0a0ca2af72a3ed6ccb289d
4be7f182ac6d44158ffd9832cfd4dad3b97b15ac,0xd34f2b5e9ee02bed8a107fdf9bda2d866dc61c95,0xb86c036ff080306107a34235dabbd9a97be306bc608935dcb01546ded8e4eee0,84858375525170852398751045558321155211418096645257569835023108726871765770859,BUY,0.999,170.0,169.83,1785182167,Up,0,Silver (XAGUSD) Up or Down on July 27?,xagusd-up-or-down-on-july-27-2026,0x3c8c06c12036e9dc2f749e8fc0399348939c412a9b5526d65cee2255ab051d14
103960b263091bdb78eb5c1cd7321aab8de6cbf7,0xd34f2b5e9ee02bed8a107fdf9bda2d866dc61c95,0x778761c507ed36307cd3815aec2b24e5e6a468ec853e2332dbc05e75ce7a0758,86606632311501891374645531885565795642727570007974802963012313528682024690807,BUY,0.999,120.0,119.88,1785182259,Up,0,Russell 2000 (RUT) Up or Down on July 27?,rut-up-or-down-on-july-27-2026,0x9c3fa394850f92933588043b813d04efbefd291f2b64c1b243502e39ef868963
c1f09f0eb3ecf116c9ad717b4c8554a447c09f1c,0xd34f2b5e9ee02bed8a107fdf9bda2d866dc61c95,0x778761c507ed36307cd3815aec2b24e5e6a468ec853e2332dbc05e75ce7a0758,86606632311501891374645531885565795642727570007974802963012313528682024690807,BUY,0.99,5.0,4.95,1785182259,Up,0,Russell 2000 (RUT) Up or Down on July 27?,rut-up-or-down-on-july-27-2026,0x2475f488839a1d4c168f142fa1d62e08e7b29a47e8c660356897b6b242289fa7
acd3f56e82fafb3a4515ee620aaa74083d320da1,0xd34f2b5e9ee02bed8a107fdf9bda2d866dc61c95,0x46966b2633dffca70f64b44a3fe901525fb8f15978716b44ff0504a34230da1f,104260930893241563892916870112116784039617348117452058739097383721846668251549,BUY,0.999,1600.0,1598.4,1785182296,Up,0,Airbnb (ABNB) Up or Down on July 27?,abnb-up-or-down-on-july-27-2026,0xd0abe6dd985e2beefa8771942918821e6843c7ab33db59e0fcd8fd51dc2c22b7
b1750ead40b7b0c5c08bbd1ed6647df9276212d9,0xd34f2b5e9ee02bed8a107fdf9bda2d866dc61c95,0xf4dbb49b91ca1ed740fda3fdabe621758062fdea8bd236fdf2e540fb6a12a594,38886322264669784027672286592774757444905080686185967143832131463205582863002,BUY,0.99,1160.86,1149.2513999999999,1785242008,Yes,0,Israel x Iran ceasefire continues through July 28?,israel-x-iran-ceasefire-continues-throughptptpt-20260716224448963,0x5e399eaf7bf141bb01eb8a41165c3f489a6a162506d1473e94f14aa42d331038
569b39408defdb1bec12bb08e74d928a0a7bc7f8,0xd34f2b5e9ee02bed8a107fdf9bda2d866dc61c95,0xf4dbb49b91ca1ed740fda3fdabe621758062fdea8bd236fdf2e540fb6a12a594,38886322264669784027672286592774757444905080686185967143832131463205582863002,BUY,0.994,377.02,374.75788,1785250970,Yes,0,Israel x Iran ceasefire continues through July 28?,israel-x-iran-ceasefire-continues-throughptptpt-20260716224448963,0x06945a27a9b72ee7d314c72d3105975b0e5fae8b594caad128c18047c897ef75
8fed1d92e0373c5c21ab481493cdbab91c811ee1,0xd34f2b5e9ee02bed8a107fdf9bda2d866dc61c95,0xf4dbb49b91ca1ed740fda3fdabe621758062fdea8bd236fdf2e540fb6a12a594,38886322264669784027672286592774757444905080686185967143832131463205582863002,BUY,0.997,146.31,145.87107,1785281609,Yes,0,Israel x Iran ceasefire continues through July 28?,israel-x-iran-ceasefire-continues-throughptptpt-20260716224448963,0x09f7417064e3012fd8781cd6d5bcbacd9433a64b186185275c79f0b7bdbae870
19614d67d56829b9d81d1bbf6c855d1e7cc4fffb,0xd34f2b5e9ee02bed8a107fdf9bda2d866dc61c95,0xf4dbb49b91ca1ed740fda3fdabe621758062fdea8bd236fdf2e540fb6a12a594,38886322264669784027672286592774757444905080686185967143832131463205582863002,BUY,0.998,1370.0,1367.26,1785281669,Yes,0,Israel x Iran ceasefire continues through July 28?,israel-x-iran-ceasefire-continues-throughptptpt-20260716224448963,0xaca9ab9b73cdd325934260d569d2d8ff2e5d312aa9800b05143ed46069088c4a
2a9a759418865601977b388e4a84dc28b94f7ff4,0xd34f2b5e9ee02bed8a107fdf9bda2d866dc61c95,0xb3443ee2aeaf13efb986783084d94a4963b1520d429332cd62739c5e2582e88b,25956480245000785777351224922798305155386667984678078427040030767444630687015,BUY,0.88,186.73,164.3224,1785373349,MLS All-Stars,0,MLS All-Stars vs. Liga MX All-Stars: Team to Win,mls-stars-ligamx-2026-07-29-more-markets,0xfc202a79246686c15819709db49137facb6e727c49b4997703aed7792daa3a26
44212354ca361cd1c4ec71bd49137756eefdffa9,0xd34f2b5e9ee02bed8a107fdf9bda2d866dc61c95,0xb3443ee2aeaf13efb986783084d94a4963b1520d429332cd62739c5e2582e88b,25956480245000785777351224922798305155386667984678078427040030767444630687015,BUY,0.92,1050.0,966.0,1785373974,MLS All-Stars,0,MLS All-Stars vs. Liga MX All-Stars: Team to Win,mls-stars-ligamx-2026-07-29-more-markets,0x7b06eddf79eaa08b640b9e1a2a3411735cae5ff910c89bca678b96068c57354f
4dea34f6d53eceab984cfc87bb43563bfe873053,0xd34f2b5e9ee02bed8a107fdf9bda2d866dc61c95,0x06eb79574f45b537e14ec4d0053b57060178fe52a9711d0e2f09ad2850281955,94482120709758530500357406467736951496004212886167330550269836366128540932803,BUY,0.278,61.0,16.958000000000002,1785375459,MLS All-Stars,0,Spread: MLS All-Stars (-3.5),mls-stars-ligamx-2026-07-29-more-markets,0x8d4223689f265a1f0d973a58a34ff31f3dfd5dbb23d29ce64a9b08828d8d9a45
d54c839a6c103094cad5f5ee99034ab28bcf418c,0xd34f2b5e9ee02bed8a107fdf9bda2d866dc61c95,0x85b02ffff3a9d15fd4939ee242f4a7c9ee00c18d7035adaf898fcee38ca1b8be,105449170133498921410757979717548086788616292369687077995258184795008946668005,BUY,0.99,5.0,4.95,1785375491,MLS All-Stars,1,Spread: Liga MX All-Stars (-1.5),mls-stars-ligamx-2026-07-29-more-markets,0x78df1ed63cbb12a6175632ec8a00e74765b1e1436fd5226ba5a0f77cbf5fd52c
05c5c38a1a471839332e56d0f5d2520f2b1e4d80,0xd34f2b5e9ee02bed8a107fdf9bda2d866dc61c95,0x06eb79574f45b537e14ec4d0053b57060178fe52a9711d0e2f09ad2850281955,94482120709758530500357406467736951496004212886167330550269836366128540932803,SELL,0.02,61.0,1.22,1785375500,MLS All-Stars,0,Spread: MLS All-Stars (-3.5),mls-stars-ligamx-2026-07-29-more-markets,0x756b10dc7ab2db21cf161a1482498297b563f0d4b937482dd313e9be3aba2b6e
f57b8397c71c796135e9e8dc8d53cd948e20daa6,0xd34f2b5e9ee02bed8a107fdf9bda2d866dc61c95,0x39be200878d41d6a87c6fd573e4a251a18258f38b22946e8aa9c143ef03fdeea,37253582480689004020385628654525686711761304814676612561618972589119075471835,BUY,0.99,5.0,4.95,1785375534,No,1,MLS All-Stars vs. Liga MX All-Stars: Will the Game Go to a Penalty Shootout?,mls-stars-ligamx-2026-07-29-more-markets,0x233710ec4a2b6ded5529c0c812e28fe1aebab5f57d1006f43ab2af2b4747f9ca
6730e66b90c25edc81ad5ea17389824af50df027,0xd34f2b5e9ee02bed8a107fdf9bda2d866dc61c95,0xb3443ee2aeaf13efb986783084d94a4963b1520d429332cd62739c5e2582e88b,25956480245000785777351224922798305155386667984678078427040030767444630687015,BUY,0.92,50.0,46.0,1785376043,MLS All-Stars,0,MLS All-Stars vs. Liga MX All-Stars: Team to Win,mls-stars-ligamx-2026-07-29-more-markets,0x9279f24130079cbded1883727df3e4513db585a2c8b3c18de4f6b5a0dfba4e61
486e3f75a5ba81cb4581ff9ef3cebc3a4289b6f3,0xd34f2b5e9ee02bed8a107fdf9bda2d866dc61c95,0xb3443ee2aeaf13efb986783084d94a4963b1520d429332cd62739c5e2582e88b,25956480245000785777351224922798305155386667984678078427040030767444630687015,BUY,0.92,100.0,92.0,1785376043,MLS All-Stars,0,MLS All-Stars vs. Liga MX All-Stars: Team to Win,mls-stars-ligamx-2026-07-29-more-markets,0x909110c79f2da5ea6433e912b945e190d14cfca1a6cb83a4fe294ea353ba22a8
0df4265e8e765dc5ebeb3a24ec6d723de1e3a43d,0xd34f2b5e9ee02bed8a107fdf9bda2d866dc61c95,0xb3443ee2aeaf13efb986783084d94a4963b1520d429332cd62739c5e2582e88b,25956480245000785777351224922798305155386667984678078427040030767444630687015,BUY,0.919,100.0,91.9,1785376112,MLS All-Stars,0,MLS All-Stars vs. Liga MX All-Stars: Team to Win,mls-stars-ligamx-2026-07-29-more-markets,0x2a58deb653a7d3e6dd30b25a2c70ff022b5b37f482a89b5ba937c8a69f7075e6
b03becd0086ca7458fe24912d0773a5de95d2574,0xd34f2b5e9ee02bed8a107fdf9bda2d866dc61c95,0x20f9a983e079e398a677f65011a638cd7d6f70e072b96388d0924ee803d68ff9,106397834123845247487619938024898840009120801106124917289486613030378761781083,BUY,0.999,113.81,113.69619,1785437681,Yes,0,Will Amazon (AMZN) close above $225 on July 30?,amzn-close-above-on-july-30-2026,0xde606897d72e4ac774e3d2a6a4bf3cd681b9e8ad83c338c5c8f5d1e8db17cbb8
aa45c17faed137b379e18785fe603b1bc7321153,0xd34f2b5e9ee02bed8a107fdf9bda2d866dc61c95,0x5862d32d485194533477286d99ae024a0f80ddc2f88727ce23ebf7919cdb9bdc,84214648992877033808614840680884927946608032764930871028644383267194898468960,BUY,0.999,170.0,169.83,1785437711,Yes,0,S&P 500 (SPY) closes above $730 on July 30?,spy-closes-above-on-july-30-2026,0x1825e171a8d564dec6459d8e6bf110a8d42cf0b3260af3a7c3c264f5c4d9c288
4a03a6d76bf2e47c27549500716386e8564b6611,0xd34f2b5e9ee02bed8a107fdf9bda2d866dc61c95,0x41b03c627ce0bdb1119ad8140101b238c3c940c0661ef7950483f3ffb0b44c0e,100002701435157133544923411920098271415564953912295554196845630967514591950672,BUY,0.99,10.0,9.9,1785437817,Yes,0,Will Tesla (TSLA) close above $300 on July 30?,tsla-close-above-on-july-30-2026,0xe299782ec85c023b374a69b0382f31351f3fefcc0c2329a186f847a80422c520
ec438cb93beb520c6273ff0b35fc97d23723e54c,0xd34f2b5e9ee02bed8a107fdf9bda2d866dc61c95,0xa346a11c03e67693d3bffee9d7b6357532366b77fb82ba8228a444fbc674cafa,75297607035403303119688436595972380922021059421740506865150561412690554994757,BUY,0.999,120.0,119.88,1785437820,Yes,0,Will Tesla (TSLA) close above $290 on July 30?,tsla-close-above-on-july-30-2026,0x898e21f5b991d1cfc7280f06c1a279edc417a3076e8ee7eb16575db6d1a51d1c
a2080f352cb2a0b85b3b7c5913a44c7e6a52b890,0xd34f2b5e9ee02bed8a107fdf9bda2d866dc61c95,0x9e4f6b2af8a085350a55090502c034209042a40692fa5ea5ae9a27c094be9a06,88091749670159086172656820876481909090166197650299749303239785814813628671062,BUY,0.999,114.9,114.7851,1785437840,No,1,Will Tesla (TSLA) close above $330 on July 30?,tsla-close-above-on-july-30-2026,0x9187ea9cdb8449344a6399471db0ea1e82cdcfc85f6d8e2e2ae814852de96cc0
2393b0ed2e03bb14cb24bc3292008f8de4206fac,0xd34f2b5e9ee02bed8a107fdf9bda2d866dc61c95,0xae9b6c8d7123891e33b6dd38f1f4a86bd46819dce265f9cf5c007038f55a03f3,65960039874075116090099665874788169272391716114939391383380718226483532202818,BUY,0.999,120.0,119.88,1785437853,No,1,Will Tesla (TSLA) close above $320 on July 30?,tsla-close-above-on-july-30-2026,0xc18307a5cfb8ecc76585fd3aad14c85866e3ccebd4537017b748f828a94dc472
425d2b12b16b19f45bed3bc0fd9d4043568be874,0xd34f2b5e9ee02bed8a107fdf9bda2d866dc61c95,0xc63682d95f99c8907ecdc265a8824dee258d14cf08865475184cf99a910ad200,13042772669058382845499084446776912879032028076316726762631975516112756327004,BUY,0.999,658.95,658.29105,1785438479,Yes,0,WTI Crude Oil (WTI) closes above $79 on July 30?,wti-closes-above-on-july-30-2026,0xec0040cd05d538fb8a1cd240630335766e8bcc54debbbbc86a6c4a344e746dc7
04f175e527f54af4088ed3594c1dfb8922933506,0xd34f2b5e9ee02bed8a107fdf9bda2d866dc61c95,0x950e81c843b0322d1d7de6d1ef229dba58f6f3be16d1a8e54c9c2a376ea5a40f,54195030142872334355229104752433687194522120679191822264008738472383576466403,BUY,0.999,660.0,659.34,1785438491,Yes,0,WTI Crude Oil (WTI) closes above $80 on July 30?,wti-closes-above-on-july-30-2026,0xb875ca3e81f715085d497f1a949aa1afe814391ba0d102839259ac076006e9d8
0be401fb7ee8f1399b8629652e8fcd45e350b714,0xd34f2b5e9ee02bed8a107fdf9bda2d866dc61c95,0x09ee2d07677508ae0947c83f2d7500ad8dd9de6b7fc665be2e1414544642eaa3,49225356974016267374759091424007820381694071998631561273496154167001399203923,BUY,0.995,20.0,19.9,1785438503,Yes,0,WTI Crude Oil (WTI) closes above $81 on July 30?,wti-closes-above-on-july-30-2026,0x62d7159c699fccf461b0d4fdbfc40df1b0509e8809a45701e937367ff3b50c50
cf20e5ccdf4fe901f8438151f4602e77fe952f95,0xd34f2b5e9ee02bed8a107fdf9bda2d866dc61c95,0x0f35b2eaa818093701df4c41505712beaadbb9887c9d2225749ed32169b4c9f9,107000242845344713772531549879872055383235761876284783774930887467607792838575,BUY,0.999,1148.61,1147.46139,1785438534,No,1,WTI Crude Oil (WTI) closes above $88 on July 30?,wti-closes-above-on-july-30-2026,0x6d203c5e7641271dac8c6c4ddbc479c1dd2b10c8d1e18a539d322a993ea565fe
0b9da3df5827416cacee37c36ebd2a95e1f6cf49,0xd34f2b5e9ee02bed8a107fdf9bda2d866dc61c95,0xf6d1e900e042c43a3832379cedd5c5f31c12378dc3a1b3209f54ed07a2d84438,46272813529795568918065321664665780453551195691456889977725721780309941603635,BUY,0.999,120.0,119.88,1785439283,Yes,0,Will Amazon (AMZN) close above $230 on July 30?,amzn-close-above-on-july-30-2026,0x7e1186ac68aa33ddfd8e28cab04744a3e486066afc6fb6c5300ad2fdb33bdbb6
0fb6c9606327e0868dd707c3217c346144991b6f,0xd34f2b5e9ee02bed8a107fdf9bda2d866dc61c95,0xc79fd60181aa1d6a1ce7c08d0000f90cd9b560676b05e7ad8a19e393bcc097f7,15140821202889602299866251288652286872273265287817148024730459413443033715183,BUY,0.99,10.0,9.9,1785439341,No,1,Will Apple (AAPL) close above $340 on July 30?,aapl-close-above-on-july-30-2026,0xf5acdfc60b30b1f37711a3255f1a99738fd59de83d2b88a5f0f4d8ac16da5db4
0fdbabf297b00d68823e0aa2fa45a08271f61105,0xd34f2b5e9ee02bed8a107fdf9bda2d866dc61c95,0x088a68dbc7346624d7d9a6bfdb866b5b84c45786bfcad6e2e4b51f2277a87562,6344115541880457801842974510177711056700292528304908668571978069770266837393,BUY,0.999,90.0,89.91,1785439560,No,1,WTI Crude Oil (WTI) closes above $87 on July 30?,wti-closes-above-on-july-30-2026,0x82527d1d9d63d680441ee4f0107911bbded0cf6a6b4bfa6625a341433be753ad
b99257606bb6a5c1e09f12c8eaabd20f98d50a13,0xd34f2b5e9ee02bed8a107fdf9bda2d866dc61c95,0xfc6584616ca3ec385e40881bd568fe291713cad93ab95be921f4ba2bf3b456e3,48905394170305541744328748582998455459621629534326295447768125812721237965617,BUY,0.999,90.0,89.91,1785439562,No,1,WTI Crude Oil (WTI) closes above $86 on July 30?,wti-closes-above-on-july-30-2026,0x64b2def862295b216bed4e5a6326fc4d3f1ec24b21d95862145092a8a1205c84
0a92ba2c552414dbde924631e1136389240c4882,0xd34f2b5e9ee02bed8a107fdf9bda2d866dc61c95,0xd7a74311c19450db556339a21b8afae4dcfb9011885bbf95d55d1d036a6310cd,66922507724609454826361519827704696420165261027301877661250172585955998920753,BUY,0.998,10.0,9.98,1785527600,No,1,WTI Crude Oil (WTI) closes above $89 on July 31?,wti-closes-above-on-july-31-2026,0x4fae8839cf44d65fbb9810107f6a0ee117db7dc7d949dfe8b2b193472124a709
7eff82a82cf08e530f31752d3a8d492b3946ffa3,0xd34f2b5e9ee02bed8a107fdf9bda2d866dc61c95,0xd7a74311c19450db556339a21b8afae4dcfb9011885bbf95d55d1d036a6310cd,66922507724609454826361519827704696420165261027301877661250172585955998920753,BUY,0.999,90.0,89.91,1785527601,No,1,WTI Crude Oil (WTI) closes above $89 on July 31?,wti-closes-above-on-july-31-2026,0xc50ae85899ba3d8029b1db2b9a6a39761b83a2dac07802efb986747b0930e8bd
13bb7d1a9040b0ffb75567dade1ee8957b98ad62,0xd34f2b5e9ee02bed8a107fdf9bda2d866dc61c95,0x46ae11da706c5c9de73aaf87179cf8c2cf373f137866820e74220292d5b232fa,34975080530194850598483538130949956049796745903844168860889621522947638885450,BUY,0.999,1589.47,1587.8805300000001,1785527624,Up,0,SPY (SPY) Up or Down on July 31?,spy-up-or-down-on-july-31-2026,0xa43fd43d886add4d4457a4d7fa5291a0f44ca3b6eb679caec18ef076c2cf75dd
da1b4813dbd0f282a3e044f3d27fc13ea17d8035,0xd34f2b5e9ee02bed8a107fdf9bda2d866dc61c95,0xc550d430fb66ae9694f620dd61cd2d9b4883f064f2cb27d9f3a2aad57f09ff80,96544574148559745560001152957027301788063551032261015748922888038285326069879,BUY,0.998,149.0,148.702,1785527649,Up,0,Microsoft (MSFT) Up or Down on July 31?,msft-up-or-down-on-july-31-2026,0x92e43513535a82d5445e0055e63fbc978c52d7785b21598d63b2e0974d06df32
2638ef88a790386bf4098747824f9eda517e68c2,0xd34f2b5e9ee02bed8a107fdf9bda2d866dc61c95,0xc550d430fb66ae9694f620dd61cd2d9b4883f064f2cb27d9f3a2aad57f09ff80,96544574148559745560001152957027301788063551032261015748922888038285326069879,BUY,0.998,149.0,148.702,1785527658,Up,0,Microsoft (MSFT) Up or Down on July 31?,msft-up-or-down-on-july-31-2026,0xab466470a7c2a0c0711ec26d2b6144a2833dee4f9a56e76bb8ae130774bc4fa5
76ff7a6ef1729e6675c70881a380aa4bb5456dd4,0xd34f2b5e9ee02bed8a107fdf9bda2d866dc61c95,0xc550d430fb66ae9694f620dd61cd2d9b4883f064f2cb27d9f3a2aad57f09ff80,96544574148559745560001152957027301788063551032261015748922888038285326069879,BUY,0.999,762.66,761.89734,1785527670,Up,0,Microsoft (MSFT) Up or Down on July 31?,msft-up-or-down-on-july-31-2026,0x5be361fea4bb6bd9ef7f2adb936c242f558fcc26a4bb339149d4c0d7e131db03
1b177250af3927b48ea1e599fe77be0a69c077bb,0xd34f2b5e9ee02bed8a107fdf9bda2d866dc61c95,0x0d9b5645760e7165808d4630f76fa21d4c15e1f7a28f5b8dc9fa84909819c96c,92508486910994922293885657728735371992435662212819243045776943618206265148737,BUY,0.999,120.0,119.88,1785527693,Up,0,Tesla (TSLA) Up or Down on July 31?,tsla-up-or-down-on-july-31-2026,0x1a6d3a0a3f225ad3c779c3023f09a0978fecc4bec77ba65c1c451555e042442f
160c579f3960d3662934ede793381d7aecd9519d,0xd34f2b5e9ee02bed8a107fdf9bda2d866dc61c95,0x3c1b9e370486b399f6a4c398e0a86cbb75b0e01ae9eb59fc503b62241df18841,38400820373118241582688761399087324153152431599221369317367870141446152567740,BUY,0.99,50.28,49.7772,1785527727,Yes,0,S&P 500 (SPY) closes above $740 on July 31?,spy-closes-above-on-july-31-2026,0xbfcb6e022d352aafdc05c967a662a810dbe43aa7b86ff0abc9fa865e4e323340
a0fc1aa1de2b6ca3bcf81b7e2c47a521f200f44f,0xd34f2b5e9ee02bed8a107fdf9bda2d866dc61c95,0xeabd32a9584d8dfbb7158092ec35b66db3c59341837415c69172ff00b5c7622a,52073094185701540732341109481841940079976905964191632865122232504651802206893,BUY,0.988,9.99,9.87012,1785527745,No,1,S&P 500 (SPY) closes above $750 on July 31?,spy-closes-above-on-july-31-2026,0x58495c9231690478189dc2080e64e06d7580caaeaff31c29b05459e726143cce
6982c42a1899d5b03f2bbe495de7e94fbd653c08,0xd34f2b5e9ee02bed8a107fdf9bda2d866dc61c95,0xeabd32a9584d8dfbb7158092ec35b66db3c59341837415c69172ff00b5c7622a,52073094185701540732341109481841940079976905964191632865122232504651802206893,BUY,0.997,334.0,332.998,1785527760,No,1,S&P 500 (SPY) closes above $750 on July 31?,spy-closes-above-on-july-31-2026,0xcb6a2654dece5f61df1fe500194e9f69b8b1f3d2f2b10ee871d4634d0b759df7
9cae69419588dfc4d84dc315a01d8a4e817bc8a6,0xd34f2b5e9ee02bed8a107fdf9bda2d866dc61c95,0xeabd32a9584d8dfbb7158092ec35b66db3c59341837415c69172ff00b5c7622a,52073094185701540732341109481841940079976905964191632865122232504651802206893,BUY,0.999,247.93,247.68207,1785527828,No,1,S&P 500 (SPY) closes above $750 on July 31?,spy-closes-above-on-july-31-2026,0x3773a47595b0a9ee4342e75060e31e3eda978479f7abb56293d5de4a625c940e
e1447be8f1942a751f825d7bab2cdf04027a9c23,0xd34f2b5e9ee02bed8a107fdf9bda2d866dc61c95,0x3c1b9e370486b399f6a4c398e0a86cbb75b0e01ae9eb59fc503b62241df18841,38400820373118241582688761399087324153152431599221369317367870141446152567740,BUY,0.999,170.0,169.83,1785527840,Yes,0,S&P 500 (SPY) closes above $740 on July 31?,spy-closes-above-on-july-31-2026,0x6bdb004707d086b9ec9e14e4748f2b18437954a5a546daa6a8b796cea195fff7
9013fe4bd6b71132af78431f71cf5ee1d8776545,0xd34f2b5e9ee02bed8a107fdf9bda2d866dc61c95,0xb968ea810991649ccd69c74a681c08befb523dac3ae7759c2ea0785644e218f2,54051352937342988826728512851695360295377712452797709881746309551193854213098,BUY,0.996,100.0,99.6,1785527847,Yes,0,S&P 500 (SPY) closes above $745 on July 31?,spy-closes-above-on-july-31-2026,0x128841edaf01c33eeb8f50d7ccae3b20f1f71f9e245519db670bb2e1d7e40f0f
f02e2dd84e1d80a4db5e1cf754fde33efafe59c1,0xd34f2b5e9ee02bed8a107fdf9bda2d866dc61c95,0xb968ea810991649ccd69c74a681c08befb523dac3ae7759c2ea0785644e218f2,54051352937342988826728512851695360295377712452797709881746309551193854213098,BUY,0.998,52.0,51.896,1785527852,Yes,0,S&P 500 (SPY) closes above $745 on July 31?,spy-closes-above-on-july-31-2026,0x481a4297c67ea6ec407ebb7ac68f8040de1bfb6e75e5f2f812a2b88e80b7fc03
5e0cdd64c70df2f6f56bceef453b69206893befa,0xd34f2b5e9ee02bed8a107fdf9bda2d866dc61c95,0xb968ea810991649ccd69c74a681c08befb523dac3ae7759c2ea0785644e218f2,54051352937342988826728512851695360295377712452797709881746309551193854213098,BUY,0.999,270.0,269.73,1785527996,Yes,0,S&P 500 (SPY) closes above $745 on July 31?,spy-closes-above-on-july-31-2026,0x1aab4b7d1a1f88720c4963ff5c9ab39c9e80f441195df90c2c26a7629ee53292
e3cba34f8a8f876d0e7d6d73385d2c2beb09aa9f,0xd34f2b5e9ee02bed8a107fdf9bda2d866dc61c95,0xa6480903e54c68f2ee79cacb7861dfcc9b473e8b07d6dcaf2c9923034a5fb56f,107961194152792740725727064379230288293910546811577910480987951504293301797282,BUY,0.996,700.0,697.2,1785528159,Yes,0,Israel x Iran ceasefire continues through July 31?,israel-x-iran-ceasefire-continues-throughptptpt-20260716224448963,0x18bbc6a9087113c4df5bd1969ae2af8437b37664a2982d5b76245256a4be979d
a9dceefd398727e1291657a954a742d1bcdf024c,0xd34f2b5e9ee02bed8a107fdf9bda2d866dc61c95,0xa6480903e54c68f2ee79cacb7861dfcc9b473e8b07d6dcaf2c9923034a5fb56f,107961194152792740725727064379230288293910546811577910480987951504293301797282,BUY,0.993,100.0,99.3,1785532830,Yes,0,Israel x Iran ceasefire continues through July 31?,israel-x-iran-ceasefire-continues-throughptptpt-20260716224448963,0x4f3323a39dc5fad95b4cfcd0d54e5a1be6f61c5db95e5567ad8ec43afe23ca3d
e5e3ad1febd187706263bbb884e9e309c90be339,0xd34f2b5e9ee02bed8a107fdf9bda2d866dc61c95,0xa6480903e54c68f2ee79cacb7861dfcc9b473e8b07d6dcaf2c9923034a5fb56f,107961194152792740725727064379230288293910546811577910480987951504293301797282,BUY,0.994,2729.06,2712.68564,1785532871,Yes,0,Israel x Iran ceasefire continues through July 31?,israel-x-iran-ceasefire-continues-throughptptpt-20260716224448963,0xbf466c0b96c513fd4b69c16e0696f39d120663f440a909bbe48e12d344fdc1d0
479e949d099d3b4bc610cc1e86ef0b5b2418694d,0xdf44c3e8ce0a3f66dd4cdf7688e1f23500d770f1,0xbf08ec6654ade883d96f3e25a5330ccf4aae0d8e9efa690c694305e95738e8a1,54433276129324712073285993587062922641699732288614194228246811181104983627206,BUY,0.689930317,5072.976083,3499.999997077608,1785577974,No,1,Iran full airspace closure by August 15?,iran-full-airspace-closure-byptptpt-20260625195253028,0x9ee9571645a0fbc59840bd1588260a766ecc518127341d9469f1948485cd199e
43fe738c6be0aec4954b5859f8708b5ec2bf0b14,0xdf44c3e8ce0a3f66dd4cdf7688e1f23500d770f1,0x5a9395dae6c7643ea06e7a555580a5526e81073aea9c9306363529c5b76a8f8b,34707224416470630443022501916513884846577205082389077639001965749737041106571,BUY,0.9240845913,3787.532042,3499.999999067224,1785578051,No,1,US x Iran Effective Ceasefire by July 31?,us-x-iran-effective-ceasfire-byptptpt-2-week-pause-20260715194822042,0x9a0d59670647b07dce380c821c9394a64854c725652d50e08002bb421543b9be
2dc6454e3b39293782eb85eee021e193b0bd1236,0xdf44c3e8ce0a3f66dd4cdf7688e1f23500d770f1,0xbf08ec6654ade883d96f3e25a5330ccf4aae0d8e9efa690c694305e95738e8a1,54433276129324712073285993587062922641699732288614194228246811181104983627206,BUY,0.6899999586,1.449274,0.9999990000000563,1785578081,No,1,Iran full airspace closure by August 15?,iran-full-airspace-closure-byptptpt-20260625195253028,0x9f90aedb4bd19107fb8bc09c98642d8fe830f93bcf6ab9031967103b01af4a8c
64aa57f444e0e211d41325002adc8954dbbdc518,0xdf44c3e8ce0a3f66dd4cdf7688e1f23500d770f1,0xbdc0827c873d1c3c538e549ab94c77829f7e40fd3376b25164c0279f744a87bc,8380715925577845977184977030716387784969501288623224112825735013253473276536,BUY,0.6809067625,2937.259709,1999.9999990768822,1785578127,No,1,"US x Iran diplomatic meeting by August 31, 2026?",next-round-of-us-iran-peace-talks-byptptpt-20260623022722982,0xf6c80d27724ffa720fb3e272f6afdb7ac5ba637c4eebe5ddc1bd72e460a1ce40
30af1257853fb80a52954b81a5902bd47f7a78a9,0xdf44c3e8ce0a3f66dd4cdf7688e1f23500d770f1,0xbdc0827c873d1c3c538e549ab94c77829f7e40fd3376b25164c0279f744a87bc,8380715925577845977184977030716387784969501288623224112825735013253473276536,BUY,0.6699999196,1.492536,0.9999990000001058,1785578159,No,1,"US x Iran diplomatic meeting by August 31, 2026?",next-round-of-us-iran-peace-talks-byptptpt-20260623022722982,0x1cbacc13460f2b1116d9461b728025e4bc876ee32742175be7abc0947c9a1034
718e0100f9a3b65aa0aa4655cf5ae3bcf8b78a8b,0xdf44c3e8ce0a3f66dd4cdf7688e1f23500d770f1,0x5a9395dae6c7643ea06e7a555580a5526e81073aea9c9306363529c5b76a8f8b,34707224416470630443022501916513884846577205082389077639001965749737041106571,BUY,0.9299999907,1.075257,0.9999890000001097,1785578172,No,1,US x Iran Effective Ceasefire by July 31?,us-x-iran-effective-ceasfire-byptptpt-2-week-pause-20260715194822042,0xb8da210efebdc1816db5f412199e3c1d0fde6b2b22834fccfc0c871ff97525bc
1bdb21ecf00f24110e179e82c3fb7d82516eb841,0xdf44c3e8ce0a3f66dd4cdf7688e1f23500d770f1,0x93796dea2fe5dfc8da1a942448e6ab767d9bb3464a96ea3a527dfed0ef7bd958,112157595552502425360311365480557346272967836691353340001604809204498706086576,BUY,0.82,3658.536583,2999.99999806,1785578346,Yes,0,Israel x Iran ceasefire continues through August 2?,israel-x-iran-ceasefire-continues-throughptptpt-20260716224448963,0xa1937f03373d6c8ca150da8472fd9e90e4cdf826b0d6bbf3f073895e6efc8d5e
5d855f07e2a5c50b7878afe2196412de2e831803,0xdf44c3e8ce0a3f66dd4cdf7688e1f23500d770f1,0xceb73b756d1dffbb60452a86efbca93efea9453a6f5078b2c8fd49dda3f5ccee,104628309488587616237515900963758328926363798303475209280258444561216878013118,BUY,0.7533544555,2654.792818,1999.9999978697006,1785578591,No,1,Iran charges Hormuz fees by August 31?,iran-charges-hormuz-fees-byptptpt-20260625175035466,0x822a9158d29d6fa846d0f26426d9e4b6fcdb7e7a4155683bcbd996b7614ea9b7
9b4c329a3a6dd8e8a3c571c410da192dba5f4d1c,0xdf44c3e8ce0a3f66dd4cdf7688e1f23500d770f1,0x93796dea2fe5dfc8da1a942448e6ab767d9bb3464a96ea3a527dfed0ef7bd958,112157595552502425360311365480557346272967836691353340001604809204498706086576,BUY,0.8199999836,1.219511,0.9999990000000196,1785578619,Yes,0,Israel x Iran ceasefire continues through August 2?,israel-x-iran-ceasefire-continues-throughptptpt-20260716224448963,0x9240e32bd3e132ca6e2f5dc4617a9a095adb6e29d1b83e02f0259363943e1ae3
2d712ffbd4f373485780a844a248e5569e74e0d7,0xdf44c3e8ce0a3f66dd4cdf7688e1f23500d770f1,0xceb73b756d1dffbb60452a86efbca93efea9453a6f5078b2c8fd49dda3f5ccee,104628309488587616237515900963758328926363798303475209280258444561216878013118,BUY,0.8,1.25,1.0,1785578643,No,1,Iran charges Hormuz fees by August 31?,iran-charges-hormuz-fees-byptptpt-20260625175035466,0x9ddc9abf2bf8ec273535770a2b6cc9d7111f5e7d584a0a202019262f70b02204
01a86883893520e7df924bfa73b98a801b75d139,0xdf44c3e8ce0a3f66dd4cdf7688e1f23500d770f1,0xf9eb9af27f46431e719ebcd980e236b774f7b0ea5f661ed6f88d9b7925fdf6e7,8436834938515306421583541875988085758056611099171878886366787267369347805322,BUY,0.65,15.0,9.75,1785579057,No,1,Will WTI Crude Oil (WTI) hit (HIGH) $100 in August?,what-price-will-wti-hit-in-august-2026,0x6c34618d119a2f94b085fdac4dfbfe1f42b6889f8b2686f58472ba011fad7313
fbff30463f1b80a8e0f64e14cefa9c0fcfc8ef7c,0xdf44c3e8ce0a3f66dd4cdf7688e1f23500d770f1,0x833f0bac240ad7d5c947d58a8acac0f77a74cf03dccd8f9b72a28811836a920f,74471063197076776334391254341065793842427098559384116332065016354576255944164,BUY,0.6740539755,2226.824635,1500.9999979630863,1785579423,No,1,US x Iran Effective Ceasefire by August 14?,us-x-iran-effective-ceasfire-byptptpt-2-week-pause-20260715194822042,0xfee7ee88cfb2f8dc2273ec2fdad569957bd0659c0d99655e2a9b6368b61ad448
4646690f56e059d22c811e2915ea46a86e2c076d,0xdf44c3e8ce0a3f66dd4cdf7688e1f23500d770f1,0x833f0bac240ad7d5c947d58a8acac0f77a74cf03dccd8f9b72a28811836a920f,74471063197076776334391254341065793842427098559384116332065016354576255944164,BUY,0.6899999952,28.985506,19.999999000869572,1785579719,No,1,US x Iran Effective Ceasefire by August 14?,us-x-iran-effective-ceasfire-byptptpt-2-week-pause-20260715194822042,0x0c9b881498309ad1779e448bb51376e8d8a8577b7841147b8c2e828659bf2fe7
f27341ffbf46b91bc2bb46e8c1fbb9baca471bd7,0xdf44c3e8ce0a3f66dd4cdf7688e1f23500d770f1,0x1e8055c6e09fca13e86fccc97990f3e99e42232f26091851712fbb0db6c31eb5,54862635105139436149069486515262110889821613159945422921778685543538501897631,BUY,0.73,3424.657533,2499.99999909,1785579885,Bilibili Gaming,1,LoL: JD Gaming vs Bilibili Gaming (BO3) - LPL Group Ascend,lol-jdg-blg-2026-08-01,0x88c76e9a7b446ba57a64e0d92e5bcf2c6c498562b4ccbf4b75ed9dfc625a0cc8
f13c0c17b2aa6617200b0d270537462a5d3fb4c2,0xdf44c3e8ce0a3f66dd4cdf7688e1f23500d770f1,0x1e8055c6e09fca13e86fccc97990f3e99e42232f26091851712fbb0db6c31eb5,54862635105139436149069486515262110889821613159945422921778685543538501897631,BUY,0.7299998102,1.369862,0.9999990000001924,1785579927,Bilibili Gaming,1,LoL: JD Gaming vs Bilibili Gaming (BO3) - LPL Group Ascend,lol-jdg-blg-2026-08-01,0x44a6274a506288339fe33b88c39af46d2757c5b3de7a672c75344372ce9b5c53
f948149e0e89177e62a416c515ec5ea7d4ea2c24,0xdf44c3e8ce0a3f66dd4cdf7688e1f23500d770f1,0x4d250b591dd7b7ffec3a518c1c83fc757f91d801762e868252c482d1f4d18896,68400022093573165474037038700563901937737223661702772285033991069743666651631,BUY,0.78,845.61,659.5758000000001,1785580446,No,1,"Will Bitcoin dip to $55,000 in August?",what-price-will-bitcoin-hit-in-august-2026,0xad7ce802a83447cec0eb839c09556a94fde43036f77c305b3d91e434c9e9b32b
7aec7076f213b158f9a5bfb36d633fd4ed795869,0xdf44c3e8ce0a3f66dd4cdf7688e1f23500d770f1,0x915dd9e35a242624df721871c609d23b74242a766b86bd70496afd23c99e7f98,69041918862230770338367885738103882164723166524950967553005740340075212688169,BUY,0.8299999998,750.602405,622.9999959998795,1785580563,No,1,Will the US announce withdrawal from MOU negotiations by August 31?,us-announces-withdrawal-from-mou-negotiations-byptptpt-20260622192051747,0x02300e76f2bb82292a3dc27d5af575956939d531a534e4c2d44783ee2a398954
de3c3e72dba097fc90f25202953e3eb2f77efd05,0xdf44c3e8ce0a3f66dd4cdf7688e1f23500d770f1,0x5dc212b712dcf514432221436140eec9717aea8f9fbead457c858d14ee519b90,87823307068114498763935325850531429658457985750942226626931639924771886967405,BUY,0.96,6.25,6.0,1785580908,No,1,"US announces end of Iranian blockade by August 7, 2026?",us-announces-end-of-iranian-blockade-byptptpt-20260713152715080,0xec5705b73c10094691c466d2aac3dbf22103726bc82de76c75f1836b23bf5c8a
c371f996f569c49b5d7eac4a6e0e06e042ed478d,0xdf44c3e8ce0a3f66dd4cdf7688e1f23500d770f1,0xc1556ecbe613e403dfb9e38bf1b25a8aee2aa1687f2b343bc896dd2c9763ed74,89213299320340519312609800070963866900731006421290655419739582074858285792863,BUY,0.5499999999,2305.454544,1267.9999989694547,1785581046,No,1,Israel x Iran ceasefire continues through August 31?,israel-x-iran-ceasefire-continues-throughptptpt-20260716224448963,0x4e0ef8999881f6745f1b5302b8007b82cb64fc44b14ff518269149eecb56c26f
13a951872f9ad9ad474d2ef43b8d291e24a19530,0xdf44c3e8ce0a3f66dd4cdf7688e1f23500d770f1,0xc1556ecbe613e403dfb9e38bf1b25a8aee2aa1687f2b343bc896dd2c9763ed74,89213299320340519312609800070963866900731006421290655419739582074858285792863,BUY,0.5499999999,1334.545453,733.9999990165455,1785582080,No,1,Israel x Iran ceasefire continues through August 31?,israel-x-iran-ceasefire-continues-throughptptpt-20260716224448963,0xbf46d730c69c80af66ca05d4fad5653bdf899e83fae44f8908db7628cc8c7e2b
c693914f34afde2635ca8c235a7aa657367ae78b,0xdf44c3e8ce0a3f66dd4cdf7688e1f23500d770f1,0x93796dea2fe5dfc8da1a942448e6ab767d9bb3464a96ea3a527dfed0ef7bd958,112157595552502425360311365480557346272967836691353340001604809204498706086576,BUY,0.7899999998,506.329109,399.99999600873423,1785582582,Yes,0,Israel x Iran ceasefire continues through August 2?,israel-x-iran-ceasefire-continues-throughptptpt-20260716224448963,0xab08396dec071982458f6498e566cdf0772a3bcc4c61f18e73b22e31e392d851
40372d24a11e36562b46dd30ad25aca9a572161a,0xdf44c3e8ce0a3f66dd4cdf7688e1f23500d770f1,0x93796dea2fe5dfc8da1a942448e6ab767d9bb3464a96ea3a527dfed0ef7bd958,112157595552502425360311365480557346272967836691353340001604809204498706086576,BUY,0.7899999997,126.582276,99.99999800202531,1785582621,Yes,0,Israel x Iran ceasefire continues through August 2?,israel-x-iran-ceasefire-continues-throughptptpt-20260716224448963,0x6493d8967b77622da71a9f236be8c8395f73a396c370f5b36f72fc79a4c11c2e
a20ffbfa6f01dd79708735b3632f5b2f33de2b33,0xdf44c3e8ce0a3f66dd4cdf7688e1f23500d770f1,0xf9eb9af27f46431e719ebcd980e236b774f7b0ea5f661ed6f88d9b7925fdf6e7,8436834938515306421583541875988085758056611099171878886366787267369347805322,BUY,0.65,1.53846,0.999999,1785583359,No,1,Will WTI Crude Oil (WTI) hit (HIGH) $100 in August?,what-price-will-wti-hit-in-august-2026,0x034e80f85fb6313cb2198d69601751468e5b945c03c688820d33c3108d59a458
b0e9ff0ffbc330c006c5d7ce55ec9709576dbe2a,0xdf44c3e8ce0a3f66dd4cdf7688e1f23500d770f1,0x9593f903142171b16ec435afcedd76b5f04baf0d6fc210735a39838bb367dabf,16786662463760591362834360296130680484378245981260751981512471246596498676245,BUY,0.8857627765,2257.94089,1999.999991899281,1785583953,Dplus KIA,1,LoL: Gen.G vs Dplus KIA - Game 1 Winner,lol-gen-dk-2026-08-01,0x4e201ae49b56a4a49d35dd9f98491782ee44604a78ad1649486f1bf3abced3f1
40d12cfdf27b0340d2b7881468c497ce893b62dc,0xdf44c3e8ce0a3f66dd4cdf7688e1f23500d770f1,0x833f0bac240ad7d5c947d58a8acac0f77a74cf03dccd8f9b72a28811836a920f,74471063197076776334391254341065793842427098559384116332065016354576255944164,SELL,0.6775541823,2255.81,1528.433499974163,1785587387,No,1,US x Iran Effective Ceasefire by August 14?,us-x-iran-effective-ceasfire-byptptpt-2-week-pause-20260715194822042,0x2f56fa4b11cb5b5b777de5e5018833051019327bc1a97bd7cde664dcb817c3da
75121b4bfcd150c9f8c7b52a8918a2462ee71e0a,0xdf44c3e8ce0a3f66dd4cdf7688e1f23500d770f1,0x93796dea2fe5dfc8da1a942448e6ab767d9bb3464a96ea3a527dfed0ef7bd958,112157595552502425360311365480557346272967836691353340001604809204498706086576,BUY,0.72,1.527775,1.099998,1785596922,Yes,0,Israel x Iran ceasefire continues through August 2?,israel-x-iran-ceasefire-continues-throughptptpt-20260716224448963,0x46f0eb7303ca4b5af2b7fa1dac1ea2ef0d7f257779c7082066f5f93a43dd4644
4efc9a699d907ddfbda39fefb4cbac7a2821e614,0xdf44c3e8ce0a3f66dd4cdf7688e1f23500d770f1,0xbad91c213787a7542345b8abd72a1d55754987c47ba82ef5d4aa625ac046f024,5999744809251301706347643347936329832844892022892714657139343310900542354250,BUY,0.3945631097,2025.68,799.258600057096,1785600056,Yes,0,Iran full airspace closure by August 31?,iran-full-airspace-closure-byptptpt-20260625195253028,0xce5c6b1ccb7b4210b731592f265bdade8095da00aec9098e3fa2aeabe3e21e94
f16eee2ba77f1f87007135ff629339a9abbb14b6,0xdf44c3e8ce0a3f66dd4cdf7688e1f23500d770f1,0xbad91c213787a7542345b8abd72a1d55754987c47ba82ef5d4aa625ac046f024,5999744809251301706347643347936329832844892022892714657139343310900542354250,BUY,0.4,2.5,1.0,1785600078,Yes,0,Iran full airspace closure by August 31?,iran-full-airspace-closure-byptptpt-20260625195253028,0x7e5ff46ed79b5e78cdee607fd1bfd2181014b40c0813b2c737e78ee37943b485
c3ab3e95622efc4830a947f21c577ed8ece4a556,0xdf44c3e8ce0a3f66dd4cdf7688e1f23500d770f1,0xb529e8dbe7fff34143a5a79396a1bd5d5c3b9c810d1829d0ad2c483ee5858981,47008811341579399094069836257829274172566530287816006984285634561637726784649,BUY,0.85,4117.647053,3499.9999950499996,1785602786,No,1,Will WTI Crude Oil (WTI) hit (LOW) $70 in August?,what-price-will-wti-hit-in-august-2026,0xfa307abe323ee1b74cf19c2749a659919d0244a0b6404da6d93b92e776f12ed8
7e3451ae5b3c4db6ff30743730c324f5d5021278,0xdf44c3e8ce0a3f66dd4cdf7688e1f23500d770f1,0xb529e8dbe7fff34143a5a79396a1bd5d5c3b9c810d1829d0ad2c483ee5858981,47008811341579399094069836257829274172566530287816006984285634561637726784649,BUY,0.849999915,1.176466,0.99999600000039,1785604689,No,1,Will WTI Crude Oil (WTI) hit (LOW) $70 in August?,what-price-will-wti-hit-in-august-2026,0xc4558133903a46c9db46bc5bd326f435dd0fff473e30b843530808614026144e
6d86c544f1d51cc1c8dea0b3940b66d2f7bcbcda,0xdf44c3e8ce0a3f66dd4cdf7688e1f23500d770f1,0xbf08ec6654ade883d96f3e25a5330ccf4aae0d8e9efa690c694305e95738e8a1,54433276129324712073285993587062922641699732288614194228246811181104983627206,BUY,0.6299999989,257.142856,161.99999899714285,1785604970,No,1,Iran full airspace closure by August 15?,iran-full-airspace-closure-byptptpt-20260625195253028,0xf01e9c5a2801b922631d5a845fd42ae82fa927d08740a07d97f8629d7043b449
e607df1f61a532b6a2b5dee732cf84ad9efd4aaf,0xdf44c3e8ce0a3f66dd4cdf7688e1f23500d770f1,0x93796dea2fe5dfc8da1a942448e6ab767d9bb3464a96ea3a527dfed0ef7bd958,112157595552502425360311365480557346272967836691353340001604809204498706086576,BUY,0.6199999991,322.580644,199.99999898967744,1785608834,Yes,0,Israel x Iran ceasefire continues through August 2?,israel-x-iran-ceasefire-continues-throughptptpt-20260716224448963,0xd406ae32161d4b9465d51a272e3335dcf37f64903255d9096ce772dfb28c13e9
eaad69627accfaea40d2c0801008fc6748ae2817,0xdf44c3e8ce0a3f66dd4cdf7688e1f23500d770f1,0x93796dea2fe5dfc8da1a942448e6ab767d9bb3464a96ea3a527dfed0ef7bd958,112157595552502425360311365480557346272967836691353340001604809204498706086576,BUY,0.6299929998,1000.01111,629.9999990222278,1785608873,Yes,0,Israel x Iran ceasefire continues through August 2?,israel-x-iran-ceasefire-continues-throughptptpt-20260716224448963,0x552682c062675d9335bd950406eb0d9f3cf5a17e66ea02268b296e5f8fe0d1ba
26f600ac480a11c85840e057a2e5c543be1ac9d4,0xdf44c3e8ce0a3f66dd4cdf7688e1f23500d770f1,0x93796dea2fe5dfc8da1a942448e6ab767d9bb3464a96ea3a527dfed0ef7bd958,112157595552502425360311365480557346272967836691353340001604809204498706086576,BUY,0.64,468.75,300.0,1785608891,Yes,0,Israel x Iran ceasefire continues through August 2?,israel-x-iran-ceasefire-continues-throughptptpt-20260716224448963,0xf6676e7bb83bf7100825b7e90f0fc7c8a91db03833e4cd822d408fa5aa98e22b
4c6044a0f6c89c09f9c80e1b8535b0a8af8e5475,0xdf44c3e8ce0a3f66dd4cdf7688e1f23500d770f1,0x93796dea2fe5dfc8da1a942448e6ab767d9bb3464a96ea3a527dfed0ef7bd958,112157595552502425360311365480557346272967836691353340001604809204498706086576,BUY,0.64,125.0,80.0,1785608918,Yes,0,Israel x Iran ceasefire continues through August 2?,israel-x-iran-ceasefire-continues-throughptptpt-20260716224448963,0x749aaf0c397cfa8af4c5cb507435a57815a7e168e22c60f5af98fbb93743d2fa
065957aba193d36a9a0a75e96cba608cafe2d437,0xdf44c3e8ce0a3f66dd4cdf7688e1f23500d770f1,0x93796dea2fe5dfc8da1a942448e6ab767d9bb3464a96ea3a527dfed0ef7bd958,112157595552502425360311365480557346272967836691353340001604809204498706086576,BUY,0.6644628096,90.298506,59.99999899944246,1785609042,Yes,0,Israel x Iran ceasefire continues through August 2?,israel-x-iran-ceasefire-continues-throughptptpt-20260716224448963,0x3f7b910ea2ec445149116b66f29893bae4afcad2c259f93a8d75a335cf086a42
4c571cc326995e15e7188d88d3a3dcb13c0566d5,0xd34f2b5e9ee02bed8a107fdf9bda2d866dc61c95,0xe2218e631597ab8f431725570a393d35c9b68adf51e78c9e2d3908a3f61c4864,82763048148280849608118747024447682466395292101567133879940952188182137087723,BUY,0.98,28.97,28.3906,1785609611,Aleksandar Rakic,1,"UFC Fight Night: Marcin Tybura vs. Aleksandar Rakic (Heavyweight, Main Card)",ufc-mar12-ale15-2026-08-01,0x4163e66a8b266bc13a94a49e8e757fcbe1097fa9266f9fbbb33532b1d0874616
142740e10497a5ac3b84bae4309f7d99b2df6a96,0xdf44c3e8ce0a3f66dd4cdf7688e1f23500d770f1,0x4d250b591dd7b7ffec3a518c1c83fc757f91d801762e868252c482d1f4d18896,68400022093573165474037038700563901937737223661702772285033991069743666651631,BUY,0.78,1.28205,0.999999,1785610742,No,1,"Will Bitcoin dip to $55,000 in August?",what-price-will-bitcoin-hit-in-august-2026,0x82c64123c1efdb4e5a70632ff6fc90bd73158ef4690b1fc263e2f051d8a8c7b7
89a96728ad17d93877b4c62e54a1f18d68bc2d9a,0xdf44c3e8ce0a3f66dd4cdf7688e1f23500d770f1,0xbf08ec6654ade883d96f3e25a5330ccf4aae0d8e9efa690c694305e95738e8a1,54433276129324712073285993587062922641699732288614194228246811181104983627206,BUY,0.59,200.0,118.0,1785610923,No,1,Iran full airspace closure by August 15?,iran-full-airspace-closure-byptptpt-20260625195253028,0x510112052468dc3a040dd5cf5e941097999c4d0b73d121d270c73758cd8f2640
4cb31318ffafd1b487c8fcf9f8d9e407019d3f37,0xdf44c3e8ce0a3f66dd4cdf7688e1f23500d770f1,0x2e47cff93eb647a0487879f781ec583f8849eeb397ff0ad5cb38f77ec916c8a7,33031857528917237204569970205279313088825982927565857984494884985176333977929,BUY,0.85,1096.12,931.7019999999999,1785634386,Yes,0,Israel x Iran ceasefire continues through August 3?,israel-x-iran-ceasefire-continues-throughptptpt-20260716224448963,0x3b31b22bbef4f533b4864c599378ea7726b988d713579cce60e219e3f1eb263e
716d72f54d23fdd01d896d6bc9840b7e3adc9916,0xdf44c3e8ce0a3f66dd4cdf7688e1f23500d770f1,0x915dd9e35a242624df721871c609d23b74242a766b86bd70496afd23c99e7f98,69041918862230770338367885738103882164723166524950967553005740340075212688169,BUY,0.8699999971,6.896546,5.999995000000016,1785634566,No,1,Will the US announce withdrawal from MOU negotiations by August 31?,us-announces-withdrawal-from-mou-negotiations-byptptpt-20260622192051747,0xe990e55bc15f86d2a9534c48be5315d023a292d7fdd73b3e1979d6716fed1f9e
643369a14e15118b9dd59c84165a63ec1ff5a658,0xdf44c3e8ce0a3f66dd4cdf7688e1f23500d770f1,0x915dd9e35a242624df721871c609d23b74242a766b86bd70496afd23c99e7f98,69041918862230770338367885738103882164723166524950967553005740340075212688169,BUY,0.869999942,1.72413,1.49999300000046,1785634580,No,1,Will the US announce withdrawal from MOU negotiations by August 31?,us-announces-withdrawal-from-mou-negotiations-byptptpt-20260622192051747,0x6c21b5938da7019ec10f2ab04e216222b58e1e7d6af955d54811ca6fd1830b63
70f7e0ff722e1259ff638d9e36efb29f84371740,0xdf44c3e8ce0a3f66dd4cdf7688e1f23500d770f1,0xed5a9e7831ee363d92cb102f2c21e2465b09196ef5beb7c8e23671851a1c3ca4,92467093729798172795860015164975956539777812580280382263501795773871198126752,BUY,0.6299999998,3650.793649,2299.9999981398414,1785634916,Yes,0,"US x Iran diplomatic meeting by September 30, 2026?",next-round-of-us-iran-peace-talks-byptptpt-20260623022722982,0x3454dfd387c6fe8b12128fa96c1599df9bc16f6225ae5a9d55b2d95f893430c0
858bc38102ae8e5dce1b410f8c62ccf0994f91a5,0xdf44c3e8ce0a3f66dd4cdf7688e1f23500d770f1,0x2e47cff93eb647a0487879f781ec583f8849eeb397ff0ad5cb38f77ec916c8a7,33031857528917237204569970205279313088825982927565857984494884985176333977929,BUY,0.8599999999,1744.186042,1499.9999959455813,1785634979,Yes,0,Israel x Iran ceasefire continues through August 3?,israel-x-iran-ceasefire-continues-throughptptpt-20260716224448963,0x2b5698633d52a7f333aa992795881e6aeba0fe796ba8bbddfbfb246da9fad740
783b7b0d0087749d29874e12031453926a18445d,0xdf44c3e8ce0a3f66dd4cdf7688e1f23500d770f1,0x2e47cff93eb647a0487879f781ec583f8849eeb397ff0ad5cb38f77ec916c8a7,33031857528917237204569970205279313088825982927565857984494884985176333977929,BUY,0.8599999982,184.883719,158.9999980072093,1785635004,Yes,0,Israel x Iran ceasefire continues through August 3?,israel-x-iran-ceasefire-continues-throughptptpt-20260716224448963,0xbd85bf7ff84d6a11b544fa93f30dc37a314e63911d4789baa1effce049080e0d
abf38a3ebb517d9db88f96e1f61d3a348f0167b6,0x2a17c545d823842cdc8baedb5d61ac4e32aeef0f,0x1baf407855ceab1d3e1a9c9c1fe32b547a3ccd575e4d8eb1f7d4b5b27a1122df,56655663448527407103026328668514568306130294232674267267630475034789094115839,SELL,0.019,903.0,17.157,1785636233,Yes,0,"Israel withdraws from Lebanon by August 31, 2026?",israel-withdraws-from-lebanon-by,0xd5c9121dcb8786b63058ed243997f9030d2f11749f99cc4ae64f3590a7d9761c
dd01e7719b6bdd71789226b67741eb3fe0006697,0xdf44c3e8ce0a3f66dd4cdf7688e1f23500d770f1,0xbad91c213787a7542345b8abd72a1d55754987c47ba82ef5d4aa625ac046f024,110868166890001558521729124967806292012287685900188653582015718186210230012112,BUY,0.7103107922,2111.751665,1499.999998095819,1785636632,No,1,Iran full airspace closure by August 31?,iran-full-airspace-closure-byptptpt-20260625195253028,0x61fa6144fb7965e171ae60cec7f7b547226cea7856c87f70ca65dcd1cf5ce2c8
d195fd1d873f36d06a927bab98dc2ccb193b6769,0xdf44c3e8ce0a3f66dd4cdf7688e1f23500d770f1,0xbad91c213787a7542345b8abd72a1d55754987c47ba82ef5d4aa625ac046f024,5999744809251301706347643347936329832844892022892714657139343310900542354250,SELL,0.280703192,2028.18,569.31659995056,1785636657,Yes,0,Iran full airspace closure by August 31?,iran-full-airspace-closure-byptptpt-20260625195253028,0x9801771a647e0efb86a4357aad6f0765b54e60a39ecf050d50d15867f048764e
e69e4be79232ba5511731820e1538b68bd536c24,0xdf44c3e8ce0a3f66dd4cdf7688e1f23500d770f1,0xbad91c213787a7542345b8abd72a1d55754987c47ba82ef5d4aa625ac046f024,110868166890001558521729124967806292012287685900188653582015718186210230012112,BUY,0.7299998102,1.369862,0.9999990000001924,1785636698,No,1,Iran full airspace closure by August 31?,iran-full-airspace-closure-byptptpt-20260625195253028,0xf34843175e61b478ab4939cbc6041dc6d3fb9b41f14529ecd35a82cfb01f982f
046c96474d49c7bbf63acffc4032ff3567798c7d,0xdf44c3e8ce0a3f66dd4cdf7688e1f23500d770f1,0xed5a9e7831ee363d92cb102f2c21e2465b09196ef5beb7c8e23671851a1c3ca4,92467093729798172795860015164975956539777812580280382263501795773871198126752,BUY,0.6699999196,1.492536,0.9999990000001058,1785636849,Yes,0,"US x Iran diplomatic meeting by September 30, 2026?",next-round-of-us-iran-peace-talks-byptptpt-20260623022722982,0x436cb1f6a0944e6afa48142bdad963c184b011879eec1820f6c4ebcffaf4fb68
cf6b9ed5322cb42320d44fca37296161cfd66c7c,0xdf44c3e8ce0a3f66dd4cdf7688e1f23500d770f1,0xbdc0827c873d1c3c538e549ab94c77829f7e40fd3376b25164c0279f744a87bc,8380715925577845977184977030716387784969501288623224112825735013253473276536,BUY,0.5199999983,192.307691,99.99999899307693,1785637281,No,1,"US x Iran diplomatic meeting by August 31, 2026?",next-round-of-us-iran-peace-talks-byptptpt-20260623022722982,0x17b0c170a3820304a578a91394075c75a28523a4982d93cc4468378a084f1246
57a27977a477c47226ae64ba622985bdd3d542f4,0xdf44c3e8ce0a3f66dd4cdf7688e1f23500d770f1,0x93796dea2fe5dfc8da1a942448e6ab767d9bb3464a96ea3a527dfed0ef7bd958,112157595552502425360311365480557346272967836691353340001604809204498706086576,SELL,0.98,219.0,214.62,1785637665,Yes,0,Israel x Iran ceasefire continues through August 2?,israel-x-iran-ceasefire-continues-throughptptpt-20260716224448963,0x4daa20913d1f0363debd4b186a1039208bf0816107060b2dc4398d9cb6c9960a
41561b5f276d397d7f295af058ea0c02af83e7f1,0xdf44c3e8ce0a3f66dd4cdf7688e1f23500d770f1,0x6acdc3316f0b43ca4fbc13623fc018e30f2fd20ae7b93bdc07c8193e99b0ac4d,77550960228341204288120509394963885549177211314903311399404330431381651171385,BUY,0.7917958202,2144.49225,1698.000000001293,1785638054,Yes,0,Israel x Iran ceasefire continues through August 15?,israel-x-iran-ceasefire-continues-throughptptpt-20260716224448963,0x5c64d32bf442129d626b62aa17ee6646d025238c4989ea6b1aee3b8cd7cf2623
fbe63f2bd4fa7d8163be83be0fe07c07047533f7,0xdf44c3e8ce0a3f66dd4cdf7688e1f23500d770f1,0x6acdc3316f0b43ca4fbc13623fc018e30f2fd20ae7b93bdc07c8193e99b0ac4d,77550960228341204288120509394963885549177211314903311399404330431381651171385,BUY,0.8180038956,2973.090972,2431.9999970691906,1785638120,Yes,0,Israel x Iran ceasefire continues through August 15?,israel-x-iran-ceasefire-continues-throughptptpt-20260716224448963,0xd78b3e98cb48b37b6b740eb985361fcc782cb0d0139f7ef2bb8c61e6744b34c5
500deb26aa74b28d0928a2d9748198dab01e8f1d,0xdf44c3e8ce0a3f66dd4cdf7688e1f23500d770f1,0x6acdc3316f0b43ca4fbc13623fc018e30f2fd20ae7b93bdc07c8193e99b0ac4d,77550960228341204288120509394963885549177211314903311399404330431381651171385,BUY,0.7899999993,1102.531644,870.9999979882277,1785638235,Yes,0,Israel x Iran ceasefire continues through August 15?,israel-x-iran-ceasefire-continues-throughptptpt-20260716224448963,0xd29325c9658f412ce00e02bcecccb41872cae9c54d6d73217bc9b60e1e03425b
ea7a96204da957999e0f180f67add7921ac81538,0xdf44c3e8ce0a3f66dd4cdf7688e1f23500d770f1,0xceb73b756d1dffbb60452a86efbca93efea9453a6f5078b2c8fd49dda3f5ccee,104628309488587616237515900963758328926363798303475209280258444561216878013118,SELL,0.7526835063,2656.04,1999.157500073052,1785638583,No,1,Iran charges Hormuz fees by August 31?,iran-charges-hormuz-fees-byptptpt-20260625175035466,0x179cef943921ec57c1981c5c703d47101dacde80d0ddb2107718350b7d027b81
a73117b2db2bad2ddbbd1fa8f9728fdef04af126,0xdf44c3e8ce0a3f66dd4cdf7688e1f23500d770f1,0x93796dea2fe5dfc8da1a942448e6ab767d9bb3464a96ea3a527dfed0ef7bd958,112157595552502425360311365480557346272967836691353340001604809204498706086576,SELL,0.9794531527,3093.88,3030.3105200754762,1785638669,Yes,0,Israel x Iran ceasefire continues through August 2?,israel-x-iran-ceasefire-continues-throughptptpt-20260716224448963,0x2927325388e02d6f4df9a05f30f609ec515085e126ecbae57b2ab5d037f9749c
b76f097e398e2e1d18b35bf55df044634f8c90a9,0xdf44c3e8ce0a3f66dd4cdf7688e1f23500d770f1,0x5a9395dae6c7643ea06e7a555580a5526e81073aea9c9306363529c5b76a8f8b,95577979648711137561778638101766617213130581085760544385254830392377913395624,BUY,0.542296039,1936.211817,1049.9999990240929,1785641055,Yes,0,US x Iran Effective Ceasefire by July 31?,us-x-iran-effective-ceasfire-byptptpt-2-week-pause-20260715194822042,0xa17d7196ca76de15fd6d164af807aeeaa6877c075e5bb5b9da4fe6bd072af12f
82ddc8b47334204e2d8ae7591b742bc93a85c6e3,0xdf44c3e8ce0a3f66dd4cdf7688e1f23500d770f1,0x5a9395dae6c7643ea06e7a555580a5526e81073aea9c9306363529c5b76a8f8b,95577979648711137561778638101766617213130581085760544385254830392377913395624,BUY,0.54,1.85185,0.9999990000000001,1785641112,Yes,0,US x Iran Effective Ceasefire by July 31?,us-x-iran-effective-ceasfire-byptptpt-2-week-pause-20260715194822042,0x91c788e4e21372bdbc9b82797e3d51b1f5c03bf57bf0cc430c22ced0783c7971
287baf22a6498ec993d5180915a211a8b1e6dc6d,0xd34f2b5e9ee02bed8a107fdf9bda2d866dc61c95,0x98f962ca4a21a47b73c8a914d08f224be31bc6dbdc609b3f0edd9654bbc802a1,10286659768913348993358470598849242742860975803412404099275992956393149144886,BUY,0.998,946.91,945.01618,1785647526,Yes,0,Israel x Iran ceasefire continues through August 1?,israel-x-iran-ceasefire-continues-throughptptpt-20260716224448963,0x5b16d18e585b0fcdd49183fbe6610af9e19cd3ef51b0e27d0b6dadc7b9a0101b
b22e7dba34e160a730e41a0801fd9ee9b1de17a3,0xdf44c3e8ce0a3f66dd4cdf7688e1f23500d770f1,0x121c6b7fe5c7d713741d713b03823d0c152bb4b72e20b84e02840e419773cb36,42643993102653849154226829403774324173651687095442113167701765177299747004343,BUY,0.24,1250.0,300.0,1785657669,KT Rolster,0,LoL: KT Rolster vs Hanwha Life Esports (BO3) - LCK Round 3-4 Legend Group,lol-kt-hle1-2026-08-02,0x6dcf698dc8633880206cc764019a43487add2e8fbf0b51b8de2d985fc0e65be9
0f63133b0160d6ec51533238e58922604ed51014,0x91327ef84dca65ca90eea309c5d455daee4b8256,0xed8e542d5af80b01820d07c172803fdf8705b6e01f37ffe4a0deaf99d0bf48bb,9712008882192006730900512537922388355755188194550613973591452431155076044031,BUY,0.89,264.22,235.15580000000003,1785662610,No,1,Will NVIDIA be the second-largest company in the world by market cap on August 31?,2nd-largest-company-end-of-august-20260715202554129,0xc5b719a790d0d411ee7046f53f0ca077ed970b1b21a9958fdd1d8e21e3c5e359
fcdacd6debb4bc4e49c988570851f02bdf63c7ce,0xdf44c3e8ce0a3f66dd4cdf7688e1f23500d770f1,0x68818a54ca4c49406bb28ada26ecf9ce732dba21505454ce874e7066da6d788c,51783880760599120440014289525159847949469877325479084384177696513850906603472,BUY,0.8699999998,459.770107,399.99999299804597,1785671696,Yes,0,Israel x Iran ceasefire continues through August 9?,israel-x-iran-ceasefire-continues-throughptptpt-20260716224448963,0x4e8d4cd244f6e3d4d0c4df34144abded64b8980de8fd682250227b836508064e
b3978f5043f955714956f92ada69615a10c70801,0xdf44c3e8ce0a3f66dd4cdf7688e1f23500d770f1,0x2e47cff93eb647a0487879f781ec583f8849eeb397ff0ad5cb38f77ec916c8a7,33031857528917237204569970205279313088825982927565857984494884985176333977929,SELL,0.9656423419,3025.18,2921.241899869042,1785671730,Yes,0,Israel x Iran ceasefire continues through August 3?,israel-x-iran-ceasefire-continues-throughptptpt-20260716224448963,0x5458ca4b51cf42fe4e070626c6e2b04cf7ec123a29b4730bb8b30e5cd45661c4
d3544962f16fa77ff779e28a7f4fa840fcb6c248,0xdf44c3e8ce0a3f66dd4cdf7688e1f23500d770f1,0x68818a54ca4c49406bb28ada26ecf9ce732dba21505454ce874e7066da6d788c,51783880760599120440014289525159847949469877325479084384177696513850906603472,BUY,0.8699999999,574.712638,499.9999950025287,1785671778,Yes,0,Israel x Iran ceasefire continues through August 9?,israel-x-iran-ceasefire-continues-throughptptpt-20260716224448963,0xd36f948bb51e5d950ef3df943d45e001593fad384306e0918330bd934a30f30f
bb4e437f0a7d73517a22bf0a954a39650ebbe2bb,0xdf44c3e8ce0a3f66dd4cdf7688e1f23500d770f1,0xc1556ecbe613e403dfb9e38bf1b25a8aee2aa1687f2b343bc896dd2c9763ed74,89213299320340519312609800070963866900731006421290655419739582074858285792863,BUY,0.3299999997,1196.969695,394.9999989909091,1785672365,No,1,Israel x Iran ceasefire continues through August 31?,israel-x-iran-ceasefire-continues-throughptptpt-20260716224448963,0x523a144f42a759a2b21e25a5b59d15d1e651cbcce5f3e409e1dcb89b55e47e85
a849cda56742388a6e114d313a29505defc3e3ba,0xdf44c3e8ce0a3f66dd4cdf7688e1f23500d770f1,0x121c6b7fe5c7d713741d713b03823d0c152bb4b72e20b84e02840e419773cb36,42643993102653849154226829403774324173651687095442113167701765177299747004343,SELL,0.57,1250.0,712.4999999999999,1785672522,KT Rolster,0,LoL: KT Rolster vs Hanwha Life Esports (BO3) - LCK Round 3-4 Legend Group,lol-kt-hle1-2026-08-02,0xa81cd48ec1c63d952cb0a7839e8bdc476ef8e96d6d0c87ffa574762cad40c680
f1596be71f9f36b3e8234331a75bd8ecb74db8a7,0xdf44c3e8ce0a3f66dd4cdf7688e1f23500d770f1,0x121c6b7fe5c7d713741d713b03823d0c152bb4b72e20b84e02840e419773cb36,42643993102653849154226829403774324173651687095442113167701765177299747004343,BUY,0.6799999997,2941.176469,1999.9999980376472,1785677739,KT Rolster,0,LoL: KT Rolster vs Hanwha Life Esports (BO3) - LCK Round 3-4 Legend Group,lol-kt-hle1-2026-08-02,0x409cb8a382cfd8785ab5021878ecab2f63006eb34ed02abcb1293e4c27c51be7
1463c39dadd06c006f976447b167759f76af24e2,0xdf44c3e8ce0a3f66dd4cdf7688e1f23500d770f1,0xa54304ad3d320660031a7bb7bfcbf0c4000577a20eeb2a0ad2f716af07b7f117,21003137244005138218558795648505128327306238636850159963652087538608290696350,BUY,0.9111259642,603.648687,549.9999919809391,1785687854,Yes,0,Will WTI Crude Oil (WTI) hit (LOW) $80 in August?,what-price-will-wti-hit-in-august-2026,0xf399bb42f501cc4bbd12d92b2bcfa6934c3df851e8ef05b30b596062a92a7bf4
24e352c5b1df4224a5923f41b7f0bda706b4f366,0xdf44c3e8ce0a3f66dd4cdf7688e1f23500d770f1,0x6acdc3316f0b43ca4fbc13623fc018e30f2fd20ae7b93bdc07c8193e99b0ac4d,77550960228341204288120509394963885549177211314903311399404330431381651171385,BUY,0.7799999997,641.02564,499.9999990076923,1785688160,Yes,0,Israel x Iran ceasefire continues through August 15?,israel-x-iran-ceasefire-continues-throughptptpt-20260716224448963,0xf0b325fa26ecc2b1b8173d2716d88682fdeb963bee12392671b43a7b135e4a6a
3f00bf30fcae07387d6efab0d340cdb192655cae,0xdf44c3e8ce0a3f66dd4cdf7688e1f23500d770f1,0x6acdc3316f0b43ca4fbc13623fc018e30f2fd20ae7b93bdc07c8193e99b0ac4d,77550960228341204288120509394963885549177211314903311399404330431381651171385,BUY,0.7799999997,641.02564,499.9999990076923,1785688181,Yes,0,Israel x Iran ceasefire continues through August 15?,israel-x-iran-ceasefire-continues-throughptptpt-20260716224448963,0xebc3ad6ec915ee190207ea807f9fb51750c2180d1a864e9d068315ce694fb8ee
f01ee8815c155878f372531c50288f90c802cf2d,0xdf44c3e8ce0a3f66dd4cdf7688e1f23500d770f1,0x6acdc3316f0b43ca4fbc13623fc018e30f2fd20ae7b93bdc07c8193e99b0ac4d,77550960228341204288120509394963885549177211314903311399404330431381651171385,BUY,0.78,1.28205,0.999999,1785688197,Yes,0,Israel x Iran ceasefire continues through August 15?,israel-x-iran-ceasefire-continues-throughptptpt-20260716224448963,0xe2d0fa54588daed0b16b54da8137bb9d41ab116a6ad0fc51dbc2bea3680fe012
06e10855d532f3750393919db5dfd426f343f03f,0xd34f2b5e9ee02bed8a107fdf9bda2d866dc61c95,0x75235b7a01d432099cfdd6a3678bbdb2c1a72ee447444f6380d771c1f7574753,100474788520840709323906437786436584724522480010143188636186889220666845151878,BUY,0.999,110.0,109.89,1785689441,No,1,"Bitcoin above 63,800 on August 2, 1PM ET?",bitcoin-above-on-august-2-2026-1pm-et,0xf7c605ade143efa18662856334711de300de0bbd6cba0923a57c77bf938b628a
215a47a8109b08de285dc0171c94ed45357f376f,0xd34f2b5e9ee02bed8a107fdf9bda2d866dc61c95,0xcca2755a212aae3f4a5d862d3dada8505d866d3fe5f4634b0a2bccc996e8c18b,85792473748028401753950183521237277292224142444583603455436055241194298722104,BUY,0.999,110.0,109.89,1785689453,No,1,"Bitcoin above 63,600 on August 2, 1PM ET?",bitcoin-above-on-august-2-2026-1pm-et,0xf654582e400c1ba92570a689f23ba6da6173d54c9563d1bfa7ad8b2dced9e0f5
1b43860b6d4dada5d9279608bc1059d472d537e4,0xd34f2b5e9ee02bed8a107fdf9bda2d866dc61c95,0x29808799d5835ce54b8a448ba11ce271588b084860834e5b7affb93af588834d,14204126285702980316765164481848209056069116276806897870942538616296023601953,BUY,0.999,104.99,104.88501,1785689576,No,1,"Bitcoin above 63,400 on August 2, 1PM ET?",bitcoin-above-on-august-2-2026-1pm-et,0xfa52ac4fc4e7b29f8b72a756ce61e015ca17c9c7201a5aaee760062dd315ad0f
b30905f542bccfee5476c66e7dd894f8ed710059,0xdf44c3e8ce0a3f66dd4cdf7688e1f23500d770f1,0xb529e8dbe7fff34143a5a79396a1bd5d5c3b9c810d1829d0ad2c483ee5858981,47008811341579399094069836257829274172566530287816006984285634561637726784649,SELL,0.52,21.07,10.9564,1785708269,No,1,Will WTI Crude Oil (WTI) hit (LOW) $70 in August?,what-price-will-wti-hit-in-august-2026,0x242e4137ec4fffaea1c21b7d045fee24511417112e30caf33a605d169de4e7ed
b76b01dda70889a771f08ac3556eda1635b7a4e2,0xdf44c3e8ce0a3f66dd4cdf7688e1f23500d770f1,0xb529e8dbe7fff34143a5a79396a1bd5d5c3b9c810d1829d0ad2c483ee5858981,47008811341579399094069836257829274172566530287816006984285634561637726784649,SELL,0.52,10.0,5.2,1785708858,No,1,Will WTI Crude Oil (WTI) hit (LOW) $70 in August?,what-price-will-wti-hit-in-august-2026,0x1fecd88b6fcae7cfe3830dba059070e404b06d0ab16fd10cde3a1df897c929dd
4667852f9042d91956f3b938c7394642a4c1518a,0xdf44c3e8ce0a3f66dd4cdf7688e1f23500d770f1,0xb529e8dbe7fff34143a5a79396a1bd5d5c3b9c810d1829d0ad2c483ee5858981,47008811341579399094069836257829274172566530287816006984285634561637726784649,SELL,0.5056521739,1150.0,581.4999999849999,1785709277,No,1,Will WTI Crude Oil (WTI) hit (LOW) $70 in August?,what-price-will-wti-hit-in-august-2026,0x9033282026e09d116cfecbec8bbcabdc3081ff24e1f428bd1ccbfd3532cad9fe
f646a0703b58d67d7e36198b799fe112ef06f5bf,0xdf44c3e8ce0a3f66dd4cdf7688e1f23500d770f1,0xc1556ecbe613e403dfb9e38bf1b25a8aee2aa1687f2b343bc896dd2c9763ed74,89213299320340519312609800070963866900731006421290655419739582074858285792863,SELL,0.31,1864.0,577.84,1785710091,No,1,Israel x Iran ceasefire continues through August 31?,israel-x-iran-ceasefire-continues-throughptptpt-20260716224448963,0xaef071c8b04f5bf19a91903e58f8ef1d0b21fe7186567ee83f4b397cbff9ecd6
83f10672ac54dc94906bde6300a0a6288ee62dd9,0xdf44c3e8ce0a3f66dd4cdf7688e1f23500d770f1,0xbdc0827c873d1c3c538e549ab94c77829f7e40fd3376b25164c0279f744a87bc,8380715925577845977184977030716387784969501288623224112825735013253473276536,SELL,0.5802579846,387.62,224.919599990652,1785710606,No,1,"US x Iran diplomatic meeting by August 31, 2026?",next-round-of-us-iran-peace-talks-byptptpt-20260623022722982,0x2807b33efd13f654ad698d8701615d876329d766e265a1c56bab3c0aa3fcb035
e110015d04aca671a1edce8b20ce0c74e3d62835,0xdf44c3e8ce0a3f66dd4cdf7688e1f23500d770f1,0xbdc0827c873d1c3c538e549ab94c77829f7e40fd3376b25164c0279f744a87bc,8380715925577845977184977030716387784969501288623224112825735013253473276536,SELL,0.57,800.0,455.99999999999994,1785710640,No,1,"US x Iran diplomatic meeting by August 31, 2026?",next-round-of-us-iran-peace-talks-byptptpt-20260623022722982,0x4bad470968e3c002d51697634370358b2788b22e80bf674df41a82779198c22f
65534ef4b2f97653e0bee2cbb47976fa3f0f14c5,0xdf44c3e8ce0a3f66dd4cdf7688e1f23500d770f1,0xec8fb126cb6166a24fe41ca44772fb092efd591ffa9e8a8bd27b292f3353a6b5,45691138284392247799480039269191461630142831037707390402697922072569909819489,BUY,0.9010868397,5548.854758,4999.9999978405285,1785711477,No,1,"US x Iran diplomatic meeting by August 7, 2026?",next-round-of-us-iran-peace-talks-byptptpt-20260623022722982,0x8a9b7fc28e12a2742a6d43fb7815d4ce659c291d75d132a7f3d2d47e803d7362
f5d4ea64455ad746bae229aee5bc1d425780adae,0xdf44c3e8ce0a3f66dd4cdf7688e1f23500d770f1,0xec8fb126cb6166a24fe41ca44772fb092efd591ffa9e8a8bd27b292f3353a6b5,45691138284392247799480039269191461630142831037707390402697922072569909819489,BUY,0.91,1.0989,0.999999,1785711782,No,1,"US x Iran diplomatic meeting by August 7, 2026?",next-round-of-us-iran-peace-talks-byptptpt-20260623022722982,0xec3e0c922b52d75462ef19fb93ceeb1729cb2f0a7ea9018e4d0f9cdb38618cbd
0aabc713960486362a247824c8c97c28d1c5677c,0xdf44c3e8ce0a3f66dd4cdf7688e1f23500d770f1,0x5a9395dae6c7643ea06e7a555580a5526e81073aea9c9306363529c5b76a8f8b,95577979648711137561778638101766617213130581085760544385254830392377913395624,BUY,0.5399999995,925.925923,499.99999795703707,1785712923,Yes,0,US x Iran Effective Ceasefire by July 31?,us-x-iran-effective-ceasfire-byptptpt-2-week-pause-20260715194822042,0xb920c787cfbccbb86b68894cc95592da9cc9adf4b84cb22df8d27d52e5389b6b
2c0e154b53790480ae818c7f9c19faba9c6129cf,0xdf44c3e8ce0a3f66dd4cdf7688e1f23500d770f1,0x6acdc3316f0b43ca4fbc13623fc018e30f2fd20ae7b93bdc07c8193e99b0ac4d,77550960228341204288120509394963885549177211314903311399404330431381651171385,BUY,0.7799999988,679.487178,529.9999980246154,1785714368,Yes,0,Israel x Iran ceasefire continues through August 15?,israel-x-iran-ceasefire-continues-throughptptpt-20260716224448963,0x29515d7eb6bda158810d24e940c084fa6859eea79c54b03c0567a7f2aecbe51f
5f35bb0f0d7eecb923cc5b7edf15030371c9f8e7,0xdf44c3e8ce0a3f66dd4cdf7688e1f23500d770f1,0x4ca4c2914ffc92a7e686e6b732da62cc6440242895df5c527225cb7b62255615,105020167286029681607743884087267498762815669926087038893490877462510898310022,BUY,0.0401161992,1246.379267,49.99999895372199,1785717335,Yes,0,Will WTI Crude Oil (WTI) hit (LOW) $60 in August?,what-price-will-wti-hit-in-august-2026,0x1fb3c59e5023445558a015d5b17db3c719a1fb6b4f50f66715fefd2fa11dede6
9f209127730f732f29ef4a4edde63af59a8431c5,0xdf44c3e8ce0a3f66dd4cdf7688e1f23500d770f1,0x6acdc3316f0b43ca4fbc13623fc018e30f2fd20ae7b93bdc07c8193e99b0ac4d,77550960228341204288120509394963885549177211314903311399404330431381651171385,BUY,0.7799999998,656.410254,511.99999798871795,1785719765,Yes,0,Israel x Iran ceasefire continues through August 15?,israel-x-iran-ceasefire-continues-throughptptpt-20260716224448963,0x0c7882ebc1cab02afc6746ca246bf145911651baf8e47bd4c87341ed0ddcd623
75a620204430677d55fa85f6a0365f52deacd6fd,0xdf44c3e8ce0a3f66dd4cdf7688e1f23500d770f1,0x5dc212b712dcf514432221436140eec9717aea8f9fbead457c858d14ee519b90,87823307068114498763935325850531429658457985750942226626931639924771886967405,BUY,0.7499965163,2666.679052,1999.9999990901865,1785732261,No,1,"US announces end of Iranian blockade by August 7, 2026?",us-announces-end-of-iranian-blockade-byptptpt-20260713152715080,0x2730dc929b77b689ad76724839f827df30523efff5905aa13b5828eab12f6310
6c3caf69bc7a6d2b4113259783eadcb3a8acfe44,0xdf44c3e8ce0a3f66dd4cdf7688e1f23500d770f1,0xc1556ecbe613e403dfb9e38bf1b25a8aee2aa1687f2b343bc896dd2c9763ed74,89213299320340519312609800070963866900731006421290655419739582074858285792863,SELL,0.3032171977,2972.96,901.452600074192,1785734979,No,1,Israel x Iran ceasefire continues through August 31?,israel-x-iran-ceasefire-continues-throughptptpt-20260716224448963,0x76660d6378b65c4e74b5c547698b60781d3a171dbce677d7c566c230db97ef38
20295ef1d56255724c64815a98a70802511c2045,0xdf44c3e8ce0a3f66dd4cdf7688e1f23500d770f1,0x61a5b075efdefbcbf563c65111907534c667a6905944ae2f5bafe72380da4a64,42971542795695377547859041103198480084393686186310028925079933041167552214358,BUY,0.882070925,300.429347,264.99999200543596,1785743612,No,1,"Will the next Google Gemini Pro model be released by August 7, 2026?",next-google-gemini-pro-model-released-byptptpt,0x854bbe46eea7c515aba10b7cb13340450cb924c703c55748b96c47a1ddca6e63
1b0f6bd83b47d7469ac1ebe1f248a88d8bc4c540,0xdf44c3e8ce0a3f66dd4cdf7688e1f23500d770f1,0x30174f3f46398e37c96a07b45916e01eab9a8a854ecb624ac73a91a8490fd074,88752597571738831347942513760817776151125290177540731190810686943474863159303,BUY,0.8220736436,1825.870476,1500.9999949469864,1785746060,Yes,0,"US announces end of Iranian blockade by September 30, 2026?",us-announces-end-of-iranian-blockade-byptptpt-20260713152715080,0xd774978c9a6619e0be05751aa4ae7ddb763f27b5c9112df8307fab11405f497e
06bc53ade3e04696fc9ebf223f34861111df62af,0xdf44c3e8ce0a3f66dd4cdf7688e1f23500d770f1,0x5c79dfde05559b79a9cb9f7c4187e4d49632dd042572ae676952f812732591cc,83783489454659420807679723574840032660002326710045123865554753994450797728825,BUY,0.5799999999,2587.931033,1500.9999988812067,1785746097,Yes,0,Strait of Hormuz traffic returns to normal by December 31?,strait-of-hormuz-traffic-returns-to-normal-by-december-31,0xf6f102edcc1195572b310e841fca4e27676227ad9f37110df5c1f0ebd64368a8
cb8e9234b0ba651a096a29c874591fbc13100028,0xdf44c3e8ce0a3f66dd4cdf7688e1f23500d770f1,0xbdc0827c873d1c3c538e549ab94c77829f7e40fd3376b25164c0279f744a87bc,8380715925577845977184977030716387784969501288623224112825735013253473276536,SELL,0.5987389971,1457.57,872.704000003047,1785754077,No,1,"US x Iran diplomatic meeting by August 31, 2026?",next-round-of-us-iran-peace-talks-byptptpt-20260623022722982,0xb2fa29d25fad61ec67863c6b4e0a55683d1061ed9f59cb769d820f444b3d2a82
9a14ba5183cf489a16926a56d52528e6c233f3cb,0xdf44c3e8ce0a3f66dd4cdf7688e1f23500d770f1,0xbdc0827c873d1c3c538e549ab94c77829f7e40fd3376b25164c0279f744a87bc,8380715925577845977184977030716387784969501288623224112825735013253473276536,SELL,0.6,18.36,11.016,1785754109,No,1,"US x Iran diplomatic meeting by August 31, 2026?",next-round-of-us-iran-peace-talks-byptptpt-20260623022722982,0xdcb188c6dc358c93d14f81ab6705ba5ac0aa5de455c9e35abcc625e861cb58c0
33a5b28ec0344410ac93e67d94c4277bb7983f44,0xdf44c3e8ce0a3f66dd4cdf7688e1f23500d770f1,0x5c79dfde05559b79a9cb9f7c4187e4d49632dd042572ae676952f812732591cc,83783489454659420807679723574840032660002326710045123865554753994450797728825,BUY,0.5699999991,175.438595,99.99999899210526,1785754664,Yes,0,Strait of Hormuz traffic returns to normal by December 31?,strait-of-hormuz-traffic-returns-to-normal-by-december-31,0xa4b1a0f70633d4bb9caeb1cf1b3ca9b614d6a732d9c19107e7a303b2893e865b
5cb5b487263d6a83fcc3a1fd9fcf5c1c940a3e7d,0xdf44c3e8ce0a3f66dd4cdf7688e1f23500d770f1,0x6acdc3316f0b43ca4fbc13623fc018e30f2fd20ae7b93bdc07c8193e99b0ac4d,77550960228341204288120509394963885549177211314903311399404330431381651171385,BUY,0.8,450.0,360.0,1785758714,Yes,0,Israel x Iran ceasefire continues through August 15?,israel-x-iran-ceasefire-continues-throughptptpt-20260716224448963,0x7e9f9c66af2d31205fbacd22cd959680a116c26f15ad2548e30811a304ef6d6c
a6087a994b3efdf1d8545521284e02270d882845,0xdf44c3e8ce0a3f66dd4cdf7688e1f23500d770f1,0x61c2b9e70f7fdf3441fd1cfa2c8fa93308fefe3f5ecc2db87c393efab3a207a3,71362371729199006098022300209907327715487157091100600861193647274302527146623,BUY,0.7565584911,3965.324604,2999.9999991239447,1785759335,Yes,0,US x Iran Effective Ceasefire by August 31?,us-x-iran-effective-ceasfire-byptptpt-2-week-pause-20260715194822042,0xd8f7ca4247d22874c6bf630051c311dcbaf40dfd8e33228f803c3186aafc6343
23aee5cad6f706f19610f6f1043921fca7d1bd05,0xdf44c3e8ce0a3f66dd4cdf7688e1f23500d770f1,0xbdc0827c873d1c3c538e549ab94c77829f7e40fd3376b25164c0279f744a87bc,8380715925577845977184977030716387784969501288623224112825735013253473276536,SELL,0.56,196.67,110.1352,1785763958,No,1,"US x Iran diplomatic meeting by August 31, 2026?",next-round-of-us-iran-peace-talks-byptptpt-20260623022722982,0xb55ff24e2b50b9e9e243c23725e88f5431a95b3267e998253c996519bc438f26
26e5b7558b1b723fa20a1761f81029e47c834714,0xdf44c3e8ce0a3f66dd4cdf7688e1f23500d770f1,0x30174f3f46398e37c96a07b45916e01eab9a8a854ecb624ac73a91a8490fd074,88752597571738831347942513760817776151125290177540731190810686943474863159303,BUY,0.7699999813,29.870128,22.999998001428608,1785776738,Yes,0,"US announces end of Iranian blockade by September 30, 2026?",us-announces-end-of-iranian-blockade-byptptpt-20260713152715080,0x2c13b234c62b344f9d51f3075072bc7295554e89e4dcd9916d62bb5578262782
717ce66ecac2b81de2916b30e9ecd6a9d14b9ee0,0xdf44c3e8ce0a3f66dd4cdf7688e1f23500d770f1,0x30174f3f46398e37c96a07b45916e01eab9a8a854ecb624ac73a91a8490fd074,88752597571738831347942513760817776151125290177540731190810686943474863159303,BUY,0.7699999993,40.259739,30.999999001818182,1785776769,Yes,0,"US announces end of Iranian blockade by September 30, 2026?",us-announces-end-of-iranian-blockade-byptptpt-20260713152715080,0xdf522609a626a49c54760cb209d5a87851a60c71f0289b3a2744cdd5610899b1
e63e7f2f24a8c1341a5ccc4019e4678f471ad9ea,0xdf44c3e8ce0a3f66dd4cdf7688e1f23500d770f1,0xb529e8dbe7fff34143a5a79396a1bd5d5c3b9c810d1829d0ad2c483ee5858981,47008811341579399094069836257829274172566530287816006984285634561637726784649,BUY,0.54,3.84,2.0736,1785778424,No,1,Will WTI Crude Oil (WTI) hit (LOW) $70 in August?,what-price-will-wti-hit-in-august-2026,0xe0f29a6789193612d2f9e893661acb0c52b0ca47c9b83c643c32764d189e1576
030665424c3c82838c61efef5a4604a99d6d465d,0xdf44c3e8ce0a3f66dd4cdf7688e1f23500d770f1,0x5dc212b712dcf514432221436140eec9717aea8f9fbead457c858d14ee519b90,87823307068114498763935325850531429658457985750942226626931639924771886967405,BUY,0.7659999997,652.741512,499.9999979961775,1785789767,No,1,"US announces end of Iranian blockade by August 7, 2026?",us-announces-end-of-iranian-blockade-byptptpt-20260713152715080,0x9c779cd2b530998816193d82c3a843b7dcde31b3730678f3c4980c20746b3d5f
625e612c0a2634ca5554650d8cece2bdb46d158b,0xdf44c3e8ce0a3f66dd4cdf7688e1f23500d770f1,0x6acdc3316f0b43ca4fbc13623fc018e30f2fd20ae7b93bdc07c8193e99b0ac4d,77550960228341204288120509394963885549177211314903311399404330431381651171385,BUY,0.7410972084,674.675321,499.99999696947395,1785799592,Yes,0,Israel x Iran ceasefire continues through August 15?,israel-x-iran-ceasefire-continues-throughptptpt-20260716224448963,0x9bc4715cdfdb8d31e5aa48c0b8d8206174920e21b148b1bc8fe5588c03bc2465
14c0dd51ca0b802dfa9e8ed1a1794436ad85021c,0xdf44c3e8ce0a3f66dd4cdf7688e1f23500d770f1,0xb529e8dbe7fff34143a5a79396a1bd5d5c3b9c810d1829d0ad2c483ee5858981,47008811341579399094069836257829274172566530287816006984285634561637726784649,BUY,0.57,912.2807,519.999999,1785800294,No,1,Will WTI Crude Oil (WTI) hit (LOW) $70 in August?,what-price-will-wti-hit-in-august-2026,0x44c58b8e31f97ecbd585094ba65d15950b222ad079e85af16866a2af9d67ae5b
ded8158589a9ba81c635a01790a1c7314a95aa1e,0xdf44c3e8ce0a3f66dd4cdf7688e1f23500d770f1,0xb529e8dbe7fff34143a5a79396a1bd5d5c3b9c810d1829d0ad2c483ee5858981,47008811341579399094069836257829274172566530287816006984285634561637726784649,BUY,0.57,12.2807,6.999998999999999,1785800310,No,1,Will WTI Crude Oil (WTI) hit (LOW) $70 in August?,what-price-will-wti-hit-in-august-2026,0xe1e621f3029a85d2c2241b0fc70bb282bdbe1062033f5a5d6a7abb785b487005
f71212db684256d9af38277ba82dc0921d1a6f2c,0xdf44c3e8ce0a3f66dd4cdf7688e1f23500d770f1,0x7f0d84b155c484b801f2cba68eb0f9ef8b2a0a54b7e6bb0fa53a1778964f53fd,2252785706045103625097113087219069914218825383856101685537599561135007989809,BUY,0.8317358723,601.152375,499.9999950058417,1785814458,No,1,"US x Iran diplomatic meeting by August 15, 2026?",next-round-of-us-iran-peace-talks-byptptpt-20260623022722982,0x54db96bdeed204d9d644fe67333db2ad79985785b490b149c5f516c2a73a127f
74e704a78bfc80b30da88b7b82beded290400274,0xdf44c3e8ce0a3f66dd4cdf7688e1f23500d770f1,0xfd13c67069e83a4a8ba1ba425f259185bcbae282c4f91074646e3c5cf97b7ae3,3523185360721264825343984255310084370838660506037437952256021216614715901678,BUY,0.8904660765,1684.51111,1499.9999989423598,1785815672,No,1,"Will Bitcoin reach $72,500 in August?",what-price-will-bitcoin-hit-in-august-2026,0xf0406ec434f294013149b06ee3ec58864453c738d1d7a41aabe676e30d0bcc01
7cf2211acea16939b0065afafda3fddf43a6ea29,0xdf44c3e8ce0a3f66dd4cdf7688e1f23500d770f1,0xbdc0827c873d1c3c538e549ab94c77829f7e40fd3376b25164c0279f744a87bc,8380715925577845977184977030716387784969501288623224112825735013253473276536,BUY,0.6,500.0,300.0,1785815916,No,1,"US x Iran diplomatic meeting by August 31, 2026?",next-round-of-us-iran-peace-talks-byptptpt-20260623022722982,0x9c0982687b89ccbf8d395b462abebecb7fa40727b43392127ee1af8eb5dd41f6
c067dd45de630d888a6c05002812fbf34000b3a9,0xdf44c3e8ce0a3f66dd4cdf7688e1f23500d770f1,0xec8fb126cb6166a24fe41ca44772fb092efd591ffa9e8a8bd27b292f3353a6b5,45691138284392247799480039269191461630142831037707390402697922072569909819489,SELL,0.9577676159,5549.95,5315.5623798642055,1785871653,No,1,"US x Iran diplomatic meeting by August 7, 2026?",next-round-of-us-iran-peace-talks-byptptpt-20260623022722982,0x2333b1514993820be5a584a322423be90af394aa7a2eaf8ca992e78865f8f5d9
cf10b802f667f1d1b643afabbd8609e1bc3cd375,0xdf44c3e8ce0a3f66dd4cdf7688e1f23500d770f1,0x7f0d84b155c484b801f2cba68eb0f9ef8b2a0a54b7e6bb0fa53a1778964f53fd,2252785706045103625097113087219069914218825383856101685537599561135007989809,BUY,0.7205834137,69.388218,49.999998996999786,1785871698,No,1,"US x Iran diplomatic meeting by August 15, 2026?",next-round-of-us-iran-peace-talks-byptptpt-20260623022722982,0x1f472c15d99e69b95b998cb7c786cb483fad68f38c642f3cd54157e9e6087b8e
61b0a0baca67f200bcc53c374d3565463e9405a5,0xdf44c3e8ce0a3f66dd4cdf7688e1f23500d770f1,0x7f0d84b155c484b801f2cba68eb0f9ef8b2a0a54b7e6bb0fa53a1778964f53fd,2252785706045103625097113087219069914218825383856101685537599561135007989809,BUY,0.719999856,1.388885,0.99999700000056,1785872756,No,1,"US x Iran diplomatic meeting by August 15, 2026?",next-round-of-us-iran-peace-talks-byptptpt-20260623022722982,0x10c900fe7a24d2482668ca707837d47e9bac105cd6a876a109938e1e99a185fa
c04afb47f436b091d234795f2e6fcb5a4e9fabc0,0xdf44c3e8ce0a3f66dd4cdf7688e1f23500d770f1,0x5dc212b712dcf514432221436140eec9717aea8f9fbead457c858d14ee519b90,87823307068114498763935325850531429658457985750942226626931639924771886967405,SELL,0.5972866091,1914.14,1143.290189942674,1785873012,No,1,"US announces end of Iranian blockade by August 7, 2026?",us-announces-end-of-iranian-blockade-byptptpt-20260713152715080,0xb54271afb29f056634c9c524896263ada616979e2db3adc2b94db1950dbc4348
7acc69cff17b47832c5c4b6854e12bf6f1c6ad16,0xdf44c3e8ce0a3f66dd4cdf7688e1f23500d770f1,0xfd13c67069e83a4a8ba1ba425f259185bcbae282c4f91074646e3c5cf97b7ae3,3523185360721264825343984255310084370838660506037437952256021216614715901678,BUY,0.8799999648,1.136358,0.9999950000001984,1785873096,No,1,"Will Bitcoin reach $72,500 in August?",what-price-will-bitcoin-hit-in-august-2026,0xef0db0394a731729a29117772a88fd408f787f046e6a05db41e3a2d4251b8140
96cf36657e13e5a0496599e2dacf1c4f65933227,0xdf44c3e8ce0a3f66dd4cdf7688e1f23500d770f1,0x5dc212b712dcf514432221436140eec9717aea8f9fbead457c858d14ee519b90,87823307068114498763935325850531429658457985750942226626931639924771886967405,SELL,0.593845,210.0,124.70745,1785873159,No,1,"US announces end of Iranian blockade by August 7, 2026?",us-announces-end-of-iranian-blockade-byptptpt-20260713152715080,0xc21e96774cb28446fe1da927cee5c003e4546ce530475d956342516ad184b955
17b803781e02ca7bcf96d2fd4508e054c48b9178,0xdf44c3e8ce0a3f66dd4cdf7688e1f23500d770f1,0xb529e8dbe7fff34143a5a79396a1bd5d5c3b9c810d1829d0ad2c483ee5858981,47008811341579399094069836257829274172566530287816006984285634561637726784649,BUY,0.4199999982,276.190475,115.99999900285714,1785873240,No,1,Will WTI Crude Oil (WTI) hit (LOW) $70 in August?,what-price-will-wti-hit-in-august-2026,0xbbd7ebdb5f6e7ab36ee4dd81fa8bd05b718f4515e9a0b8d7884a748504f928e0
46f955192611c8bb0e17d8a020c6d9fbf4251162,0xdf44c3e8ce0a3f66dd4cdf7688e1f23500d770f1,0xfee11055c350d06a6165f39cee89aed0614bfb8dc121cafe6ac1a9a56ce60592,70173106851316599378452717299161284730871676083661428980562753042668650152747,BUY,0.83,93.14,77.30619999999999,1785873603,No,1,Will the total domestic gross for Spider-Man: Brand New Day be between 800m and 900m by August 31?,spider-man-brand-new-day-total-domestic-gross-by-august-31-20260716181307512,0x931c4c8c8aac8db06447047dd4ae43aa8c5204504532c1af40b4b58f49b6e0ce
4262629453a988f5a0b3d6b531bb00413ffc3143,0xdf44c3e8ce0a3f66dd4cdf7688e1f23500d770f1,0x60c2c085ee8c16bc8f2419739a94971d4c9d00f637ead10fc0f540afa1be64e8,90869494087977018607792751230236923002303032923064138180950209430688758061828,BUY,0.82,3050.0,2501.0,1785873885,No,1,Strait of Hormuz traffic returns to normal by August 31?,strait-of-hormuz-traffic-returns-to-normal-by-august-31-20260702154212320,0x430327b57fbec87fa133ea36f87dc43812313c2aac61bf60f5fb31e3c1681efe
4373080bda38a28eee941315dafc1cc42f8bd8ed,0xd34f2b5e9ee02bed8a107fdf9bda2d866dc61c95,0x7f099c195ea677e959718603804ce4b6547fca07c3df4f3fda7218fe70394ce1,86027111958496317587905645902133247007597724093113232152131687680739326983860,BUY,0.989,163.0,161.207,1785876797,Yes,0,WTI Crude Oil (WTI) closes above $75 on August 4?,wti-closes-above-on-august-4-2026,0x36b16061f577065341e1023cc4be7c8999d8d57abac0d1832de3d1927ba1eb30
9a6edf25ab93926d5d87f1b4a8608764b70baae7,0xd34f2b5e9ee02bed8a107fdf9bda2d866dc61c95,0x7f099c195ea677e959718603804ce4b6547fca07c3df4f3fda7218fe70394ce1,86027111958496317587905645902133247007597724093113232152131687680739326983860,BUY,0.999,5000.0,4995.0,1785876824,Yes,0,WTI Crude Oil (WTI) closes above $75 on August 4?,wti-closes-above-on-august-4-2026,0x70e4ede672ba0be635a2e9411ed743c0241fca7ba8a890f45f9ccc16135f026a
a152c25f938c4215386ba3f8438728117fa93fd6,0xdf44c3e8ce0a3f66dd4cdf7688e1f23500d770f1,0x60c2c085ee8c16bc8f2419739a94971d4c9d00f637ead10fc0f540afa1be64e8,90869494087977018607792751230236923002303032923064138180950209430688758061828,SELL,0.82,3050.0,2501.0,1785900356,No,1,Strait of Hormuz traffic returns to normal by August 31?,strait-of-hormuz-traffic-returns-to-normal-by-august-31-20260702154212320,0x7ad15fcce9cbf769dd94f9b6e4b89e82970f150aedbf0f39ca3c91e3ea02130d
ce3c674cb132cf20d4f3491ac5d40fcde4d8f667,0xdf44c3e8ce0a3f66dd4cdf7688e1f23500d770f1,0x55937e321733f53af84a7c74884fc86801b97def5b14be888250e7d5057f4be8,72231169683952703551810915209813949516292895904463184163961468355174735034878,BUY,0.82,264.69,217.04579999999999,1785901233,No,1,Will WTI Crude Oil (WTI) hit (HIGH) $90 in August?,what-price-will-wti-hit-in-august-2026,0x1c43e83bbf02a070fe890559367640a3fcc7e3c2acdd6e15da8dd11da27c4601
f979fa39e24053c9bb74403a6afb1e1050e31cfa,0xdf44c3e8ce0a3f66dd4cdf7688e1f23500d770f1,0x8c9cad06c8845cbde94190e7ab990f5111321d4c4c10deb41f2b6d9f35210f6d,95735702161256091190925186940377415497961479612815999279509519721926833930979,BUY,0.8909927316,897.87488,799.9999919662222,1785930165,JD Gaming,0,LoL: JD Gaming vs LGD Gaming (BO3) - LPL Group Ascend,lol-jdg-lgd-2026-08-05,0x700e54b90b2248b2bd91b3f02f51593ccd0dc74146b83cad866eb73e3af89436
73b1e6f960e88e260279ded76dafa6e7b278d911,0xdf44c3e8ce0a3f66dd4cdf7688e1f23500d770f1,0xb529e8dbe7fff34143a5a79396a1bd5d5c3b9c810d1829d0ad2c483ee5858981,47008811341579399094069836257829274172566530287816006984285634561637726784649,SELL,0.44,5.01,2.2044,1785933260,No,1,Will WTI Crude Oil (WTI) hit (LOW) $70 in August?,what-price-will-wti-hit-in-august-2026,0x362f4f46c1418d8651fc57bd1102a03be305e711ee3152d5034e7dd24b86f4ed
89d0ef3645678e5d16202e006c11c8f38e3a2ae7,0xdf44c3e8ce0a3f66dd4cdf7688e1f23500d770f1,0xfee11055c350d06a6165f39cee89aed0614bfb8dc121cafe6ac1a9a56ce60592,70173106851316599378452717299161284730871676083661428980562753042668650152747,BUY,0.83,304.43,252.6769,1785947547,No,1,Will the total domestic gross for Spider-Man: Brand New Day be between 800m and 900m by August 31?,spider-man-brand-new-day-total-domestic-gross-by-august-31-20260716181307512,0x5f72c1a8fd31e33ab1c5aad6d87d312f3feabf5363467b1e3ade3c9397671f87
48492714859932457aeebb338e1fe64c169a4d8c,0xdf44c3e8ce0a3f66dd4cdf7688e1f23500d770f1,0x325e6ab1dd315e6f435183fbf7dff8a7c4be37f9bbf7abcd4459e75110aa9f1d,95302905537962222918309360338213500184994944787102722256843629723110588711061,BUY,0.87,540.13,469.9131,1785948203,Yes,0,Will NVIDIA be the largest company in the world by market cap on August 31?,largest-company-end-of-august-20260715202138598,0xeb27df93610eaf078fc0beb4c92fc2523025d5cc45c499475fa1c8ca02c9142a
98e5e9cd1c517ccd57478427dea43660a4fdeed3,0xdf44c3e8ce0a3f66dd4cdf7688e1f23500d770f1,0xb529e8dbe7fff34143a5a79396a1bd5d5c3b9c810d1829d0ad2c483ee5858981,47008811341579399094069836257829274172566530287816006984285634561637726784649,SELL,0.36,2324.13,836.6868000000001,1785968465,No,1,Will WTI Crude Oil (WTI) hit (LOW) $70 in August?,what-price-will-wti-hit-in-august-2026,0x284a7768a7961a72631073cc4327edd7a77b46599fd8fe1675705e456621155a
d9278c5d81d236e8f7fba9cc5855220790f64e34,0xdf44c3e8ce0a3f66dd4cdf7688e1f23500d770f1,0x325e6ab1dd315e6f435183fbf7dff8a7c4be37f9bbf7abcd4459e75110aa9f1d,95302905537962222918309360338213500184994944787102722256843629723110588711061,BUY,0.82,16.62,13.6284,1785998400,Yes,0,Will NVIDIA be the largest company in the world by market cap on August 31?,largest-company-end-of-august-20260715202138598,0xa211cd8249cd68f36cf4292d0b2a713d7a4d97d78c8a5723de2f9cdaffc3d1e3
047a23e20c7e915d82adf0b3fd8a88cfbc832dd5,0xdf44c3e8ce0a3f66dd4cdf7688e1f23500d770f1,0x5dc212b712dcf514432221436140eec9717aea8f9fbead457c858d14ee519b90,87823307068114498763935325850531429658457985750942226626931639924771886967405,SELL,0.7145264474,1704.14,1217.6531000722362,1786011560,No,1,"US announces end of Iranian blockade by August 7, 2026?",us-announces-end-of-iranian-blockade-byptptpt-20260713152715080,0xda2fc08f7a015eb759c22c91b3d65beb7169b426d284d02509e44e37ef65a1da
42bc04c06e7300ca9220a7798e972c5f420aa68e,0xdf44c3e8ce0a3f66dd4cdf7688e1f23500d770f1,0xbdc0827c873d1c3c538e549ab94c77829f7e40fd3376b25164c0279f744a87bc,8380715925577845977184977030716387784969501288623224112825735013253473276536,SELL,0.4482454,500.0,224.1227,1786011869,No,1,"US x Iran diplomatic meeting by August 31, 2026?",next-round-of-us-iran-peace-talks-byptptpt-20260623022722982,0xe3dd26587813e825d5ed93acfae6dc735f0f87d5c8177b27c486934787827963
242dbb26a4976d6ad79e64ee041721b1174cc2b0,0xdf44c3e8ce0a3f66dd4cdf7688e1f23500d770f1,0xcfba8c3751d6e362afb75202fce158225b3615f53eb3a1fd835c44f164c421d8,111654809480229245870544169366832104935496085392258564209849272885186353777601,BUY,0.8199999999,1829.268288,1499.9999959770732,1786014674,T1,1,LoL: Dplus KIA vs T1 (BO3) - LCK Round 3-4 Legend Group,lol-dk-t1-2026-08-06,0xc82554572d8ccd3dc7a490576303d6e70b1d3e037d311eb147819f84dc8525d6
eb4d8b2bd05711c08134c2e0d413011a364897c2,0xdf44c3e8ce0a3f66dd4cdf7688e1f23500d770f1,0x5dc212b712dcf514432221436140eec9717aea8f9fbead457c858d14ee519b90,87823307068114498763935325850531429658457985750942226626931639924771886967405,BUY,0.7919069459,3788.323885,2999.9999978503724,1786038186,No,1,"US announces end of Iranian blockade by August 7, 2026?",us-announces-end-of-iranian-blockade-byptptpt-20260713152715080,0xeb12cf9d5fbb742149c12c00d3e69bc1636dc206ef9b064e8bce29de1a14f28b
80b45b1f4ef54b64e15e6e4058f1874988948504,0xdf44c3e8ce0a3f66dd4cdf7688e1f23500d770f1,0x5dc212b712dcf514432221436140eec9717aea8f9fbead457c858d14ee519b90,87823307068114498763935325850531429658457985750942226626931639924771886967405,BUY,0.7951491787,628.812822,499.9999989693293,1786038233,No,1,"US announces end of Iranian blockade by August 7, 2026?",us-announces-end-of-iranian-blockade-byptptpt-20260713152715080,0xaf168bb95bb69f197130d73464a7375473fc540abe235ac2cf8c2167755803d7
8bd235985b169b89169c4bd6f33977b26924afcc,0xdf44c3e8ce0a3f66dd4cdf7688e1f23500d770f1,0x5dc212b712dcf514432221436140eec9717aea8f9fbead457c858d14ee519b90,87823307068114498763935325850531429658457985750942226626931639924771886967405,BUY,0.8248360895,2315.611577,1909.9999979736083,1786038299,No,1,"US announces end of Iranian blockade by August 7, 2026?",us-announces-end-of-iranian-blockade-byptptpt-20260713152715080,0x940ee10d9e7907661448fd2a8a85ab6bfb97b3a1f6bfe36ef2e6ae024045c437
9f506d72a19eb8df3baa26a8320675fd660bdc1f,0xdf44c3e8ce0a3f66dd4cdf7688e1f23500d770f1,0xfee11055c350d06a6165f39cee89aed0614bfb8dc121cafe6ac1a9a56ce60592,70173106851316599378452717299161284730871676083661428980562753042668650152747,SELL,0.7509093144,1911.99,1435.731100039656,1786092663,No,1,Will the total domestic gross for Spider-Man: Brand New Day be between 800m and 900m by August 31?,spider-man-brand-new-day-total-domestic-gross-by-august-31-20260716181307512,0x9c08bc6d20a2c2537c83b36ae473bc2a99e3047b68734f43ce41531846fbd8fc
ac519710b527c95cf89b3fcbd176ef4f46dc7c8b,0xdf44c3e8ce0a3f66dd4cdf7688e1f23500d770f1,0x61a5b075efdefbcbf563c65111907534c667a6905944ae2f5bafe72380da4a64,42971542795695377547859041103198480084393686186310028925079933041167552214358,SELL,0.99,950.56,941.0544,1786098097,No,1,"Will the next Google Gemini Pro model be released by August 7, 2026?",next-google-gemini-pro-model-released-byptptpt,0x1210dc1a9219cd144767ecf55896bc09cd10dd171ef92bea00d0d43dad61d104
7dcf1028ce870948c6cf13903b1aab7560593a20,0xdf44c3e8ce0a3f66dd4cdf7688e1f23500d770f1,0x3773cbfc174f847670c2d98e54ce030d022d7b057f476c2cffb0a52ba09dd0f4,5771873010156235629414496169298306261816804761699629522506844964407152529192,BUY,0.83,389.0,322.87,1786108002,Bilibili Gaming,0,LoL: Bilibili Gaming vs Top Esports (BO3) - LPL Group Ascend,lol-blg-tes-2026-08-07,0x4aa3563a6c9fb6b7388e42acfeb8327e271b7a2da6c8128a739a2e853af7dfac
b38cb8d94c196f46c7da9e38a683148fcfd1f0d1,0xdf44c3e8ce0a3f66dd4cdf7688e1f23500d770f1,0x3773cbfc174f847670c2d98e54ce030d022d7b057f476c2cffb0a52ba09dd0f4,5771873010156235629414496169298306261816804761699629522506844964407152529192,BUY,0.5899999998,244.067795,143.9999990011864,1786109032,Bilibili Gaming,0,LoL: Bilibili Gaming vs Top Esports (BO3) - LPL Group Ascend,lol-blg-tes-2026-08-07,0xd7eb03c02cc440d78e52813f70e5fc8248eb509051283d22aa5b7cecbcd13a1f
f0a7912b92af4a2e6d5070bd46c926ae12466d04,0xdf44c3e8ce0a3f66dd4cdf7688e1f23500d770f1,0x3773cbfc174f847670c2d98e54ce030d022d7b057f476c2cffb0a52ba09dd0f4,5771873010156235629414496169298306261816804761699629522506844964407152529192,BUY,0.4199999989,476.190475,199.99999897619048,1786109367,Bilibili Gaming,0,LoL: Bilibili Gaming vs Top Esports (BO3) - LPL Group Ascend,lol-blg-tes-2026-08-07,0xb4cde5dc034a1edef933a01d09befdda75b24e33f0f09efd2173559f9a046b5d
f8be6ae43de7fafa6d924932fb1f7d3d7c60dd1e,0xdf44c3e8ce0a3f66dd4cdf7688e1f23500d770f1,0x3773cbfc174f847670c2d98e54ce030d022d7b057f476c2cffb0a52ba09dd0f4,5771873010156235629414496169298306261816804761699629522506844964407152529192,BUY,0.409999999,365.853657,149.99999900414633,1786109391,Bilibili Gaming,0,LoL: Bilibili Gaming vs Top Esports (BO3) - LPL Group Ascend,lol-blg-tes-2026-08-07,0x78791e9871de1e06666622919f97e261d45f37a3a1c641da27ad6146ff92bbd1
84fec915593b04aff6535f7a4e1f033179076924,0xdf44c3e8ce0a3f66dd4cdf7688e1f23500d770f1,0x3773cbfc174f847670c2d98e54ce030d022d7b057f476c2cffb0a52ba09dd0f4,5771873010156235629414496169298306261816804761699629522506844964407152529192,BUY,0.4,125.0,50.0,1786109409,Bilibili Gaming,0,LoL: Bilibili Gaming vs Top Esports (BO3) - LPL Group Ascend,lol-blg-tes-2026-08-07,0x609e4f25734071d08a776e99a1ea55664949705553537a827c0f3a9ae65b5b9d
782a09f9a82d066981124f3320a3a7e6b9d26ba4,0xdf44c3e8ce0a3f66dd4cdf7688e1f23500d770f1,0x3773cbfc174f847670c2d98e54ce030d022d7b057f476c2cffb0a52ba09dd0f4,5771873010156235629414496169298306261816804761699629522506844964407152529192,BUY,0.3799999987,263.157893,99.99999899789474,1786109521,Bilibili Gaming,0,LoL: Bilibili Gaming vs Top Esports (BO3) - LPL Group Ascend,lol-blg-tes-2026-08-07,0x6d2b440eba02f3c8cdd246b731f444253fe30d3946df81ea74f53750dab795e8
21c1058dcb1cfd76ec66f26043ade992f3abe392,0xdf44c3e8ce0a3f66dd4cdf7688e1f23500d770f1,0x3773cbfc174f847670c2d98e54ce030d022d7b057f476c2cffb0a52ba09dd0f4,5771873010156235629414496169298306261816804761699629522506844964407152529192,BUY,0.3699999992,540.540539,199.99999899756756,1786109580,Bilibili Gaming,0,LoL: Bilibili Gaming vs Top Esports (BO3) - LPL Group Ascend,lol-blg-tes-2026-08-07,0x91a45d9e2b5d77ba302971d8602ddaf80abecd70d4ed1666ace015e3263b87ef
887c884afd00bb0933acc9f07214dd54aab90ec5,0xdf44c3e8ce0a3f66dd4cdf7688e1f23500d770f1,0x4ca4c2914ffc92a7e686e6b732da62cc6440242895df5c527225cb7b62255615,105020167286029681607743884087267498762815669926087038893490877462510898310022,SELL,0.051,1131.52,57.707519999999995,1786124995,Yes,0,Will WTI Crude Oil (WTI) hit (LOW) $60 in August?,what-price-will-wti-hit-in-august-2026,0x57e3186971872f6dbc9cc8aa0d7cfa7d0d327c06bd413ce76297a399c9ca24f3
ef100352c8c469b1710131705eb9712f34f62c20,0xdf44c3e8ce0a3f66dd4cdf7688e1f23500d770f1,0x60c2c085ee8c16bc8f2419739a94971d4c9d00f637ead10fc0f540afa1be64e8,90869494087977018607792751230236923002303032923064138180950209430688758061828,BUY,0.8699999999,1375.862061,1196.9999929324138,1786125702,No,1,Strait of Hormuz traffic returns to normal by August 31?,strait-of-hormuz-traffic-returns-to-normal-by-august-31-20260702154212320,0x1064bf0c1fbe1dc85e48b0b70311361286b39fa1965d8e02b33492a67dfdfcc3
96fb595277be0266a0f6a5ac045b4e3a9de88fb0,0xdf44c3e8ce0a3f66dd4cdf7688e1f23500d770f1,0x5a9395dae6c7643ea06e7a555580a5526e81073aea9c9306363529c5b76a8f8b,95577979648711137561778638101766617213130581085760544385254830392377913395624,SELL,0.84,1849.48,1553.5632,1786126308,Yes,0,US x Iran Effective Ceasefire by July 31?,us-x-iran-effective-ceasfire-byptptpt-2-week-pause-20260715194822042,0x0d005d388fe316338af64bae0848c63d674219221bf1aad5260929a5322abc02
1a85af1c5f1fcfe4a3df71ba87d158a0ec0ad187,0xdf44c3e8ce0a3f66dd4cdf7688e1f23500d770f1,0x61c2b9e70f7fdf3441fd1cfa2c8fa93308fefe3f5ecc2db87c393efab3a207a3,71362371729199006098022300209907327715487157091100600861193647274302527146623,SELL,0.89,1982.66,1764.5674000000001,1786126339,Yes,0,US x Iran Effective Ceasefire by August 31?,us-x-iran-effective-ceasfire-byptptpt-2-week-pause-20260715194822042,0x6bc45267ee7366a9699bac5b55692d7b1a1752d150139c985d6da30e333a26ed
867cb15ae4c8e0de9dc57093aca04a2643b76ab6,0xdf44c3e8ce0a3f66dd4cdf7688e1f23500d770f1,0x6acdc3316f0b43ca4fbc13623fc018e30f2fd20ae7b93bdc07c8193e99b0ac4d,77550960228341204288120509394963885549177211314903311399404330431381651171385,SELL,0.89,2219.72,1975.5507999999998,1786126374,Yes,0,Israel x Iran ceasefire continues through August 15?,israel-x-iran-ceasefire-continues-throughptptpt-20260716224448963,0x8c06aa960b572de1b892738eabbfc2ed180f176faa2d409346e39bf0ba82774a
54e82ad2b55ce63ba2ce5dfade39d7fd4026e781,0xdf44c3e8ce0a3f66dd4cdf7688e1f23500d770f1,0x55937e321733f53af84a7c74884fc86801b97def5b14be888250e7d5057f4be8,72231169683952703551810915209813949516292895904463184163961468355174735034878,BUY,0.7478571429,140.0,104.70000000600001,1786126428,No,1,Will WTI Crude Oil (WTI) hit (HIGH) $90 in August?,what-price-will-wti-hit-in-august-2026,0xb5126cf574c7cc4b30532ed7972612f9f98f04176588a0439a6863a9061b3e8c
2b1cffc33e0370771a33bfc7af4a45691eaf4938,0xdf44c3e8ce0a3f66dd4cdf7688e1f23500d770f1,0xbad91c213787a7542345b8abd72a1d55754987c47ba82ef5d4aa625ac046f024,110868166890001558521729124967806292012287685900188653582015718186210230012112,BUY,0.89,3253.932581,2895.99999709,1786126566,No,1,Iran full airspace closure by August 31?,iran-full-airspace-closure-byptptpt-20260625195253028,0x3c4c5c7f26045276a30807561fe23711ff7fd505c6ea352cb9f34b5eb78d5416
88fae414657a98b369450371c60ad44cfe39676c,0xdf44c3e8ce0a3f66dd4cdf7688e1f23500d770f1,0xc1556ecbe613e403dfb9e38bf1b25a8aee2aa1687f2b343bc896dd2c9763ed74,10451124928493844849355057703558222404087423201197729105477623039880661055484,BUY,0.8,2865.0,2292.0,1786126743,Yes,0,Israel x Iran ceasefire continues through August 31?,israel-x-iran-ceasefire-continues-throughptptpt-20260716224448963,0x1eb62f9e353cebd03f54de0fd3be419dc2766256d08c0ea93c0b0e0a4ee7e621
4bae04622f0352207d066aed41efd84681d83ca3,0xdf44c3e8ce0a3f66dd4cdf7688e1f23500d770f1,0xbf08ec6654ade883d96f3e25a5330ccf4aae0d8e9efa690c694305e95738e8a1,54433276129324712073285993587062922641699732288614194228246811181104983627206,SELL,0.9351130772,2765.81,2586.345100050532,1786129149,No,1,Iran full airspace closure by August 15?,iran-full-airspace-closure-byptptpt-20260625195253028,0x904639f0590aadf48cf6942163bbbebd00bd553bc1cdac94dbf66b777adebab8
4cb8cee5d419d7740b8822e62096c7289e194847,0xdf44c3e8ce0a3f66dd4cdf7688e1f23500d770f1,0xbad91c213787a7542345b8abd72a1d55754987c47ba82ef5d4aa625ac046f024,110868166890001558521729124967806292012287685900188653582015718186210230012112,BUY,0.8899999999,679.775272,604.9999920120224,1786129188,No,1,Iran full airspace closure by August 31?,iran-full-airspace-closure-byptptpt-20260625195253028,0xecba5e731629700ed9fff5ba41fbcb00a382a7db238a4bb098c6144b3a9828f5
c37bd9db3dbc7299fe32dc1dfeb4fdf3d0593710,0xdf44c3e8ce0a3f66dd4cdf7688e1f23500d770f1,0xbad91c213787a7542345b8abd72a1d55754987c47ba82ef5d4aa625ac046f024,110868166890001558521729124967806292012287685900188653582015718186210230012112,BUY,0.8899999858,5.617972,4.999995000224797,1786129201,No,1,Iran full airspace closure by August 31?,iran-full-airspace-closure-byptptpt-20260625195253028,0x394e5d36cb99ee9fe536cb957f1a0cd8dd2027ffccb2da777649612eca74653a
31cb723102c740dfe23bc163f1d33663cb360096,0xdf44c3e8ce0a3f66dd4cdf7688e1f23500d770f1,0xbad91c213787a7542345b8abd72a1d55754987c47ba82ef5d4aa625ac046f024,110868166890001558521729124967806292012287685900188653582015718186210230012112,BUY,0.889999911,1.12359,0.99999500000049,1786129233,No,1,Iran full airspace closure by August 31?,iran-full-airspace-closure-byptptpt-20260625195253028,0x8a3e8962480895d8d55d1ebd284f0032b42fd37e486f5e3008835df1867ed0b8
ec3799b14861ba3b1cf7200ef6d6056d7bfbb06a,0xdf44c3e8ce0a3f66dd4cdf7688e1f23500d770f1,0x5dc212b712dcf514432221436140eec9717aea8f9fbead457c858d14ee519b90,87823307068114498763935325850531429658457985750942226626931639924771886967405,BUY,0.8927475977,2240.274854,1999.999994096218,1786129719,No,1,"US announces end of Iranian blockade by August 7, 2026?",us-announces-end-of-iranian-blockade-byptptpt-20260713152715080,0x04e5e5e36d7674198de2e8da35ae3433f7837cf38656da1ccc2b6d6f001816ed
b13b4d4d01cdf6f29e399fd197c01a96c4fcf606,0xdf44c3e8ce0a3f66dd4cdf7688e1f23500d770f1,0x5dc212b712dcf514432221436140eec9717aea8f9fbead457c858d14ee519b90,87823307068114498763935325850531429658457985750942226626931639924771886967405,BUY,0.8999637093,275.566665,247.9999979928305,1786129749,No,1,"US announces end of Iranian blockade by August 7, 2026?",us-announces-end-of-iranian-blockade-byptptpt-20260713152715080,0x7c95d7f89c5149f2068f95e52e8d88283ceba79b7c153122787d8ef9c8f3d11f
148a59f6718fb277b4eca06b904b49a60cf041c0,0xdf44c3e8ce0a3f66dd4cdf7688e1f23500d770f1,0x5dc212b712dcf514432221436140eec9717aea8f9fbead457c858d14ee519b90,87823307068114498763935325850531429658457985750942226626931639924771886967405,SELL,0.9487531594,2312.14,2193.6501299751158,1786137550,No,1,"US announces end of Iranian blockade by August 7, 2026?",us-announces-end-of-iranian-blockade-byptptpt-20260713152715080,0x0e612e67ec31e81b37ca74b25005bc914f09bfa9c2e751e0785e57af7a86184f
2ce54b9224bef781fad7467baec0d07e0798185f,0xdf44c3e8ce0a3f66dd4cdf7688e1f23500d770f1,0x7f0d84b155c484b801f2cba68eb0f9ef8b2a0a54b7e6bb0fa53a1778964f53fd,2252785706045103625097113087219069914218825383856101685537599561135007989809,BUY,0.89,800.1,712.089,1786137882,No,1,"US x Iran diplomatic meeting by August 15, 2026?",next-round-of-us-iran-peace-talks-byptptpt-20260623022722982,0xf19676aaaf235c53d6dd430936a4b465f3d2a8c30370515bcfaa473874bcc956
3cc4bac212a267d130f648a1d0faea87e72952dc,0xdf44c3e8ce0a3f66dd4cdf7688e1f23500d770f1,0xed5a9e7831ee363d92cb102f2c21e2465b09196ef5beb7c8e23671851a1c3ca4,92467093729798172795860015164975956539777812580280382263501795773871198126752,SELL,0.6862776084,1826.89,1253.753700009876,1786138605,Yes,0,"US x Iran diplomatic meeting by September 30, 2026?",next-round-of-us-iran-peace-talks-byptptpt-20260623022722982,0x7eb738e14ef6a61c2b2b7f1e241e124ae9db8820293814efc53ee9776fdcd1b5
8d41ff508b39916a33d88323d71b0ad78990ba4a,0xdf44c3e8ce0a3f66dd4cdf7688e1f23500d770f1,0x7f0d84b155c484b801f2cba68eb0f9ef8b2a0a54b7e6bb0fa53a1778964f53fd,2252785706045103625097113087219069914218825383856101685537599561135007989809,BUY,0.9,1333.33333,1199.999997,1786138653,No,1,"US x Iran diplomatic meeting by August 15, 2026?",next-round-of-us-iran-peace-talks-byptptpt-20260623022722982,0x1e72befc041838b4bbc709041dc1687f9b2cb1c7f0b31db30ba47debe0a632d1
7a3d1f5177e903b6625ff118929b7dc11567a254,0xdf44c3e8ce0a3f66dd4cdf7688e1f23500d770f1,0x38ad053ab46d4aa91abc695fb39735f600383c35daa4ea141a968e77d2e54f1e,37865124209922149494019330554769713854470243417252314956132631461752592594417,BUY,0.82,1300.0,1066.0,1786186260,Anyones Legend,1,LoL: LGD Gaming vs Anyone's Legend - Game 2 Winner,lol-lgd-al-2026-08-08,0x416702b19308a2927e676817ec1051565ebf36866b1f4c068159d7c9242c29c4
7ad22d93792a7041fb1c48504e53cd2ac73a9051,0xdf44c3e8ce0a3f66dd4cdf7688e1f23500d770f1,0x9829e6816101035d2d759dc9be3d5263e8fe54616076bb970cafbe181ad6b490,72635916708585992265608556781420602269756405925315293121647582196581952817911,BUY,0.89,1123.5955,999.9999949999999,1786186704,Bilibili Gaming,0,LoL: Bilibili Gaming vs EDward Gaming (BO3) - LPL Group Ascend,lol-blg-edg-2026-08-08,0xb0fb35fbfa6c99bb71b40b49593ddfdf78dc0516fd530ab03716e99375b8f989
8e73551b535c4c88d8411fc87ce1e283daad8bf7,0xdf44c3e8ce0a3f66dd4cdf7688e1f23500d770f1,0x38ad053ab46d4aa91abc695fb39735f600383c35daa4ea141a968e77d2e54f1e,37865124209922149494019330554769713854470243417252314956132631461752592594417,SELL,0.999,1300.0,1298.7,1786188367,Anyones Legend,1,LoL: LGD Gaming vs Anyone's Legend - Game 2 Winner,lol-lgd-al-2026-08-08,0x70884e206a273c4886607328e3aa0df95affbe171d19cfc0dcecb85f3eccb869
98c6a4a40b2c53a2e8ff2463d0460023981acb97,0xdf44c3e8ce0a3f66dd4cdf7688e1f23500d770f1,0x9829e6816101035d2d759dc9be3d5263e8fe54616076bb970cafbe181ad6b490,72635916708585992265608556781420602269756405925315293121647582196581952817911,SELL,0.999,1123.59,1122.46641,1786196049,Bilibili Gaming,0,LoL: Bilibili Gaming vs EDward Gaming (BO3) - LPL Group Ascend,lol-blg-edg-2026-08-08,0xbe8624b19a9f8c209ee77ab764b3ab3858a5b5582c6ef69a071cf15baaedb099
764a5081f9db0695727c87237e87c1fe31e73e62,0xdf44c3e8ce0a3f66dd4cdf7688e1f23500d770f1,0x5a9395dae6c7643ea06e7a555580a5526e81073aea9c9306363529c5b76a8f8b,95577979648711137561778638101766617213130581085760544385254830392377913395624,BUY,0.8599999993,1360.465115,1169.9999979476745,1786196581,Yes,0,US x Iran Effective Ceasefire by July 31?,us-x-iran-effective-ceasfire-byptptpt-2-week-pause-20260715194822042,0xb732752415a2008bfb9bacc68ebf53bf5db60ac5303bf2ed2e86e014931752c0
0e72747992d5a655710319118ff81f8294d981e5,0xdf44c3e8ce0a3f66dd4cdf7688e1f23500d770f1,0xe7cbfaad207bdf8881bc057a5f1b98df829f5478fdb056fb5b19730434b34707,106995849309895050924447984899058024551125878606193008511813577387851798276827,BUY,0.9,2422.22222,2179.9999980000002,1786196665,No,1,"US announces end of Iranian blockade by August 9, 2026?",us-announces-end-of-iranian-blockade-byptptpt-20260713152715080,0xa3462e87ec88abe9cddba2ff94e98666d7bfc465092c6a93c2daa9425b48e842
d2b651fe5a34f4d59ba85389cde506f836532cb1,0xd34f2b5e9ee02bed8a107fdf9bda2d866dc61c95,0x1a917747ee2bf9a87e1fc9302a3bc6ee94b47acaace4a01e270fc844424faebb,109352449099828870935115344758887777912334186311469491760101137378589689651527,BUY,0.99,0.83,0.8217,1786203006,Yes,0,Will Brighton & Hove Albion win on 2026-08-08?,clf-bha-rom-2026-08-08,0xc209a1a84cf2c7689bf44e0979cc017a24d30ba68d81f71072c7ba9bd9a4836c
6bbc5e86f1d26bbd5e282dea3c907d737a88fa4e,0xd34f2b5e9ee02bed8a107fdf9bda2d866dc61c95,0x4a509780d4ab8370f5051e27c4627c2a3828dee02f2624d6dd36d8db3b3a50e9,8122596177442643110336977927681619766161544765658809176881024073699569210995,BUY,0.94,1467.0,1378.98,1786203025,Under,1,Brighton & Hove Albion vs. AS Roma: O/U 5.5,clf-bha-rom-2026-08-08-more-markets,0x532daa0b4649a28d2cea91e98d29b354a5c97befca623cea0cbde1fadf0cf3ad
ac72765aada53ebefe25f3534f577bc4866c1ee6,0xdf44c3e8ce0a3f66dd4cdf7688e1f23500d770f1,0x61c2b9e70f7fdf3441fd1cfa2c8fa93308fefe3f5ecc2db87c393efab3a207a3,71362371729199006098022300209907327715487157091100600861193647274302527146623,SELL,0.89,1982.66,1764.5674000000001,1786217944,Yes,0,US x Iran Effective Ceasefire by August 31?,us-x-iran-effective-ceasfire-byptptpt-2-week-pause-20260715194822042,0x967f24fcde3a2a024f3862bbb14e0cbd19482c7dec8cdd5adc181b8cf1b7cb26
defcd0d0d3ae8418e524b26212df61c5a5267358,0xdf44c3e8ce0a3f66dd4cdf7688e1f23500d770f1,0x6acdc3316f0b43ca4fbc13623fc018e30f2fd20ae7b93bdc07c8193e99b0ac4d,77550960228341204288120509394963885549177211314903311399404330431381651171385,SELL,0.9,2219.72,1997.7479999999998,1786217947,Yes,0,Israel x Iran ceasefire continues through August 15?,israel-x-iran-ceasefire-continues-throughptptpt-20260716224448963,0x16586cc3cca85df50f1411753c1b2366bcc220141edfbe8480a1a90a1ae867d3
11707d02d1cdbb1755144ccb79be3dfb9ed45163,0xdf44c3e8ce0a3f66dd4cdf7688e1f23500d770f1,0x7214c63f19669255c60ce1e7d1ca55e3c5cc5b9bf9b26c7a42c2a01b16b752de,79318722237444058017351742061398858435266528743422174478231667533211912812945,BUY,0.896186322,4195.55611,3759.999998965528,1786218069,No,1,"US announces end of Iranian blockade by August 10, 2026?",us-announces-end-of-iranian-blockade-byptptpt-20260713152715080,0x88602995a4f0bcb3eb849e932ab7f10b6f12262bad40a59930c3d4c030323122
cf3a8850c20a7041e8e1942027061ceb6c876be6,0xdf44c3e8ce0a3f66dd4cdf7688e1f23500d770f1,0x55937e321733f53af84a7c74884fc86801b97def5b14be888250e7d5057f4be8,72231169683952703551810915209813949516292895904463184163961468355174735034878,SELL,0.7672734401,3252.23,2495.349700096423,1786218339,No,1,Will WTI Crude Oil (WTI) hit (HIGH) $90 in August?,what-price-will-wti-hit-in-august-2026,0xfac7d7c01221952d0f2a99cbb3ea16747ca591435fc0436e1b0201aab4206db2
61f9338dedd79f5632f2ec01aa2a02636f2b8757,0xdf44c3e8ce0a3f66dd4cdf7688e1f23500d770f1,0xe7cbfaad207bdf8881bc057a5f1b98df829f5478fdb056fb5b19730434b34707,106995849309895050924447984899058024551125878606193008511813577387851798276827,BUY,0.9423462153,2627.48442,2475.999998946715,1786218448,No,1,"US announces end of Iranian blockade by August 9, 2026?",us-announces-end-of-iranian-blockade-byptptpt-20260713152715080,0xef6970715461940b4c8278dfc59cac002a583ced9d56bc785d984d92e473db5c
6eef9279322d74d175e14e70f8b522f947dfc911,0xdf44c3e8ce0a3f66dd4cdf7688e1f23500d770f1,0x5a9395dae6c7643ea06e7a555580a5526e81073aea9c9306363529c5b76a8f8b,95577979648711137561778638101766617213130581085760544385254830392377913395624,SELL,0.8345312373,1604.97,1339.397599929381,1786218564,Yes,0,US x Iran Effective Ceasefire by July 31?,us-x-iran-effective-ceasfire-byptptpt-2-week-pause-20260715194822042,0x31a417d287c9835c4b53ecabca781fcc33d21b76cf91beec47a156ab2a9b9a75
f8229ea714f708599d786b6395dba00c98619294,0xdf44c3e8ce0a3f66dd4cdf7688e1f23500d770f1,0x87b9b8d69f3d45bf24576e35afbd9ce9432b027c03bb46d937661b604f6c67e2,95355889564228045436963264133075251231617330608889842413618098575706489827923,BUY,0.8,259.02,207.216,1786218748,No,1,Will WTI Crude Oil (WTI) hit (LOW) $65 in August?,what-price-will-wti-hit-in-august-2026,0xa6b050856435a57073845529ba393f8ae42318ed5026a1f56f4c96693ddcca82
4115e191748de94b75847725147d99208be4fe9a,0xdf44c3e8ce0a3f66dd4cdf7688e1f23500d770f1,0x7214c63f19669255c60ce1e7d1ca55e3c5cc5b9bf9b26c7a42c2a01b16b752de,79318722237444058017351742061398858435266528743422174478231667533211912812945,BUY,0.8933896411,1103.661776,985.9999979564285,1786219417,No,1,"US announces end of Iranian blockade by August 10, 2026?",us-announces-end-of-iranian-blockade-byptptpt-20260713152715080,0xeb65fed986a3e0b729dab63de491dd8b7c45bef1d75bbddc05faf94202c2ed6d
81b546288fdd6740677c2ad95585c17062cc9262,0xdf44c3e8ce0a3f66dd4cdf7688e1f23500d770f1,0xc1556ecbe613e403dfb9e38bf1b25a8aee2aa1687f2b343bc896dd2c9763ed74,10451124928493844849355057703558222404087423201197729105477623039880661055484,SELL,0.7962985922,2148.75,1711.04659998975,1786221345,Yes,0,Israel x Iran ceasefire continues through August 31?,israel-x-iran-ceasefire-continues-throughptptpt-20260716224448963,0xe9ee5ca4537e607dba82c0234e04da32ee80c55172ce96fc6662bcbc0f32e2f7
833cdabad9a8fb96b75ba5c2fba30779a950fafb,0xdf44c3e8ce0a3f66dd4cdf7688e1f23500d770f1,0x110655c3a2be0c0831983b1d1e1f4ab884bb1c9e06cf21b3bb9944c71b6f11fc,76827418119969205673693530819381375012618066744632162243218151845989530039956,BUY,0.3899999995,897.435896,349.99999899128204,1786221480,KT Rolster,1,LoL: Dplus KIA vs KT Rolster (BO3) - LCK Round 3-4 Legend Group,lol-dk-kt-2026-08-09,0x4cf5c4ebb8f4037f4ef1e5acb527b5de652b7ff7be1e2568ed9935f2e16e02f1
1f1d2f5c2c18490ed1e0f16b779c5f1cf28ac3e4,0xdf44c3e8ce0a3f66dd4cdf7688e1f23500d770f1,0x87b9b8d69f3d45bf24576e35afbd9ce9432b027c03bb46d937661b604f6c67e2,95355889564228045436963264133075251231617330608889842413618098575706489827923,BUY,0.81,215.92,174.8952,1786222458,No,1,Will WTI Crude Oil (WTI) hit (LOW) $65 in August?,what-price-will-wti-hit-in-august-2026,0xdf7770ddadfa269910bfb3c8e8ee664fb3867de37c5456b27c6fc6a8a206cbf0
c45d93769b7aa5c375fded9cd21dab2f5dda40be,0xd34f2b5e9ee02bed8a107fdf9bda2d866dc61c95,0x25506f89b9ef94435ff84bf42cbbb374d6bc831af1bd4824a11b531be659aafc,100447758771192715103145485230976248849003448353997187872758245077985102142615,BUY,0.989,10.0,9.89,1786237593,Alexia Thainara,1,"UFC Fight Night: Amanda Lemos vs. Alexia Thainara (Women's Strawweight, Prelims)",ufc-ama3-ale57-2026-08-08,0x6d96404d451d137f95ce48513d11f18c806c40d06975f2abc9eff389e72e9358
2303088efa379a1a3296c05325a271e2e7c6d353,0xd34f2b5e9ee02bed8a107fdf9bda2d866dc61c95,0x25506f89b9ef94435ff84bf42cbbb374d6bc831af1bd4824a11b531be659aafc,100447758771192715103145485230976248849003448353997187872758245077985102142615,BUY,0.99,1570.0,1554.3,1786237596,Alexia Thainara,1,"UFC Fight Night: Amanda Lemos vs. Alexia Thainara (Women's Strawweight, Prelims)",ufc-ama3-ale57-2026-08-08,0x4a195903e4898c6153180f7152391498b72e7c05e1693b5ee8f9834b86afb771
fdd479ee71e811de48d0fc7e731df0bcfef73222,0xd34f2b5e9ee02bed8a107fdf9bda2d866dc61c95,0x25506f89b9ef94435ff84bf42cbbb374d6bc831af1bd4824a11b531be659aafc,100447758771192715103145485230976248849003448353997187872758245077985102142615,BUY,0.995,33.0,32.835,1786237605,Alexia Thainara,1,"UFC Fight Night: Amanda Lemos vs. Alexia Thainara (Women's Strawweight, Prelims)",ufc-ama3-ale57-2026-08-08,0x080f589b6e95bd358a62d98fffffa91c8da588cd1d13dd9d7435634d6fe1ac35
74b775a100414edcc2dfbbb92a8e619798870fa3,0xd34f2b5e9ee02bed8a107fdf9bda2d866dc61c95,0x25506f89b9ef94435ff84bf42cbbb374d6bc831af1bd4824a11b531be659aafc,100447758771192715103145485230976248849003448353997187872758245077985102142615,BUY,0.995,68.0,67.66,1786237644,Alexia Thainara,1,"UFC Fight Night: Amanda Lemos vs. Alexia Thainara (Women's Strawweight, Prelims)",ufc-ama3-ale57-2026-08-08,0x2e2341720e5f1e7209ac0a896d86bb23469334b93abcdbf1777c266bc7d1d36b
ef16d18e488c66f1cfde479edb4be78ee3965b69,0xdf44c3e8ce0a3f66dd4cdf7688e1f23500d770f1,0x87b9b8d69f3d45bf24576e35afbd9ce9432b027c03bb46d937661b604f6c67e2,95355889564228045436963264133075251231617330608889842413618098575706489827923,BUY,0.8199999998,789.024388,646.9999980021952,1786238386,No,1,Will WTI Crude Oil (WTI) hit (LOW) $65 in August?,what-price-will-wti-hit-in-august-2026,0xc9165ff119a20761322f6ec8a4a1c0157099cc9487e7f4be552c8907fc396a7d
63b0e5241b8c204441eeac9c20c5b1c16f169b98,0xdf44c3e8ce0a3f66dd4cdf7688e1f23500d770f1,0xa055e1cf533c2fcb1f1c89c20c41c8aa25526dcf27c3ff6be69c230fd8898282,106384382902272259275653733417531627173944931937610707897597239994735553962869,BUY,0.6968350754,757.71157,527.9999990124024,1786238551,No,1,"US announces end of Iranian blockade by August 15, 2026?",us-announces-end-of-iranian-blockade-byptptpt-20260713152715080,0x2eab0a506c4d5a5e4fa451df0cee52572e63cdd244d0cf3f0638112a2674776c
82bdbf6e9923805cb8bac004c9745c449d610ff7,0xdf44c3e8ce0a3f66dd4cdf7688e1f23500d770f1,0xe7cbfaad207bdf8881bc057a5f1b98df829f5478fdb056fb5b19730434b34707,106995849309895050924447984899058024551125878606193008511813577387851798276827,SELL,0.95,522.51,496.38449999999995,1786238997,No,1,"US announces end of Iranian blockade by August 9, 2026?",us-announces-end-of-iranian-blockade-byptptpt-20260713152715080,0xa0380f22214dd5d36da8901717f31a15fab6f0e9b648ec9b8490299908d4f158
2723154bba69553184273622a62518ea75a37ab8,0xd34f2b5e9ee02bed8a107fdf9bda2d866dc61c95,0xe4edb8ed0e23500ef879cf5caa213586d3401b344108595b81db41088a9adf27,66692807161934530311540520984041328480794542135726868944529018102519826877704,BUY,0.996,29.78,29.660880000000002,1786241409,Diego Ferreira,0,"UFC Fight Night: Diego Ferreira vs. Billy Quarantillo (Lightweight, Main Card)",ufc-die-bil1-2026-08-08,0xdf3d6399de0dc3bb10d55c675cb8559d6949086179abc4e8ffae222c8b82ba90
7e1989a556213abe03d46c333b54e531b2b8452a,0xd34f2b5e9ee02bed8a107fdf9bda2d866dc61c95,0xe4edb8ed0e23500ef879cf5caa213586d3401b344108595b81db41088a9adf27,66692807161934530311540520984041328480794542135726868944529018102519826877704,BUY,0.993,1219.22,1210.68546,1786241461,Diego Ferreira,0,"UFC Fight Night: Diego Ferreira vs. Billy Quarantillo (Lightweight, Main Card)",ufc-die-bil1-2026-08-08,0x695ec1854f239b6a0d107ef05eeb270afb146d5607fdab83a5cb4992a8358195
edf21cc4b6b67848cf57cace76f1281fba39ed5c,0xdf44c3e8ce0a3f66dd4cdf7688e1f23500d770f1,0x5a9395dae6c7643ea06e7a555580a5526e81073aea9c9306363529c5b76a8f8b,95577979648711137561778638101766617213130581085760544385254830392377913395624,BUY,0.8599999999,1575.581392,1354.9999969624419,1786244425,Yes,0,US x Iran Effective Ceasefire by July 31?,us-x-iran-effective-ceasfire-byptptpt-2-week-pause-20260715194822042,0x7e9a9f346c22f22caf7b58883e4cfc5e3530e97a8b4d1c619db98c3cfd8738e1
ac1fa466a64616f16a8d10c7495d5e6a5ace06b3,0xdf44c3e8ce0a3f66dd4cdf7688e1f23500d770f1,0x5a9395dae6c7643ea06e7a555580a5526e81073aea9c9306363529c5b76a8f8b,95577979648711137561778638101766617213130581085760544385254830392377913395624,BUY,0.8699999989,689.655171,599.9999980113794,1786244518,Yes,0,US x Iran Effective Ceasefire by July 31?,us-x-iran-effective-ceasfire-byptptpt-2-week-pause-20260715194822042,0x2e2cfd2023361663f9709718d70e4330b17dcc38d6f691fa68bfea99381afec8
3e2d2de071addbf2fe4edd75c7ead6b80ac4cfeb,0xdf44c3e8ce0a3f66dd4cdf7688e1f23500d770f1,0x5a9395dae6c7643ea06e7a555580a5526e81073aea9c9306363529c5b76a8f8b,95577979648711137561778638101766617213130581085760544385254830392377913395624,BUY,0.8699999678,11.494251,9.999997999885117,1786244533,Yes,0,US x Iran Effective Ceasefire by July 31?,us-x-iran-effective-ceasfire-byptptpt-2-week-pause-20260715194822042,0x7e2e5d058d358ce9504c16414baead49f22e28b72f36f550332e78c8c28906e7
e019d6e21857f441e0705d393bc6f8a3bcc513e3,0xdf44c3e8ce0a3f66dd4cdf7688e1f23500d770f1,0x110655c3a2be0c0831983b1d1e1f4ab884bb1c9e06cf21b3bb9944c71b6f11fc,71554567140477701232236779715296312780126562489207472430244093936081845975202,BUY,0.8978583602,2906.13766,2609.299993923065,1786270153,Dplus KIA,0,LoL: Dplus KIA vs KT Rolster (BO3) - LCK Round 3-4 Legend Group,lol-dk-kt-2026-08-09,0x3bd784afd502dda15faa03f1f4525f11af2a076270579b1ce1855828d4497382
aa16a1e242a54503273f81257fe53f088efbd740,0xdf44c3e8ce0a3f66dd4cdf7688e1f23500d770f1,0x110655c3a2be0c0831983b1d1e1f4ab884bb1c9e06cf21b3bb9944c71b6f11fc,76827418119969205673693530819381375012618066744632162243218151845989530039956,SELL,0.1009481519,897.43,90.593899959617,1786270165,KT Rolster,1,LoL: Dplus KIA vs KT Rolster (BO3) - LCK Round 3-4 Legend Group,lol-dk-kt-2026-08-09,0xef4149b11d24e107f0ee087f6fc3c85d7a742f09cb6faa4123e1b4b78de4b0b0
70787805978fa3eea2d11c4410f8e38fe0482b0e,0xdf44c3e8ce0a3f66dd4cdf7688e1f23500d770f1,0xbc8d6d2280e60953b0e89a0bd58279691c8fe17bcb0baa3656486e725350e9f3,28246806272807385475359212337668662438574077035888650625591761821033218424548,BUY,0.91,3241.978011,2950.1999900100004,1786270771,Top Esports,1,LoL: ThunderTalk Gaming vs Top Esports (BO3) - LPL Group Ascend,lol-tt-tes-2026-08-09,0xe1f84f26653c073a34f70773d540a55257839c6c6068ba5f5cf3a77908295f37
2cee674bfb70918a83dddbae2e1c211fc3a33413,0xdf44c3e8ce0a3f66dd4cdf7688e1f23500d770f1,0xbc8d6d2280e60953b0e89a0bd58279691c8fe17bcb0baa3656486e725350e9f3,28246806272807385475359212337668662438574077035888650625591761821033218424548,SELL,0.999,3241.97,3238.7280299999998,1786284694,Top Esports,1,LoL: ThunderTalk Gaming vs Top Esports (BO3) - LPL Group Ascend,lol-tt-tes-2026-08-09,0x77dc4164a68c55cecdbed271a531607edf575ff32d2b944966c92c3b8dce3227
2e012bd69eefd613c379cd5c7f7cb2c3f00c5366,0xdf44c3e8ce0a3f66dd4cdf7688e1f23500d770f1,0xa055e1cf533c2fcb1f1c89c20c41c8aa25526dcf27c3ff6be69c230fd8898282,106384382902272259275653733417531627173944931937610707897597239994735553962869,BUY,0.72,2083.333332,1499.9999990400001,1786284976,No,1,"US announces end of Iranian blockade by August 15, 2026?",us-announces-end-of-iranian-blockade-byptptpt-20260713152715080,0x8abdb7e973903186dd792bc48faef9bed77c292bbd6435c7671fc5ccf5b86c54
e7261cc11aeadc3a8d8ffab77a8b39d14b892ae3,0xdf44c3e8ce0a3f66dd4cdf7688e1f23500d770f1,0xbdc0827c873d1c3c538e549ab94c77829f7e40fd3376b25164c0279f744a87bc,8380715925577845977184977030716387784969501288623224112825735013253473276536,BUY,0.7086811803,2116.607635,1499.9999970037916,1786286146,No,1,"US x Iran diplomatic meeting by August 31, 2026?",next-round-of-us-iran-peace-talks-byptptpt-20260623022722982,0x51d98628fe1cc77237e752b875f9ed9d93caa4067d2228512b79de5fc5457217
455629b791133dab56a8941f9d4ec59a49ef524a,0xdf44c3e8ce0a3f66dd4cdf7688e1f23500d770f1,0xa055e1cf533c2fcb1f1c89c20c41c8aa25526dcf27c3ff6be69c230fd8898282,106384382902272259275653733417531627173944931937610707897597239994735553962869,BUY,0.86,68.11,58.5746,1786300740,No,1,"US announces end of Iranian blockade by August 15, 2026?",us-announces-end-of-iranian-blockade-byptptpt-20260713152715080,0x8d5dd23099cab23c8473a5352a87143a1630bbc214199e79fc07998abd6a772b
4dd4464149e1e395cc888d0fe23abd679faa525e,0xdf44c3e8ce0a3f66dd4cdf7688e1f23500d770f1,0xa055e1cf533c2fcb1f1c89c20c41c8aa25526dcf27c3ff6be69c230fd8898282,106384382902272259275653733417531627173944931937610707897597239994735553962869,BUY,0.8699999999,754.022984,655.9999960045976,1786300786,No,1,"US announces end of Iranian blockade by August 15, 2026?",us-announces-end-of-iranian-blockade-byptptpt-20260713152715080,0x504ce8bc0535a28e96d29bf9b6791c0b4fa27cf46ac3fbda4c50bec48bf165a4
194d36ffb6a39c77d508b3e09d19a412605d41a9,0xdf44c3e8ce0a3f66dd4cdf7688e1f23500d770f1,0x7214c63f19669255c60ce1e7d1ca55e3c5cc5b9bf9b26c7a42c2a01b16b752de,79318722237444058017351742061398858435266528743422174478231667533211912812945,SELL,0.9782727571,2649.61,2592.041279939731,1786300918,No,1,"US announces end of Iranian blockade by August 10, 2026?",us-announces-end-of-iranian-blockade-byptptpt-20260713152715080,0x09f2836d1e3b7122fceb71f45b5ad91ac61c10dfc3351c27ec34d21a9d56a128
bc2faa1679d64a9a22e148721547cad69e5fb99e,0xdf44c3e8ce0a3f66dd4cdf7688e1f23500d770f1,0xa055e1cf533c2fcb1f1c89c20c41c8aa25526dcf27c3ff6be69c230fd8898282,106384382902272259275653733417531627173944931937610707897597239994735553962869,BUY,0.88,861.363633,757.99999704,1786300999,No,1,"US announces end of Iranian blockade by August 15, 2026?",us-announces-end-of-iranian-blockade-byptptpt-20260713152715080,0xc2467303bab5d7336412116922a8a2632af4312dfbb620fdb1c6beccfbd75040
605558a19ea7c172465ef34ac7b58b7cf2ece2aa,0xdf44c3e8ce0a3f66dd4cdf7688e1f23500d770f1,0x47ec761ae98d7c28b20c0222f1507e3af0f198a904f86b4a264b2e987f0b80c7,21515528084926948718188410049221867058078937518895951601155499933747657106361,BUY,0.6199376962,3226.130644,1999.9999990815825,1786301700,No,1,"US announces end of Iranian blockade by August 31, 2026?",us-announces-end-of-iranian-blockade-byptptpt-20260713152715080,0xbea7fc7ef4b752bab07365aaff6ab88fb15bd4b62d440b33c1af4d418170b9d2
60958ad78b06fb916547209581a30a096f02aff8,0xdf44c3e8ce0a3f66dd4cdf7688e1f23500d770f1,0x12aa595f4883b1a856dcf8155b87e89a8d098b5ad8a7781c75804fd13d166718,42861789579440942813760393734814713126398732791906092554265826118142061749306,BUY,0.9,1863.33333,1676.999997,1786302048,No,1,Israel closes its airspace by August 31?,israel-closes-its-airspace-by,0xe1c60f04c7ec032aeac85c837ade239ffac0772e1118c5324654989821bbc6e7
b06abdef8a1b1a827d5c7ab580aee32af4c0b9db,0xdf44c3e8ce0a3f66dd4cdf7688e1f23500d770f1,0xbad91c213787a7542345b8abd72a1d55754987c47ba82ef5d4aa625ac046f024,110868166890001558521729124967806292012287685900188653582015718186210230012112,SELL,0.9098637131,711.0,646.9131000141,1786302136,No,1,Iran full airspace closure by August 31?,iran-full-airspace-closure-byptptpt-20260625195253028,0x3070c6cda7b0d4d42c178948caa9bf77f13653105a6546fd008096cf53dfaa9e
e3a5c8cb42a14eedcf9adae25b8c349d923f8a21,0xdf44c3e8ce0a3f66dd4cdf7688e1f23500d770f1,0x12aa595f4883b1a856dcf8155b87e89a8d098b5ad8a7781c75804fd13d166718,42861789579440942813760393734814713126398732791906092554265826118142061749306,BUY,0.9,212.22222,190.999998,1786302171,No,1,Israel closes its airspace by August 31?,israel-closes-its-airspace-by,0xdcdd7c2e78986d3e75b7ee150d9b3bdbb66f9dadb96b116fce5a2e3f4f2d8458
a47c69864c66a7c7ca3f6db0f1947843684cd320,0xdf44c3e8ce0a3f66dd4cdf7688e1f23500d770f1,0x5c79dfde05559b79a9cb9f7c4187e4d49632dd042572ae676952f812732591cc,83783489454659420807679723574840032660002326710045123865554753994450797728825,BUY,0.51,60.0,30.6,1786305828,Yes,0,Strait of Hormuz traffic returns to normal by December 31?,strait-of-hormuz-traffic-returns-to-normal-by-december-31,0x0f003a1ee01b099db8f979facb81b5fd39d91478e57378eeecea79fb301d2797
973aad21f1274d7834b72938396f472606cefe25,0xdf44c3e8ce0a3f66dd4cdf7688e1f23500d770f1,0x47ec761ae98d7c28b20c0222f1507e3af0f198a904f86b4a264b2e987f0b80c7,21515528084926948718188410049221867058078937518895951601155499933747657106361,BUY,0.5399410544,848.240739,457.99999900069514,1786307788,No,1,"US announces end of Iranian blockade by August 31, 2026?",us-announces-end-of-iranian-blockade-byptptpt-20260713152715080,0x9bd758765d809d3ed50c266da73693749474012d7ad4c132c393d862c626f6fe
7d57eddcf3f08c9484e982a4fe1b5ff77276150e,0xdf44c3e8ce0a3f66dd4cdf7688e1f23500d770f1,0xc1556ecbe613e403dfb9e38bf1b25a8aee2aa1687f2b343bc896dd2c9763ed74,10451124928493844849355057703558222404087423201197729105477623039880661055484,SELL,0.82,716.25,587.3249999999999,1786317147,Yes,0,Israel x Iran ceasefire continues through August 31?,israel-x-iran-ceasefire-continues-throughptptpt-20260716224448963,0x493201cad46b85b3ec67ad9c15798a86e2e2af6608d370fa7e52749bc8252900
29d5cfa25a1bbfe5c5a4542517372c15439593b8,0xdf44c3e8ce0a3f66dd4cdf7688e1f23500d770f1,0xccf2b4f4ee94200fb3e05bfd45c1fb8a43bb0bf5cf69d78508c969d72b3a7f2b,25176162863226962641832258957764252933985326979806259075298957376891004062193,BUY,0.7699999992,980.519479,754.9999980455844,1786359297,No,1,"US announces end of Iranian blockade by August 22, 2026?",us-announces-end-of-iranian-blockade-byptptpt-20260713152715080,0xe674225c9fd7c5b6bf39dfad78a44fa9440c9e8f4e3e1ab64a8e2dc98b44eb02
e075c7eafc73ec268ffc0c75c25d31ccfafe5467,0xdf44c3e8ce0a3f66dd4cdf7688e1f23500d770f1,0xbdc0827c873d1c3c538e549ab94c77829f7e40fd3376b25164c0279f744a87bc,8380715925577845977184977030716387784969501288623224112825735013253473276536,BUY,0.7899999997,612.658223,483.9999959862026,1786359481,No,1,"US x Iran diplomatic meeting by August 31, 2026?",next-round-of-us-iran-peace-talks-byptptpt-20260623022722982,0x4dfc442862835e2dc8e2412d544332023535e889ccdf28f803de47c3f0242a52
17f53586cf693168d06bc1793b96cddf3bffa8b8,0xdf44c3e8ce0a3f66dd4cdf7688e1f23500d770f1,0xbdc0827c873d1c3c538e549ab94c77829f7e40fd3376b25164c0279f744a87bc,8380715925577845977184977030716387784969501288623224112825735013253473276536,BUY,0.7804311721,620.17,484.000000001257,1786359481,No,1,"US x Iran diplomatic meeting by August 31, 2026?",next-round-of-us-iran-peace-talks-byptptpt-20260623022722982,0xdcabf546987ad5474433fdab5fcc543f05086efab43d15e1f4070b41db4960cc
ef9b788c523747b86c5ea5f77908089882b1fc52,0xdf44c3e8ce0a3f66dd4cdf7688e1f23500d770f1,0xbdc0827c873d1c3c538e549ab94c77829f7e40fd3376b25164c0279f744a87bc,8380715925577845977184977030716387784969501288623224112825735013253473276536,BUY,0.7899999969,41.772147,32.99999600050634,1786359549,No,1,"US x Iran diplomatic meeting by August 31, 2026?",next-round-of-us-iran-peace-talks-byptptpt-20260623022722982,0x684e0e1475a14a8a107b88d8da1d1599b1accde2f80a39cf7989e305b5ab7652
dd5b313a8eaf750615a9ffb8cc38e0bbc5b26b25,0xdf44c3e8ce0a3f66dd4cdf7688e1f23500d770f1,0xccf2b4f4ee94200fb3e05bfd45c1fb8a43bb0bf5cf69d78508c969d72b3a7f2b,25176162863226962641832258957764252933985326979806259075298957376891004062193,BUY,0.7799999999,955.128204,744.9999990244872,1786359655,No,1,"US announces end of Iranian blockade by August 22, 2026?",us-announces-end-of-iranian-blockade-byptptpt-20260713152715080,0x8f05143ed67cc47d05277024ec073465e550967b09100f27e42ee177869c2b8d
9115245a43ac7f4631ff77d1038ac59deaaf486e,0xdf44c3e8ce0a3f66dd4cdf7688e1f23500d770f1,0x47ec761ae98d7c28b20c0222f1507e3af0f198a904f86b4a264b2e987f0b80c7,21515528084926948718188410049221867058078937518895951601155499933747657106361,BUY,0.621597984,804.37841,499.99999802912544,1786361263,No,1,"US announces end of Iranian blockade by August 31, 2026?",us-announces-end-of-iranian-blockade-byptptpt-20260713152715080,0x055bfd3756042e3436d55cc8f8d192d2b55ec6d1b6fa9347146c67c42829a336
39e0ad18d9b4d4886b9aef0be29fb8bd8f7490af,0xdf44c3e8ce0a3f66dd4cdf7688e1f23500d770f1,0x47ec761ae98d7c28b20c0222f1507e3af0f198a904f86b4a264b2e987f0b80c7,21515528084926948718188410049221867058078937518895951601155499933747657106361,BUY,0.6799999999,736.764703,500.9999979663236,1786387005,No,1,"US announces end of Iranian blockade by August 31, 2026?",us-announces-end-of-iranian-blockade-byptptpt-20260713152715080,0x6eed78e46fe8bf94cc6e83bbc7883f98e0080b54bd2a419c54f5220b831a49f6
56ad0593d3649ab91666cb559485f319959575da,0xdf44c3e8ce0a3f66dd4cdf7688e1f23500d770f1,0xbdc0827c873d1c3c538e549ab94c77829f7e40fd3376b25164c0279f744a87bc,8380715925577845977184977030716387784969501288623224112825735013253473276536,BUY,0.8199999999,663.414633,543.9999989936586,1786387354,No,1,"US x Iran diplomatic meeting by August 31, 2026?",next-round-of-us-iran-peace-talks-byptptpt-20260623022722982,0x5e2655913d026079a501feb699411fc77fba7d7b7612446b70ac9754924be366
78232e4cc522cd8d96c1e399b6496fbb2e3fe18f,0xd34f2b5e9ee02bed8a107fdf9bda2d866dc61c95,0xdb00be9a9c925b9723848696a6c698476187ad82d2e2e92315d4a0f1e9564eee,7493852483451847701187355777301800830465279592659021434142868572152433440876,BUY,0.999,25.88,25.854119999999998,1786389985,Yes,0,"Bitcoin above 62,600 on August 10, 4PM ET?",bitcoin-above-on-august-10-2026-4pm-et,0x955af890decbad01d98adb82c209f3e214d4447defc13a91f16dd57036f4c68e
af199d3a0961c61b0c30db288efbadb1e30f63d5,0xd34f2b5e9ee02bed8a107fdf9bda2d866dc61c95,0xd30d6a42c23f7efeb372abbcb8693001dbe320c683110fc0e6a44b29fc48944d,23665138218890107571832621274237252335352657904530550611782432494545861418812,BUY,0.999,105.0,104.895,1786389999,Yes,0,"Bitcoin above 62,800 on August 10, 4PM ET?",bitcoin-above-on-august-10-2026-4pm-et,0x26001b8ab663a6c8dec69d7dcf4a994467faecef624760001d185a215f66b1fc
669ea3ec5b94edea16340b932f5f7b4c9081a1a6,0xd34f2b5e9ee02bed8a107fdf9bda2d866dc61c95,0xdeceeb483e58b5bca360a75f7926a4db6d50e97bc159ba86ee933fc3c7f6eefb,88121933530288955020709271487340019231684719801008070577576275797674609617179,BUY,0.999,105.0,104.895,1786390003,Yes,0,"Bitcoin above 63,000 on August 10, 4PM ET?",bitcoin-above-on-august-10-2026-4pm-et,0x9698ff7ba3acc1de9b651d595e3e6c14998641587ff9f9e90dfd7617c181cf68
e4477ebe8d7e016db4932911e01ce3c1b3f8816c,0xd34f2b5e9ee02bed8a107fdf9bda2d866dc61c95,0x400666debd58df9bbdb39118544b0ed9aa893f5269f88a872dfee4234f317867,31461057475444568972622790795378923665832624054999158807329256283339467709031,BUY,0.999,744.01,743.26599,1786391766,Yes,0,WTI Crude Oil (WTI) closes above $76 on August 10?,wti-closes-above-on-august-10-2026,0xb3a3c6f015bb9884070962c920fb33850116b35b1e650a739fb63f7dbc4aa4ca
a59cc289919d0a1f59209ea23de84956504f6ace,0xd34f2b5e9ee02bed8a107fdf9bda2d866dc61c95,0x646dd999b021246a7671f701b1f314cbbbdedbc05bc369ff5b2e865ae5dade99,69143411111897298274190689315903092462132977809288879741738273488578303656867,BUY,0.999,228.0,227.772,1786391766,Yes,0,WTI Crude Oil (WTI) closes above $75 on August 10?,wti-closes-above-on-august-10-2026,0xb9e9b18f131068c45debfa06c64986b4d8bdcfbf51e653fd63065bb63e605188
a1d69083d1a0bad013a9bb73237d070f29bbf7ac,0xd34f2b5e9ee02bed8a107fdf9bda2d866dc61c95,0xb1a279d43dc640918c2ebb384c6fe9b2955747d2d84c93139b67411eeb803b73,81999379839174073853373075625308385798835929538752345970552571423121686057195,BUY,0.99,517.0,511.83,1786391884,Yes,0,WTI Crude Oil (WTI) closes above $80 on August 10?,wti-closes-above-on-august-10-2026,0xdfe2f9090cb4c27291454ef10006cfa9edce264f1261b4d17de50a4b269c29f2
d9a60ea2ae990a7e2c2648e01fa160c15dc1d8f8,0xd34f2b5e9ee02bed8a107fdf9bda2d866dc61c95,0x04c870fe26c057d0b56c82662dff2da5552fa369b193ba2785b10315e0a0f710,18911700358382851021256270478267426960627488950025610629608515251427979315190,BUY,0.999,122.32,122.19767999999999,1786392340,Yes,0,WTI Crude Oil (WTI) closes above $77 on August 10?,wti-closes-above-on-august-10-2026,0x94464f20e0f0fc26691257cfb330d5938946f5e6246280b9d9d5becb3ebbffba
f18db786a8b5867cdc84a27313547187376b13a3,0xd34f2b5e9ee02bed8a107fdf9bda2d866dc61c95,0x6abd5c19fd4139cde0374e90cd9c73f3988684ad1af7c98c761988603e353cf6,2236147457827512866846193622777377912842683226282562061644596639403754029811,BUY,0.993,4000.0,3972.0,1786423096,No,1,"US announces end of Iranian blockade by August 11, 2026?",us-announces-end-of-iranian-blockade-byptptpt-20260713152715080,0x2806ada542dc2cf57c231b57355cbc322d1075a0f4d281512e9a152aaa5db2a0
5be673c4c7ed22bfb7e46b99e4283fd6a6ab247f,0xd34f2b5e9ee02bed8a107fdf9bda2d866dc61c95,0x46e7efebdf859f60c1ab94495eb2b8da0cc8b4ab46e56098691be5f8e2ab772c,41601572410069148337404143986569154477862759839974602598071538307758269787092,BUY,0.976,507.98,495.78848,1786425148,No,1,Will Mark Sanford be the new republican nominee for Senate in South Carolina?,south-carolina-republican-senate-special-primary-winner-20260712135206676,0xf33766c01322847ebee392dcae96b8703af76c733c6d97439a290f04ba6bd942
4bb38e75c7dae9ab2f3f8a0f0b5778b47a27dcf7,0xd34f2b5e9ee02bed8a107fdf9bda2d866dc61c95,0x26447b42c0ee826bf9b58dd9ba7fee1fec5663f5328e83794c92b52d99a32417,51087033745151656528914749125759764185125561429702484406604886560039996567224,BUY,0.99,7.0,6.93,1786425229,No,1,Will Mark Sanford win the SC Republican Senate special primary?,south-carolina-special-senate-republican-primary-first-round-margin-of-victory-20260807145147619,0x8cfd312611c43fb4162f95c41b7be9292d765e723a7e36613ec1356bc8046ab7
f42ea11491179cdfe9611a232e3e01412f63c03e,0x91327ef84dca65ca90eea309c5d455daee4b8256,0x5e464d85eb49f22d876f3ed6168a7db5e2288e9ae1eb91effd2758e994676f86,81470465080656150088482886298356783621062802919110096763062861781139262816347,SELL,0.991,800.0,792.8,1786436814,No,1,Will the Fed decrease interest rates by 50+ bps after the September 2026 meeting?,fed-decision-in-september-762,0x69e8a5f7e00f896f71c1d8a940d2fa4af013fa4fc9d7ce5b744f45c418e7ba1e
bbf9d91617ba95d86a57781ba53f42e8b2511509,0x91327ef84dca65ca90eea309c5d455daee4b8256,0xac02cbb049e46d6a3627c0fdf52fa554982a9025d45968207b362acb6ca4b830,28239418772633645184924651434956000849078365566842629564562475378531350731731,BUY,0.985,804.0,791.9399999999999,1786436844,No,1,Will the Fed decrease interest rates by 25 bps after the September 2026 meeting?,fed-decision-in-september-762,0xd180dc25db06a8054ab53f4c9cd807aa8ac7e398f2cd678d8415d3b206424bd9
696e696578704a6a99b94c6d0f2ea19e38ac6b8f,0xdf44c3e8ce0a3f66dd4cdf7688e1f23500d770f1,0x7f0d84b155c484b801f2cba68eb0f9ef8b2a0a54b7e6bb0fa53a1778964f53fd,2252785706045103625097113087219069914218825383856101685537599561135007989809,SELL,0.976,1444.9,1410.2224,1786449697,No,1,"US x Iran diplomatic meeting by August 15, 2026?",next-round-of-us-iran-peace-talks-byptptpt-20260623022722982,0x724d5cc0827b740c6d4a5ee9185700c50c58e569603308d5f37c3c7d4fb288a0
0363b6c6988d50c4b7265a3b3fce37de117d8b82,0xdf44c3e8ce0a3f66dd4cdf7688e1f23500d770f1,0x55937e321733f53af84a7c74884fc86801b97def5b14be888250e7d5057f4be8,72231169683952703551810915209813949516292895904463184163961468355174735034878,BUY,0.58,8.0,4.64,1786449847,No,1,Will WTI Crude Oil (WTI) hit (HIGH) $90 in August?,what-price-will-wti-hit-in-august-2026,0x7f78ad92764ea0e0d4f392df62bfe8ca2f1264e6a6a1b6f534caf3b095b13b44
82fc9c4dcdd19b448d51b09c7171a399c1f9f2ff,0xdf44c3e8ce0a3f66dd4cdf7688e1f23500d770f1,0x55937e321733f53af84a7c74884fc86801b97def5b14be888250e7d5057f4be8,72231169683952703551810915209813949516292895904463184163961468355174735034878,SELL,0.58,8.0,4.64,1786450171,No,1,Will WTI Crude Oil (WTI) hit (HIGH) $90 in August?,what-price-will-wti-hit-in-august-2026,0x0144ef6ea95da3c5046c38afbc2dd9d09c65c7b572ca4956281385a208d3dd8f
54a70d92db40f6532411795c4d082f5d94da844f,0xdf44c3e8ce0a3f66dd4cdf7688e1f23500d770f1,0x7f0d84b155c484b801f2cba68eb0f9ef8b2a0a54b7e6bb0fa53a1778964f53fd,2252785706045103625097113087219069914218825383856101685537599561135007989809,SELL,0.976,1444.91,1410.23216,1786450242,No,1,"US x Iran diplomatic meeting by August 15, 2026?",next-round-of-us-iran-peace-talks-byptptpt-20260623022722982,0xe40c27b451827f0490b45745dac57c3e65a6a1682e2c79a18489cc6b58457ab8
1658275ef47b3bfb3c1503e9da9ad35ac53ec7bf,0xdf44c3e8ce0a3f66dd4cdf7688e1f23500d770f1,0xf9eb9af27f46431e719ebcd980e236b774f7b0ea5f661ed6f88d9b7925fdf6e7,8436834938515306421583541875988085758056611099171878886366787267369347805322,BUY,0.88,3648.602266,3210.76999408,1786450300,No,1,Will WTI Crude Oil (WTI) hit (HIGH) $100 in August?,what-price-will-wti-hit-in-august-2026,0xbab236216486de8d551053160da622a7b548013510aab09b5cd61c05bfa95bfa
e66aa722e7208f36d8fd973de74be6bd61160d7f,0xdf44c3e8ce0a3f66dd4cdf7688e1f23500d770f1,0x60c2c085ee8c16bc8f2419739a94971d4c9d00f637ead10fc0f540afa1be64e8,90869494087977018607792751230236923002303032923064138180950209430688758061828,SELL,0.956,1375.86,1315.32216,1786450356,No,1,Strait of Hormuz traffic returns to normal by August 31?,strait-of-hormuz-traffic-returns-to-normal-by-august-31-20260702154212320,0xb04cb1980b1656aa51e4cabfb6752ca782410320109397c63742f258bcd72ea4
e6bb792aa20806b04852cbed63d6cac0c75d28c6,0xdf44c3e8ce0a3f66dd4cdf7688e1f23500d770f1,0xf9eb9af27f46431e719ebcd980e236b774f7b0ea5f661ed6f88d9b7925fdf6e7,8436834938515306421583541875988085758056611099171878886366787267369347805322,BUY,0.88,1488.590908,1309.95999904,1786450387,No,1,Will WTI Crude Oil (WTI) hit (HIGH) $100 in August?,what-price-will-wti-hit-in-august-2026,0xe248522ab176309673c8198148176384aeb15ce6ecb3c3d3ddf12018ea83d848
285dcd1819940d19590fc35a31d4202fd24b7b77,0xdf44c3e8ce0a3f66dd4cdf7688e1f23500d770f1,0xf9eb9af27f46431e719ebcd980e236b774f7b0ea5f661ed6f88d9b7925fdf6e7,8436834938515306421583541875988085758056611099171878886366787267369347805322,BUY,0.8799999999,545.454541,479.9999960254545,1786469715,No,1,Will WTI Crude Oil (WTI) hit (HIGH) $100 in August?,what-price-will-wti-hit-in-august-2026,0xd4a3747b196fe60c12d94de679d72d13531d9baad5e01fa36e209ec2db238a0e
9565a7e254eada9b593344887fba41dda4569720,0xdf44c3e8ce0a3f66dd4cdf7688e1f23500d770f1,0x46ca741da4abd7ffa993f59ac65bfe83de43ae027accac71d263a493e44064e7,86011229287950365043519117852041614651767455889324682112682327985496937935368,BUY,0.817711373,873.168725,713.9999969804094,1786471276,Yes,0,"US announces end of Iranian blockade by December 31, 2026?",us-announces-end-of-iranian-blockade-byptptpt-20260713152715080,0x6ab736d724acbf7aa56e8ecc04a74438cd573e60ce76c42a4ab77274008803e6
e39b0186bd48d201d6f77d9a165671456dbb70e2,0xdf44c3e8ce0a3f66dd4cdf7688e1f23500d770f1,0x46ca741da4abd7ffa993f59ac65bfe83de43ae027accac71d263a493e44064e7,86011229287950365043519117852041614651767455889324682112682327985496937935368,BUY,0.8166543906,1550.227382,1265.9999979386434,1786486404,Yes,0,"US announces end of Iranian blockade by December 31, 2026?",us-announces-end-of-iranian-blockade-byptptpt-20260713152715080,0x3016f07c9b81594e1f8607c4156c59dbe302fdb7bbdb7c22ab88fbc5c5c1fdfe
ef52bda13dda45be22329578faeb4ac6fb93c40d,0xd34f2b5e9ee02bed8a107fdf9bda2d866dc61c95,0x70831611831c0792bfb971d613ec2db2e06d59a234967b45f8302b3671b515cd,77003823152235207360024992572659870715371331416954628896644821575491638935501,BUY,0.74,248.37,183.7938,1786497531,No,1,Will Ralph Norman be the new Republican nominee for Senate in South Carolina?,south-carolina-republican-senate-special-primary-winner-20260712135206676,0x23e4030b6345b599840c3048c14152c680964631173ebb33f84cdd12a4074d86
adef96ec393f63c8f0e7ca88408a8ff03ad3e677,0xd34f2b5e9ee02bed8a107fdf9bda2d866dc61c95,0x70831611831c0792bfb971d613ec2db2e06d59a234967b45f8302b3671b515cd,77003823152235207360024992572659870715371331416954628896644821575491638935501,BUY,0.77,300.0,231.0,1786497543,No,1,Will Ralph Norman be the new Republican nominee for Senate in South Carolina?,south-carolina-republican-senate-special-primary-winner-20260712135206676,0x30dbd4a0967e6b8663dc8175925314f8b9af9ce66a6e1ef089860231d0ffad4b
fc258b7310a1672e6232c470a310aac5cef60249,0xd34f2b5e9ee02bed8a107fdf9bda2d866dc61c95,0x70831611831c0792bfb971d613ec2db2e06d59a234967b45f8302b3671b515cd,77003823152235207360024992572659870715371331416954628896644821575491638935501,SELL,0.73,848.37,619.3101,1786506300,No,1,Will Ralph Norman be the new Republican nominee for Senate in South Carolina?,south-carolina-republican-senate-special-primary-winner-20260712135206676,0x9be281094175eb09a8719fcddf859bf701e46a3835277b9df817673b9ea9565a
aa234f49b6a114ec6fac0b46c817e2ecda1919d0,0xdf44c3e8ce0a3f66dd4cdf7688e1f23500d770f1,0x5a9395dae6c7643ea06e7a555580a5526e81073aea9c9306363529c5b76a8f8b,95577979648711137561778638101766617213130581085760544385254830392377913395624,SELL,0.9835456564,3881.71,3817.839009904444,1786523587,Yes,0,US x Iran Effective Ceasefire by July 31?,us-x-iran-effective-ceasfire-byptptpt-2-week-pause-20260715194822042,0x208bfdc7dac1ecd6d5bc60a35bbd0338f6c42313d76d2370ac1da84b2eea0647
c462d39ddb979ae94a2e835b9ecf83971d78e925,0xdf44c3e8ce0a3f66dd4cdf7688e1f23500d770f1,0x0643b1b4ba5556e1900e347b4660567817d59bb008c53afd599f7cadb8929acf,85975130767219596412057108166141445703777898379611360487270296100474119092646,BUY,0.7699999999,1948.051947,1499.9999989951948,1786524352,Bilibili Gaming,0,LoL: Bilibili Gaming vs JD Gaming (BO3) - LPL Group Ascend,lol-blg-jdg-2026-08-12,0x836f067edebede74c8657b2a3d3d848f6d8bf78d20f9c990c8cf54059aae909a
8ef677441384d9491d1e001344b18a3142ed119c,0xdf44c3e8ce0a3f66dd4cdf7688e1f23500d770f1,0x48b22825c0f0e6c0d8913608c0e5efd01ed84e3b30504fc50d7e739c7b682f5c,101346249807832808042068222342554811101839268071684978809969456774114853080666,BUY,0.5499999999,3636.363635,1999.9999988863638,1786535974,KT Rolster,0,LoL: KT Rolster vs Dplus KIA - Game 2 Winner,lol-kt-dk-2026-08-12,0x3eaeeba711052f80d4c6d64d65c08c748b7b4da1ca540b588322d996c538d898
3fc4d046aa383b2ae0fea5f80e5114a93c561c68,0xdf44c3e8ce0a3f66dd4cdf7688e1f23500d770f1,0x48b22825c0f0e6c0d8913608c0e5efd01ed84e3b30504fc50d7e739c7b682f5c,101346249807832808042068222342554811101839268071684978809969456774114853080666,SELL,0.1,3636.36,363.636,1786536747,KT Rolster,0,LoL: KT Rolster vs Dplus KIA - Game 2 Winner,lol-kt-dk-2026-08-12,0xb46b48e21fa3746045416f9264d81d0e89221c05f92a4e17ac7b7d780e4b8e63
e5ec0b88b10da0c8995050a63d3e77f129b142b4,0xdf44c3e8ce0a3f66dd4cdf7688e1f23500d770f1,0x325e6ab1dd315e6f435183fbf7dff8a7c4be37f9bbf7abcd4459e75110aa9f1d,95302905537962222918309360338213500184994944787102722256843629723110588711061,SELL,0.92,1269.93,1168.3356,1786536808,Yes,0,Will NVIDIA be the largest company in the world by market cap on August 31?,largest-company-end-of-august-20260715202138598,0x21c7f647499714519d3a8fd2c8dd96930c2fe1b05f2f0c6df6bab09aa2ea5d3d
d355f0894b0b7815aa048083d8b7811a289f9ddd,0xdf44c3e8ce0a3f66dd4cdf7688e1f23500d770f1,0xfd13c67069e83a4a8ba1ba425f259185bcbae282c4f91074646e3c5cf97b7ae3,3523185360721264825343984255310084370838660506037437952256021216614715901678,SELL,0.906761163,1625.46,1473.90400000998,1786536907,No,1,"Will Bitcoin reach $72,500 in August?",what-price-will-bitcoin-hit-in-august-2026,0x94eae2aea08afa374d7a921a04df0c3ff1a1e05a447607a80e3993a84aed1a97
17bd9c3447b31c2ee3caa0e0ea558b951faeb90e,0xdf44c3e8ce0a3f66dd4cdf7688e1f23500d770f1,0xa055e1cf533c2fcb1f1c89c20c41c8aa25526dcf27c3ff6be69c230fd8898282,106384382902272259275653733417531627173944931937610707897597239994735553962869,SELL,0.91,4524.54,4117.3314,1786536987,No,1,"US announces end of Iranian blockade by August 15, 2026?",us-announces-end-of-iranian-blockade-byptptpt-20260713152715080,0xbb7f089b4965c85fb654efd196a3bf30ecc908478c2504f3846c3bad82d8a0b4
20b29329507085492e70abad3ab152d7b9c48021,0xdf44c3e8ce0a3f66dd4cdf7688e1f23500d770f1,0x0643b1b4ba5556e1900e347b4660567817d59bb008c53afd599f7cadb8929acf,85975130767219596412057108166141445703777898379611360487270296100474119092646,BUY,0.74,9786.054053,7241.679999219999,1786537036,Bilibili Gaming,0,LoL: Bilibili Gaming vs JD Gaming (BO3) - LPL Group Ascend,lol-blg-jdg-2026-08-12,0xb305ff9be08fa756990df0517e55f76989ef8ece12df8f14d1be3a52e5315b65
afa78609b4e82a73343814adcfd731a98508b497,0xdf44c3e8ce0a3f66dd4cdf7688e1f23500d770f1,0x12aa595f4883b1a856dcf8155b87e89a8d098b5ad8a7781c75804fd13d166718,42861789579440942813760393734814713126398732791906092554265826118142061749306,SELL,0.91,2075.55,1888.7505000000003,1786537266,No,1,Israel closes its airspace by August 31?,israel-closes-its-airspace-by,0x7cd7f077988530ae107a92530280c95358e66b6e1031a030e354beeea2be5908
dcc0e2fc345ea35a2b5117d520a3cd7427173962,0xdf44c3e8ce0a3f66dd4cdf7688e1f23500d770f1,0xbad91c213787a7542345b8abd72a1d55754987c47ba82ef5d4aa625ac046f024,110868166890001558521729124967806292012287685900188653582015718186210230012112,SELL,0.8935971762,4755.23,4249.260100181526,1786537279,No,1,Iran full airspace closure by August 31?,iran-full-airspace-closure-byptptpt-20260625195253028,0x00d70ce753ab231dd441429d854d4f0a39e63d49527af98bc5da8bcfab15d806
a8c95783cf6bf3aeaf7b1682d1ea6e711313950b,0xdf44c3e8ce0a3f66dd4cdf7688e1f23500d770f1,0x0643b1b4ba5556e1900e347b4660567817d59bb008c53afd599f7cadb8929acf,85975130767219596412057108166141445703777898379611360487270296100474119092646,BUY,0.74,8191.648646,6061.8199980399995,1786537297,Bilibili Gaming,0,LoL: Bilibili Gaming vs JD Gaming (BO3) - LPL Group Ascend,lol-blg-jdg-2026-08-12,0x5f2e2aec20ba42b440c6a4bec27a83cad6a909fa010fc86a13ca76fbdb25bf9f
f67369232851cdc4a02085a108b98c6bfcfb4f11,0xdf44c3e8ce0a3f66dd4cdf7688e1f23500d770f1,0x30174f3f46398e37c96a07b45916e01eab9a8a854ecb624ac73a91a8490fd074,88752597571738831347942513760817776151125290177540731190810686943474863159303,SELL,0.5792356234,2132.98,1235.497999999732,1786537332,Yes,0,"US announces end of Iranian blockade by September 30, 2026?",us-announces-end-of-iranian-blockade-byptptpt-20260713152715080,0xd78d8e518544c49e8ebba70060e1f62261b41a19fc47be9ca47609a812f3319c
c2e6135093633b053db92dc73332af5c6ac0b85d,0xdf44c3e8ce0a3f66dd4cdf7688e1f23500d770f1,0x5c79dfde05559b79a9cb9f7c4187e4d49632dd042572ae676952f812732591cc,83783489454659420807679723574840032660002326710045123865554753994450797728825,SELL,0.46,3073.35,1413.741,1786537404,Yes,0,Strait of Hormuz traffic returns to normal by December 31?,strait-of-hormuz-traffic-returns-to-normal-by-december-31,0xd72bd1568195a632d1284b82d208bf5dcd0138bcd674ee909724d5f8a404db17
5bf8872bdc3787cb96820e1c72477d0c7121c251,0xdf44c3e8ce0a3f66dd4cdf7688e1f23500d770f1,0x0643b1b4ba5556e1900e347b4660567817d59bb008c53afd599f7cadb8929acf,85975130767219596412057108166141445703777898379611360487270296100474119092646,BUY,0.74,3544.35135,2622.819999,1786537492,Bilibili Gaming,0,LoL: Bilibili Gaming vs JD Gaming (BO3) - LPL Group Ascend,lol-blg-jdg-2026-08-12,0x7c646207b8ba59f8e7f15ae2180ea29fc8e02c87c308c3a0c0db981b8ed05d25
b071d75d4a4062a05c4c6ca7c13a3f908677fcae,0xdf44c3e8ce0a3f66dd4cdf7688e1f23500d770f1,0x0643b1b4ba5556e1900e347b4660567817d59bb008c53afd599f7cadb8929acf,85975130767219596412057108166141445703777898379611360487270296100474119092646,SELL,0.89,143.6,127.804,1786540140,Bilibili Gaming,0,LoL: Bilibili Gaming vs JD Gaming (BO3) - LPL Group Ascend,lol-blg-jdg-2026-08-12,0x21418012ea379852bf424adec1ec06201f3ebab025cd01e7816567e0f412e61a
7291fca5d6332670d9fec1203de02dd07159f949,0xdf44c3e8ce0a3f66dd4cdf7688e1f23500d770f1,0x0643b1b4ba5556e1900e347b4660567817d59bb008c53afd599f7cadb8929acf,85975130767219596412057108166141445703777898379611360487270296100474119092646,SELL,0.89,4400.65,3916.5784999999996,1786541265,Bilibili Gaming,0,LoL: Bilibili Gaming vs JD Gaming (BO3) - LPL Group Ascend,lol-blg-jdg-2026-08-12,0x730b56adef94dbdde87a3ac68c37cb2f43615ec48814e99aad3cdba3b49ae6c5
a3ac48efeec94bd09916c2fa80312d61cf9053ef,0xdf44c3e8ce0a3f66dd4cdf7688e1f23500d770f1,0x0643b1b4ba5556e1900e347b4660567817d59bb008c53afd599f7cadb8929acf,85975130767219596412057108166141445703777898379611360487270296100474119092646,SELL,0.8888050449,9901.46,8800.467599875554,1786541307,Bilibili Gaming,0,LoL: Bilibili Gaming vs JD Gaming (BO3) - LPL Group Ascend,lol-blg-jdg-2026-08-12,0xa28899492e6e55ffe898a2fecaaf3962d736aa23f9d90f2c5a35012ff8f3b0bb
9ba747e1724304e9b465a4ca59b589e5a006204e,0xdf44c3e8ce0a3f66dd4cdf7688e1f23500d770f1,0x0643b1b4ba5556e1900e347b4660567817d59bb008c53afd599f7cadb8929acf,85975130767219596412057108166141445703777898379611360487270296100474119092646,BUY,0.83,662.6506,549.999998,1786542736,Bilibili Gaming,0,LoL: Bilibili Gaming vs JD Gaming (BO3) - LPL Group Ascend,lol-blg-jdg-2026-08-12,0x665cc9930424facd89df3261cba9c238ad8df21ff59e542c6205bdd4771e950f
cb5171600ca048bba75e97571988be545fc435bb,0xdf44c3e8ce0a3f66dd4cdf7688e1f23500d770f1,0x0643b1b4ba5556e1900e347b4660567817d59bb008c53afd599f7cadb8929acf,85975130767219596412057108166141445703777898379611360487270296100474119092646,BUY,0.6499999997,769.230768,499.9999989692308,1786544187,Bilibili Gaming,0,LoL: Bilibili Gaming vs JD Gaming (BO3) - LPL Group Ascend,lol-blg-jdg-2026-08-12,0xee00a881f5a27973be4a7744fc3a7e0aee662ba6ab37931c935c796cbb5f65e5
68b4e8f887a8d3777a6f379637b54dc89e62dc71,0xdf44c3e8ce0a3f66dd4cdf7688e1f23500d770f1,0x0643b1b4ba5556e1900e347b4660567817d59bb008c53afd599f7cadb8929acf,85975130767219596412057108166141445703777898379611360487270296100474119092646,SELL,0.18,4732.38,851.8284,1786546111,Bilibili Gaming,0,LoL: Bilibili Gaming vs JD Gaming (BO3) - LPL Group Ascend,lol-blg-jdg-2026-08-12,0x4dd572cf6f87c0efeaec5af269ff8b9ec91cf7619738ebda42a48940702e5b5b
45677ac6ff541401344fd60771f9f12780bde633,0xdf44c3e8ce0a3f66dd4cdf7688e1f23500d770f1,0x0643b1b4ba5556e1900e347b4660567817d59bb008c53afd599f7cadb8929acf,91508709667756840454500022506744591537047881457479245853404588613781643523203,BUY,0.8943937215,19602.183665,17532.069997665858,1786546680,JD Gaming,1,LoL: Bilibili Gaming vs JD Gaming (BO3) - LPL Group Ascend,lol-blg-jdg-2026-08-12,0x98c05f8406be4659c0b8ea507d24c494b4339d103aa6b86ad66e8d1db2073fa6
a5bd5880910341823b7462edbcfc1399cca04cc1,0xdf44c3e8ce0a3f66dd4cdf7688e1f23500d770f1,0x0643b1b4ba5556e1900e347b4660567817d59bb008c53afd599f7cadb8929acf,91508709667756840454500022506744591537047881457479245853404588613781643523203,SELL,0.999,4900.54,4895.63946,1786557102,JD Gaming,1,LoL: Bilibili Gaming vs JD Gaming (BO3) - LPL Group Ascend,lol-blg-jdg-2026-08-12,0x39fa562c11301de4efda02259fe4e90194e042b96ce63588d941af408fb05ab9
35166d918b8eeebb5d4b464b9d775c12ed2f315e,0xdf44c3e8ce0a3f66dd4cdf7688e1f23500d770f1,0xccf2b4f4ee94200fb3e05bfd45c1fb8a43bb0bf5cf69d78508c969d72b3a7f2b,25176162863226962641832258957764252933985326979806259075298957376891004062193,BUY,0.7934218977,315.090875,249.9999999904535,1786557244,No,1,"US announces end of Iranian blockade by August 22, 2026?",us-announces-end-of-iranian-blockade-byptptpt-20260713152715080,0x27630fa54694c9af2ce1ad0cc0a27ec34b0db7375d753d72b0a3233f65827209
f8d97022134f306f42765c22af12b88428997cb6,0xdf44c3e8ce0a3f66dd4cdf7688e1f23500d770f1,0xccf2b4f4ee94200fb3e05bfd45c1fb8a43bb0bf5cf69d78508c969d72b3a7f2b,25176162863226962641832258957764252933985326979806259075298957376891004062193,BUY,0.8274333673,2454.578312,2030.9999979997099,1786566414,No,1,"US announces end of Iranian blockade by August 22, 2026?",us-announces-end-of-iranian-blockade-byptptpt-20260713152715080,0x1d3ca24e4b712e04db0b0566c99893ffaae9668253ecaeacf31f7ca5739d033e
9e430ecad2924c8e144e19cf88a294fd980415a6,0xdf44c3e8ce0a3f66dd4cdf7688e1f23500d770f1,0x47ec761ae98d7c28b20c0222f1507e3af0f198a904f86b4a264b2e987f0b80c7,21515528084926948718188410049221867058078937518895951601155499933747657106361,BUY,0.6999999999,905.714283,633.9999980094285,1786566471,No,1,"US announces end of Iranian blockade by August 31, 2026?",us-announces-end-of-iranian-blockade-byptptpt-20260713152715080,0x857b68bc3745916edc176a30f5cbfe52f263d5b2b15582e3113ffb8379e7e774
59fa832425f21218a7a714e2dd1481ceb8bd9cc4,0xdf44c3e8ce0a3f66dd4cdf7688e1f23500d770f1,0xc4b7c43934d27a6b2dfd784ea1a793e541d6a1f82a5eca6d74f184a1c4c30fc9,8881400370038397971838140193303727239318785128034801687960768890227554347129,BUY,0.81,193.9,157.05900000000003,1786566852,No,1,"Will Bitcoin dip to $57,500 in August?",what-price-will-bitcoin-hit-in-august-2026,0xfe9dceb23af6afa738d3a0655186f5c935ae70fa0b37d73666bc55fe55649e62
04a4f1541d6e036dc54005fea06b20ae98281489,0xdf44c3e8ce0a3f66dd4cdf7688e1f23500d770f1,0xc4b7c43934d27a6b2dfd784ea1a793e541d6a1f82a5eca6d74f184a1c4c30fc9,8881400370038397971838140193303727239318785128034801687960768890227554347129,BUY,0.8199999999,1829.268288,1499.9999959770732,1786566954,No,1,"Will Bitcoin dip to $57,500 in August?",what-price-will-bitcoin-hit-in-august-2026,0xab79d399273ee24713547c54cd0ebda97ef1967e9de13c4adadd808371988eaa
d43667a0b0b29725eae7011670abe99c54aeed8b,0xdf44c3e8ce0a3f66dd4cdf7688e1f23500d770f1,0xc4b7c43934d27a6b2dfd784ea1a793e541d6a1f82a5eca6d74f184a1c4c30fc9,8881400370038397971838140193303727239318785128034801687960768890227554347129,BUY,0.8199999999,1829.268288,1499.9999959770732,1786567017,No,1,"Will Bitcoin dip to $57,500 in August?",what-price-will-bitcoin-hit-in-august-2026,0xe113f02dd9996ddd990aa9797de2de26b44b5a44ebd611e9194d9c9714c973b2
f3f063b87fb7508c03bee92a5898295a0e2c022b,0xd34f2b5e9ee02bed8a107fdf9bda2d866dc61c95,0x84b98f84cb8e71cff9fdb5fa8b46f874c970057368189eb59620fd1d7d7c1a2d,62596119795149181355459151973648351271084836907463636515181190429735216658355,BUY,0.997,10.0,9.97,1786573258,No,1,"US announces end of Iranian blockade by August 12, 2026?",us-announces-end-of-iranian-blockade-byptptpt-20260713152715080,0x30299a7f0fd50527220508cead69d3ee06fcd54adae48bd0dc4623057f799b26
8d6f0e8b4089d83facb55f7058ad976dedfa8169,0xd34f2b5e9ee02bed8a107fdf9bda2d866dc61c95,0x84b98f84cb8e71cff9fdb5fa8b46f874c970057368189eb59620fd1d7d7c1a2d,62596119795149181355459151973648351271084836907463636515181190429735216658355,BUY,0.998,1238.98,1236.50204,1786573335,No,1,"US announces end of Iranian blockade by August 12, 2026?",us-announces-end-of-iranian-blockade-byptptpt-20260713152715080,0x48de2464dac7bf5f7e77b67c0aa390fba41a8b84da2848fd3dec125d716f5867
6348237df3c1dc77593f0d421bce6db846e8ea4a,0xdf44c3e8ce0a3f66dd4cdf7688e1f23500d770f1,0xbdc0827c873d1c3c538e549ab94c77829f7e40fd3376b25164c0279f744a87bc,8380715925577845977184977030716387784969501288623224112825735013253473276536,BUY,0.8199999999,1219.512194,999.9999989580488,1786582590,No,1,"US x Iran diplomatic meeting by August 31, 2026?",next-round-of-us-iran-peace-talks-byptptpt-20260623022722982,0x0cc966af1de63e15dd3339aa341c468b5c38e7ee10c9e507a8ec9b14dbecde5e
4681b010511ee59cb712477f6b2277f8c038a584,0xdf44c3e8ce0a3f66dd4cdf7688e1f23500d770f1,0x46ca741da4abd7ffa993f59ac65bfe83de43ae027accac71d263a493e44064e7,86011229287950365043519117852041614651767455889324682112682327985496937935368,BUY,0.8533525153,3515.545972,2999.999997858983,1786582665,Yes,0,"US announces end of Iranian blockade by December 31, 2026?",us-announces-end-of-iranian-blockade-byptptpt-20260713152715080,0x24a4c5a220e0e408188cdae11d5dee152678fa159c0554a1d9907cbcee94820d
a14c794fde647aaa3fe03446180f3d26da1f23c0,0xdf44c3e8ce0a3f66dd4cdf7688e1f23500d770f1,0x46ca741da4abd7ffa993f59ac65bfe83de43ae027accac71d263a493e44064e7,86011229287950365043519117852041614651767455889324682112682327985496937935368,BUY,0.858,174.825169,149.999995002,1786582707,Yes,0,"US announces end of Iranian blockade by December 31, 2026?",us-announces-end-of-iranian-blockade-byptptpt-20260713152715080,0x613c2cda506bd85a21dec861d2eee3726a9bd6ae268196fecb9addd7da5e846b
6bf6ed582217e22c72edeb16e66c61de3464d917,0xdf44c3e8ce0a3f66dd4cdf7688e1f23500d770f1,0xbdc0827c873d1c3c538e549ab94c77829f7e40fd3376b25164c0279f744a87bc,8380715925577845977184977030716387784969501288623224112825735013253473276536,BUY,0.8299999999,1151.807223,955.9999949748193,1786582980,No,1,"US x Iran diplomatic meeting by August 31, 2026?",next-round-of-us-iran-peace-talks-byptptpt-20260623022722982,0x1a4cd000d7b3b105734837557bbb6be85e853425ee4111725e17d7861d294ec5
3989b5bff2034a2fdbb743daef7d44131388c82c,0xdf44c3e8ce0a3f66dd4cdf7688e1f23500d770f1,0x7ade9ec460276144a5fa358fb4bd3a251cc939a9e8dec617e60b77397e224c8a,12159710045527381655362834909860535566762873051641290183963398339410647577196,BUY,0.82,6359.231705,5214.5699981,1786587802,Top Esports,0,LoL: Top Esports vs LGD Gaming (BO3) - LPL Group Ascend,lol-tes-lgd-2026-08-13,0x35c267bb11e0db80a3ae9672e5ae5f8c7f3b798c6e10f04aa3449083c58c1623
39887724cf983d870479d8fe581df24939634d5d,0x33b45b246a2b8d69f96f3ca615b940c48d5b0f91,0x46477994c02fdd4f7be7eacc58d343457d80333d92e5c4ad9a3117274d0e5639,91998194726136927632450483424614012890691446509262750452187052878486812367191,BUY,0.962,336.0,323.23199999999997,1786600983,No,1,Kharg Island no longer under Iranian control by September 30?,kharg-island-no-longer-under-iranian-control-by-march-31,0xddc97f09c55909ebfece0f1e500c908137225707cab6ae3140a4db562f837731
f0980f212e31fd8d5b6d46020e871569cd2ce1f8,0x6274f5f961800af6ddef3d6a362ba12422166907,0x46477994c02fdd4f7be7eacc58d343457d80333d92e5c4ad9a3117274d0e5639,91998194726136927632450483424614012890691446509262750452187052878486812367191,BUY,0.962,364.0,350.168,1786601076,No,1,Kharg Island no longer under Iranian control by September 30?,kharg-island-no-longer-under-iranian-control-by-march-31,0x0ffbcfe943c97db271677c99174133e9665ed277a951121742838e5b3fae6b7c
0c55d6073ee56eb3a68f4e29dabbc7493a9a5393,0x2a17c545d823842cdc8baedb5d61ac4e32aeef0f,0xb03beac19889a37ee8007271c6b86103f1145e7c8f59dd465ea20eeb04df8ea5,42500748942050048006853956973829295399751578818993865265843655953670427039527,BUY,0.955,467.0,445.98499999999996,1786603654,No,1,"Will Mojtaba Khamenei attend a US x Iran diplomatic meeting by December 31, 2026?",who-will-attend-a-round-of-us-iran-peace-talks-by-december-31-20260812153824803,0x45a23691987c95f15feec418811925a11ad4a2cac6381444e9257cb5c5877fde
2236896f6a72688d78f3a443c72680b4b7457bcc,0x33b45b246a2b8d69f96f3ca615b940c48d5b0f91,0xc96039a224ec00ecbdcd09687e3b6c0bcdaa1e6f16ce9fcbf8f97621d058797c,77350691528104649015401250951173940750347616080979385773059441321319992022738,BUY,0.941,344.0,323.704,1786604077,No,1,"Israel x Lebanon diplomatic meeting by August 31, 2026?",israel-x-lebanon-diplomatic-meeting-byptptpt-20260810145737299,0x2be086fbb8df39e0ea602ea5e296712245761121ae7ffdd6adf1944699d3c808
4fd861cd10abc5f568a04431dc8ddd55e699a3b8,0x6274f5f961800af6ddef3d6a362ba12422166907,0xc96039a224ec00ecbdcd09687e3b6c0bcdaa1e6f16ce9fcbf8f97621d058797c,77350691528104649015401250951173940750347616080979385773059441321319992022738,BUY,0.941,372.0,350.05199999999996,1786604080,No,1,"Israel x Lebanon diplomatic meeting by August 31, 2026?",israel-x-lebanon-diplomatic-meeting-byptptpt-20260810145737299,0xfb7128b8845603251c364e6770d63577f44f4fa91457ffd03cb747fcdf0d8f70
c6c9a195e2383b0385264bf391cb45a3e42c9de1,0xd34f2b5e9ee02bed8a107fdf9bda2d866dc61c95,0xaac9ccf499290a35e51d03ef7ca6715073de8cc609b3d5f3632dfce3728509bb,110547758072990806409137309063270349169064216075421615175079738245750788039736,BUY,0.96,104.16665,99.999984,1786604998,Down,1,"Bitcoin Up or Down - August 13, 3:00AM-3:15AM ET",btc-updown-15m-1786604400,0x961f3c79434069cad3419f4e1ed788a582e65729e95eb4db13dbe3d578a1b8da
53d41c56067f75ac6660a18d7ff68991566ac847,0xd34f2b5e9ee02bed8a107fdf9bda2d866dc61c95,0xaac9ccf499290a35e51d03ef7ca6715073de8cc609b3d5f3632dfce3728509bb,110547758072990806409137309063270349169064216075421615175079738245750788039736,BUY,0.9699999998,103.092766,99.99998299938144,1786604998,Down,1,"Bitcoin Up or Down - August 13, 3:00AM-3:15AM ET",btc-updown-15m-1786604400,0x9badee3c3059a16f7b23070e92898239253eb69504b1d9d7237aa648f6c3cec5
10fb5906a832ba717e8bdb7f0d1e5262a3353f4b,0xd34f2b5e9ee02bed8a107fdf9bda2d866dc61c95,0xaac9ccf499290a35e51d03ef7ca6715073de8cc609b3d5f3632dfce3728509bb,110547758072990806409137309063270349169064216075421615175079738245750788039736,BUY,0.9668259103,103.431233,99.9999959986764,1786604998,Down,1,"Bitcoin Up or Down - August 13, 3:00AM-3:15AM ET",btc-updown-15m-1786604400,0x701c4d00f19ccd614f292f01e2a1161d5605684f008cb4eac90f6c298760c7b3
a7ed075dbd118b779eef23bcef077fa4b9036a91,0x2a17c545d823842cdc8baedb5d61ac4e32aeef0f,0x46477994c02fdd4f7be7eacc58d343457d80333d92e5c4ad9a3117274d0e5639,91998194726136927632450483424614012890691446509262750452187052878486812367191,BUY,0.964,460.0,443.44,1786610077,No,1,Kharg Island no longer under Iranian control by September 30?,kharg-island-no-longer-under-iranian-control-by-march-31,0x8fb8955dbeb3a05d71b21bc393e1ba96827ea125516920c9a64dbbed65168bf7
5d08f90c3523da29298152d09174f50218cd7bb1,0x33b45b246a2b8d69f96f3ca615b940c48d5b0f91,0xc96039a224ec00ecbdcd09687e3b6c0bcdaa1e6f16ce9fcbf8f97621d058797c,77350691528104649015401250951173940750347616080979385773059441321319992022738,SELL,0.937,344.0,322.32800000000003,1786614201,No,1,"Israel x Lebanon diplomatic meeting by August 31, 2026?",israel-x-lebanon-diplomatic-meeting-byptptpt-20260810145737299,0x59e05868ffd83beba0019ffd2faa08ba09b73b746b640ec8194904bb387a50bb
bb58145da094239f5b5beeb400e02acc7bcd28a2,0x6274f5f961800af6ddef3d6a362ba12422166907,0xc96039a224ec00ecbdcd09687e3b6c0bcdaa1e6f16ce9fcbf8f97621d058797c,77350691528104649015401250951173940750347616080979385773059441321319992022738,SELL,0.937,372.0,348.564,1786614201,No,1,"Israel x Lebanon diplomatic meeting by August 31, 2026?",israel-x-lebanon-diplomatic-meeting-byptptpt-20260810145737299,0xa9a93372e3fb55617764ea8e7e70ed47a370492293c03aaa353fec3f038f27a5
5c65db7570c56dc569bd7dfb8223685539433a4a,0x2a17c545d823842cdc8baedb5d61ac4e32aeef0f,0x46477994c02fdd4f7be7eacc58d343457d80333d92e5c4ad9a3117274d0e5639,91998194726136927632450483424614012890691446509262750452187052878486812367191,SELL,0.964,139.01,134.00564,1786618729,No,1,Kharg Island no longer under Iranian control by September 30?,kharg-island-no-longer-under-iranian-control-by-march-31,0x6c6fe5149a3e93de2a777e2c8ac4ceea36caf29cbb076025bd5375588ac6f6e5
8edf7ebde6363a5a4d9816086d2ef2653af51bd1,0xdf44c3e8ce0a3f66dd4cdf7688e1f23500d770f1,0x7ade9ec460276144a5fa358fb4bd3a251cc939a9e8dec617e60b77397e224c8a,12159710045527381655362834909860535566762873051641290183963398339410647577196,SELL,0.21,6359.23,1335.4382999999998,1786621873,Top Esports,0,LoL: Top Esports vs LGD Gaming (BO3) - LPL Group Ascend,lol-tes-lgd-2026-08-13,0xc354380592894e7114c051c08c5625f656d0ba7ccd52be891895f321cab575df
e66d5eb042b29d4d7f00c345d2519b01222980d5,0xdf44c3e8ce0a3f66dd4cdf7688e1f23500d770f1,0xbdc0827c873d1c3c538e549ab94c77829f7e40fd3376b25164c0279f744a87bc,8380715925577845977184977030716387784969501288623224112825735013253473276536,SELL,0.81,6425.94,5205.0114,1786621875,No,1,"US x Iran diplomatic meeting by August 31, 2026?",next-round-of-us-iran-peace-talks-byptptpt-20260623022722982,0xe4752d300f2df4dcced0b641209135337afb5f6d97cbdfe36aeaa9b3b64307b4
405c8880508271787ff136f726fb4c4c9b429392,0xdf44c3e8ce0a3f66dd4cdf7688e1f23500d770f1,0xf9eb9af27f46431e719ebcd980e236b774f7b0ea5f661ed6f88d9b7925fdf6e7,8436834938515306421583541875988085758056611099171878886366787267369347805322,SELL,0.91,5682.65,5171.211499999999,1786621879,No,1,Will WTI Crude Oil (WTI) hit (HIGH) $100 in August?,what-price-will-wti-hit-in-august-2026,0x08484c6056b39bccf9c6470bdc97563738ff693408fab7e6e891a5e04e87e495
5afd74b67df40b40fced563f0fb25a74bd0ea59f,0xdf44c3e8ce0a3f66dd4cdf7688e1f23500d770f1,0x46ca741da4abd7ffa993f59ac65bfe83de43ae027accac71d263a493e44064e7,86011229287950365043519117852041614651767455889324682112682327985496937935368,SELL,0.8365452978,6113.76,5114.437179877728,1786621884,Yes,0,"US announces end of Iranian blockade by December 31, 2026?",us-announces-end-of-iranian-blockade-byptptpt-20260713152715080,0x5583fd18eae7776e79c1aeea6dfea249e96acea6813ed8f6ff000c95bcd123ed
f052e48e691211cfea33af2cc93d438d32384d98,0xdf44c3e8ce0a3f66dd4cdf7688e1f23500d770f1,0xccf2b4f4ee94200fb3e05bfd45c1fb8a43bb0bf5cf69d78508c969d72b3a7f2b,25176162863226962641832258957764252933985326979806259075298957376891004062193,SELL,0.7981867525,4771.77,3808.7635999769254,1786621890,No,1,"US announces end of Iranian blockade by August 22, 2026?",us-announces-end-of-iranian-blockade-byptptpt-20260713152715080,0x8145bb532734b8c570b2ac7641aeca6487e2987f1bdfc7b9e876f507e501a9f3
9bff8caec85b559720a380f9489621ffc1fdc85c,0xdf44c3e8ce0a3f66dd4cdf7688e1f23500d770f1,0xc4b7c43934d27a6b2dfd784ea1a793e541d6a1f82a5eca6d74f184a1c4c30fc9,8881400370038397971838140193303727239318785128034801687960768890227554347129,SELL,0.8117258972,3953.48,3209.142100062256,1786621894,No,1,"Will Bitcoin dip to $57,500 in August?",what-price-will-bitcoin-hit-in-august-2026,0xfd4caf06a6addc855affe1edc7a444cea6445c2492e93e54f80356146f797f58
71045091a912f3336e81e4e714342d5cb51563bf,0xdf44c3e8ce0a3f66dd4cdf7688e1f23500d770f1,0x47ec761ae98d7c28b20c0222f1507e3af0f198a904f86b4a264b2e987f0b80c7,21515528084926948718188410049221867058078937518895951601155499933747657106361,SELL,0.6696827771,2446.86,1638.619999974906,1786621899,No,1,"US announces end of Iranian blockade by August 31, 2026?",us-announces-end-of-iranian-blockade-byptptpt-20260713152715080,0x22f80d3f0cea3d297d2aa311606ba901531e120a5cff3873ff5bf2b3a073cd41
87c3f3d29e9b9f6c42d01feba2815966ccd48c86,0xdf44c3e8ce0a3f66dd4cdf7688e1f23500d770f1,0x62ed5102d7678245b53297f253d5a44249ba2e39bd44c85259f1409e5e798011,96195165258464312466115844885781466924941446524032497237349971539072629696628,BUY,0.9050315027,3314.801738,2999.999998094712,1786622079,LGD Gaming,1,LoL: Top Esports vs LGD Gaming - Game 2 Winner,lol-tes-lgd-2026-08-13,0x85430405fc88220a9f72af5fb92763350b2074134a19b4e539eb8b7f3c7743e4
9321394e19da61df2c5ead3d472d2c090af9fb5e,0xdf44c3e8ce0a3f66dd4cdf7688e1f23500d770f1,0x62ed5102d7678245b53297f253d5a44249ba2e39bd44c85259f1409e5e798011,96195165258464312466115844885781466924941446524032497237349971539072629696628,SELL,0.99,3314.8,3281.652,1786622158,LGD Gaming,1,LoL: Top Esports vs LGD Gaming - Game 2 Winner,lol-tes-lgd-2026-08-13,0xc1e99e6ae7818b9340e688cd58b7b7967f6d0c5898e75feab240cf8960556a6b
5fa6e992cb77b282673190ab9e12de59120879ab,0xdf44c3e8ce0a3f66dd4cdf7688e1f23500d770f1,0x3a128e0a8ffd4b487c52237eae1fbafde68edaeec9a38d33c2375f7cd6140f69,80863993670814995183476555922826011112709190982297336251212961267233903870542,BUY,0.7734665807,32733.747818,25318.459998284543,1786622296,Gen.G,0,LoL: Gen.G vs Hanwha Life Esports (BO3) - LCK Round 3-4 Legend Group,lol-gen-hle1-2026-08-13,0x4952968c1c8bdb6ed9356e04aae7e7ac5d8a32a5abdc877491d8cf32c0d0bd3a
c01c3fb98b42f85c34f4e0baf85be7ff55e57894,0xdf44c3e8ce0a3f66dd4cdf7688e1f23500d770f1,0x3a128e0a8ffd4b487c52237eae1fbafde68edaeec9a38d33c2375f7cd6140f69,80863993670814995183476555922826011112709190982297336251212961267233903870542,SELL,0.999,32733.74,32701.006260000002,1786624965,Gen.G,0,LoL: Gen.G vs Hanwha Life Esports (BO3) - LCK Round 3-4 Legend Group,lol-gen-hle1-2026-08-13,0x9a97b0cf9d8b81a1cef3f037286da9cdbef59fe8012157c5a631eb779dc13505
ca0afbba1752c60f9ef7438641a4b16508e57808,0xdf44c3e8ce0a3f66dd4cdf7688e1f23500d770f1,0x7a9b8ab869ec4662ea9975ad778658dcb39dababeb02a6517415bc71991d1f6f,61655764201675895112484738075182051472954275599204716297318640674234663468636,BUY,0.84,2934.76,2465.1984,1786625004,Bilibili Gaming,1,LoL: ThunderTalk Gaming vs Bilibili Gaming (BO3) - LPL Group Ascend,lol-tt-blg-2026-08-13,0xf307cf9e013922fcd32d0916ff25ff17dac26515365d377ebaeb2f85ba9a6629
f0a58d540398be970919616f95deaf4cda28421e,0xdf44c3e8ce0a3f66dd4cdf7688e1f23500d770f1,0x7a9b8ab869ec4662ea9975ad778658dcb39dababeb02a6517415bc71991d1f6f,61655764201675895112484738075182051472954275599204716297318640674234663468636,BUY,0.85,10556.52,8973.042,1786625055,Bilibili Gaming,1,LoL: ThunderTalk Gaming vs Bilibili Gaming (BO3) - LPL Group Ascend,lol-tt-blg-2026-08-13,0x1ea6313b7aeb6a4c23537706a26802aa2b873e87589f66893a29f8d3b2cb3672
ccf5108fee9fca85f8c6eb56489b217a5b32ea84,0xdf44c3e8ce0a3f66dd4cdf7688e1f23500d770f1,0x7a9b8ab869ec4662ea9975ad778658dcb39dababeb02a6517415bc71991d1f6f,61655764201675895112484738075182051472954275599204716297318640674234663468636,BUY,0.8499999998,663.529406,563.9999949672941,1786625821,Bilibili Gaming,1,LoL: ThunderTalk Gaming vs Bilibili Gaming (BO3) - LPL Group Ascend,lol-tt-blg-2026-08-13,0x43e43cca6c61640e7b3ddafb657d26451b8c07e32fc1ab9b4239db5ac2919d6c
1c9e4e54c9a12abf87e5e13bcc7f5ba18a1db6ca,0xdf44c3e8ce0a3f66dd4cdf7688e1f23500d770f1,0x7a9b8ab869ec4662ea9975ad778658dcb39dababeb02a6517415bc71991d1f6f,61655764201675895112484738075182051472954275599204716297318640674234663468636,BUY,0.8499999999,1003.529406,852.999994999647,1786625862,Bilibili Gaming,1,LoL: ThunderTalk Gaming vs Bilibili Gaming (BO3) - LPL Group Ascend,lol-tt-blg-2026-08-13,0x6e3f9c0e33a71dfd55f050663dcca5fb0a53969dc3cfc86a621d5fc328fc1c25
83f314a0b80b0c43bf5c5b4bfb3bb71f474b0cee,0xdf44c3e8ce0a3f66dd4cdf7688e1f23500d770f1,0x7a9b8ab869ec4662ea9975ad778658dcb39dababeb02a6517415bc71991d1f6f,61655764201675895112484738075182051472954275599204716297318640674234663468636,BUY,0.849999915,1.176466,0.99999600000039,1786625895,Bilibili Gaming,1,LoL: ThunderTalk Gaming vs Bilibili Gaming (BO3) - LPL Group Ascend,lol-tt-blg-2026-08-13,0x38922273a1f54cc1481773f530d6d46bf000c12af9ca4aa369baa53ab77e455e
454bbd6164ce62293d165d4e5d7a81b0d1c4f137,0xdf44c3e8ce0a3f66dd4cdf7688e1f23500d770f1,0x7a9b8ab869ec4662ea9975ad778658dcb39dababeb02a6517415bc71991d1f6f,61655764201675895112484738075182051472954275599204716297318640674234663468636,SELL,0.9365691041,15159.51,14197.928699294993,1786628490,Bilibili Gaming,1,LoL: ThunderTalk Gaming vs Bilibili Gaming (BO3) - LPL Group Ascend,lol-tt-blg-2026-08-13,0xc484075b584834ce39163115a3570baec38e1417dc13d39e941424f91b03c2d1
5c1313ae2c58c0fcf6f61d11c61248a0645ef1ea,0xdf44c3e8ce0a3f66dd4cdf7688e1f23500d770f1,0xccf2b4f4ee94200fb3e05bfd45c1fb8a43bb0bf5cf69d78508c969d72b3a7f2b,25176162863226962641832258957764252933985326979806259075298957376891004062193,BUY,0.8222283532,3651.053854,3001.999997818933,1786643476,No,1,"US announces end of Iranian blockade by August 22, 2026?",us-announces-end-of-iranian-blockade-byptptpt-20260713152715080,0xac096fcfa08df6f3e61220a759daad0bc81fb3e6fd746ed41d1059ebb00a14f3
a24e44316a3fc9274ed36d929b05e70734312065,0xdf44c3e8ce0a3f66dd4cdf7688e1f23500d770f1,0x46ca741da4abd7ffa993f59ac65bfe83de43ae027accac71d263a493e44064e7,86011229287950365043519117852041614651767455889324682112682327985496937935368,BUY,0.831982818,6010.941441,5000.999998916161,1786643526,Yes,0,"US announces end of Iranian blockade by December 31, 2026?",us-announces-end-of-iranian-blockade-byptptpt-20260713152715080,0xd215b0949fc18a880822f3a723e9e6c896a5b97b94e318c84151f9e3c5a8fb02
aa58badfdfbb65dc3c98c0396ef24661344fcc81,0xdf44c3e8ce0a3f66dd4cdf7688e1f23500d770f1,0x55937e321733f53af84a7c74884fc86801b97def5b14be888250e7d5057f4be8,72231169683952703551810915209813949516292895904463184163961468355174735034878,BUY,0.71,20.0,14.2,1786643608,No,1,Will WTI Crude Oil (WTI) hit (HIGH) $90 in August?,what-price-will-wti-hit-in-august-2026,0xd94f10bbbcf2dabe629f93bd754f65a8808c0ed8c9fbce87f6987894467f1274
e6b014c3b9078d9c02cf902208cc08b68ae43882,0xdf44c3e8ce0a3f66dd4cdf7688e1f23500d770f1,0xbdc0827c873d1c3c538e549ab94c77829f7e40fd3376b25164c0279f744a87bc,8380715925577845977184977030716387784969501288623224112825735013253473276536,BUY,0.8414481386,5952.8327,5008.999994812212,1786643706,No,1,"US x Iran diplomatic meeting by August 31, 2026?",next-round-of-us-iran-peace-talks-byptptpt-20260623022722982,0x61b0a903be80862c9d577e580a9d7f2424d1f2b828be25f1c24a93d4c625b71c
ad94def72647cf731dab525f27591248ec6e332e,0xdf44c3e8ce0a3f66dd4cdf7688e1f23500d770f1,0x55937e321733f53af84a7c74884fc86801b97def5b14be888250e7d5057f4be8,72231169683952703551810915209813949516292895904463184163961468355174735034878,BUY,0.7286648547,2475.760957,1803.9999980043378,1786643793,No,1,Will WTI Crude Oil (WTI) hit (HIGH) $90 in August?,what-price-will-wti-hit-in-august-2026,0x937967d4846b588aae0eb6b4566ddfebfafb1ab84fa6f4a0716b980cc8fd630b
472d4a54ee92af59a49b50cfeb3c1518e9674701,0xdf44c3e8ce0a3f66dd4cdf7688e1f23500d770f1,0x55937e321733f53af84a7c74884fc86801b97def5b14be888250e7d5057f4be8,72231169683952703551810915209813949516292895904463184163961468355174735034878,BUY,0.7399999674,6.756753,4.999996999729852,1786643827,No,1,Will WTI Crude Oil (WTI) hit (HIGH) $90 in August?,what-price-will-wti-hit-in-august-2026,0xff9b90b66093a92f6a3e2f521f6928d967a34bb29727ba3e1d73b3b4191b000e
c4740a63617248a02a664af47f377b158d004511,0xdf44c3e8ce0a3f66dd4cdf7688e1f23500d770f1,0x55937e321733f53af84a7c74884fc86801b97def5b14be888250e7d5057f4be8,72231169683952703551810915209813949516292895904463184163961468355174735034878,BUY,0.74,1.35135,0.999999,1786643833,No,1,Will WTI Crude Oil (WTI) hit (HIGH) $90 in August?,what-price-will-wti-hit-in-august-2026,0x1b128db87db5b87b03b52fa2e5fa028d0351fd091e26af3a8b40da5ed0939b59
9ffe10a379a6e7628f3e939616664b7d0afeb2ed,0xdf44c3e8ce0a3f66dd4cdf7688e1f23500d770f1,0x55937e321733f53af84a7c74884fc86801b97def5b14be888250e7d5057f4be8,72231169683952703551810915209813949516292895904463184163961468355174735034878,BUY,0.74,1.35135,0.999999,1786643839,No,1,Will WTI Crude Oil (WTI) hit (HIGH) $90 in August?,what-price-will-wti-hit-in-august-2026,0x69dae576be897c69c115850125d4f5c09be4f48b176d50960e38ac7eb376b8df
01f3daf389fb9c5bc912d8e78e7c27a9e7b05958,0xdf44c3e8ce0a3f66dd4cdf7688e1f23500d770f1,0xccf2b4f4ee94200fb3e05bfd45c1fb8a43bb0bf5cf69d78508c969d72b3a7f2b,25176162863226962641832258957764252933985326979806259075298957376891004062193,BUY,0.8299999999,1173.49397,973.9999949826505,1786643890,No,1,"US announces end of Iranian blockade by August 22, 2026?",us-announces-end-of-iranian-blockade-byptptpt-20260713152715080,0x5f92baed448cb4d6fcb4b61423c7fcef7800829da025583e310e32e0875dfeed
e4d2372d3f0adcf5988959ba0dd0c15fd1947e0a,0xdf44c3e8ce0a3f66dd4cdf7688e1f23500d770f1,0xbf1aa15d0707bc6425a3d9a392910870904464188d56fee0ddce49418413db9e,46847307656882602122997465306414904346129309754935831590213955739893205462517,BUY,0.6900460437,1191.224856,821.9999990399023,1786644036,No,1,"Will the next Google Gemini Pro model be released by August 31, 2026?",next-google-gemini-pro-model-released-byptptpt,0x4dfe99dc9f481cfa3df54d9f2987b51b1e5b94b6da77af95b0d9a42a083d7cb3
8fbbe7dfd985513a6f9969a5b93a0632c8f319f3,0xdf44c3e8ce0a3f66dd4cdf7688e1f23500d770f1,0xc4b7c43934d27a6b2dfd784ea1a793e541d6a1f82a5eca6d74f184a1c4c30fc9,8881400370038397971838140193303727239318785128034801687960768890227554347129,BUY,0.81,867.85,702.9585000000001,1786644189,No,1,"Will Bitcoin dip to $57,500 in August?",what-price-will-bitcoin-hit-in-august-2026,0xeb01a3292fbf91ef5a66d828423f110346b2b4ae8dde316466c20e4ffd1250bf
908a8bb36113314f8d6fe8320038289fdc1fde3b,0xdf44c3e8ce0a3f66dd4cdf7688e1f23500d770f1,0xc4b7c43934d27a6b2dfd784ea1a793e541d6a1f82a5eca6d74f184a1c4c30fc9,8881400370038397971838140193303727239318785128034801687960768890227554347129,BUY,0.8199999998,4134.14634,3389.999997973171,1786644216,No,1,"Will Bitcoin dip to $57,500 in August?",what-price-will-bitcoin-hit-in-august-2026,0xba88ee0dcc47332e79b71d494d5315d7b2dcdcae9f75d6f583eec65e2f0c3be3
cff1c37ae522d6d6cdc4555bd609b23971fbb943,0xdf44c3e8ce0a3f66dd4cdf7688e1f23500d770f1,0xc4b7c43934d27a6b2dfd784ea1a793e541d6a1f82a5eca6d74f184a1c4c30fc9,8881400370038397971838140193303727239318785128034801687960768890227554347129,BUY,0.8199999998,1039.024388,851.9999979521953,1786644249,No,1,"Will Bitcoin dip to $57,500 in August?",what-price-will-bitcoin-hit-in-august-2026,0x7117331fe61d576a1eddb0bfdcaa3eaf70a7260ba8cf279eb2a1fc977899a99b
f26b7b016093e21851187e5ced0d6b8bec2427aa,0xdf44c3e8ce0a3f66dd4cdf7688e1f23500d770f1,0xc4b7c43934d27a6b2dfd784ea1a793e541d6a1f82a5eca6d74f184a1c4c30fc9,8881400370038397971838140193303727239318785128034801687960768890227554347129,BUY,0.8199999982,67.073166,54.9999959992683,1786644303,No,1,"Will Bitcoin dip to $57,500 in August?",what-price-will-bitcoin-hit-in-august-2026,0xde1fdeb8f7da18243e09be5fdd390b5e7d91a50e8612114809430f3419adabd5
99d896c976ee390e47b6f68d3d75c6521617c76b,0xdf44c3e8ce0a3f66dd4cdf7688e1f23500d770f1,0xbdc0827c873d1c3c538e549ab94c77829f7e40fd3376b25164c0279f744a87bc,8380715925577845977184977030716387784969501288623224112825735013253473276536,BUY,0.8299540207,1461.526741,1212.9999950535175,1786644342,No,1,"US x Iran diplomatic meeting by August 31, 2026?",next-round-of-us-iran-peace-talks-byptptpt-20260623022722982,0x39513d6e5459b4ae6f9770ac6cdbaa2d55f3e884672ed26df8067d757b911803
8995fd56e74e8a536f76871b891fcd770afae4dd,0xdf44c3e8ce0a3f66dd4cdf7688e1f23500d770f1,0xbdc0827c873d1c3c538e549ab94c77829f7e40fd3376b25164c0279f744a87bc,8380715925577845977184977030716387784969501288623224112825735013253473276536,BUY,0.84,103.571425,86.99999700000001,1786644433,No,1,"US x Iran diplomatic meeting by August 31, 2026?",next-round-of-us-iran-peace-talks-byptptpt-20260623022722982,0x996206a4bc63924f988ad61b98b2594896cd8606c51aae6a8e6f20e0924a597f
81320d0b310c72e1c907bc138f25a33271071210,0xdf44c3e8ce0a3f66dd4cdf7688e1f23500d770f1,0xc4b7c43934d27a6b2dfd784ea1a793e541d6a1f82a5eca6d74f184a1c4c30fc9,8881400370038397971838140193303727239318785128034801687960768890227554347129,BUY,0.8199999836,1.219511,0.9999990000000196,1786644468,No,1,"Will Bitcoin dip to $57,500 in August?",what-price-will-bitcoin-hit-in-august-2026,0xac93374ff12a700c2a7784f680cc5a69ab3fa2e940ee8df8aeb65f386256077e
de640a8eab03f2df7dc4b82d66823c6c83a9e66a,0xdf44c3e8ce0a3f66dd4cdf7688e1f23500d770f1,0xbdc0827c873d1c3c538e549ab94c77829f7e40fd3376b25164c0279f744a87bc,8380715925577845977184977030716387784969501288623224112825735013253473276536,BUY,0.84,1.190475,0.999999,1786644477,No,1,"US x Iran diplomatic meeting by August 31, 2026?",next-round-of-us-iran-peace-talks-byptptpt-20260623022722982,0xb8becb7bf7d52d9358d7916d0b7290b3c9ae9bbab9d24da59f79f6c8f77e4d3a
f35559b5a72236b5500fdb9561656d8c249c320d,0xdf44c3e8ce0a3f66dd4cdf7688e1f23500d770f1,0xccf2b4f4ee94200fb3e05bfd45c1fb8a43bb0bf5cf69d78508c969d72b3a7f2b,25176162863226962641832258957764252933985326979806259075298957376891004062193,BUY,0.8299999995,201.204817,166.9999980093976,1786644501,No,1,"US announces end of Iranian blockade by August 22, 2026?",us-announces-end-of-iranian-blockade-byptptpt-20260713152715080,0xbc97ad6dca3b2a9f8ae650c72a309e0c4ba58c1777ba3a022ec35d277d873fb0
dba7b0814cc0e85db3288fba1e68ba8a1bb530d2,0xdf44c3e8ce0a3f66dd4cdf7688e1f23500d770f1,0xccf2b4f4ee94200fb3e05bfd45c1fb8a43bb0bf5cf69d78508c969d72b3a7f2b,25176162863226962641832258957764252933985326979806259075298957376891004062193,BUY,0.8436401528,1017.021293,857.9999990273736,1786644520,No,1,"US announces end of Iranian blockade by August 22, 2026?",us-announces-end-of-iranian-blockade-byptptpt-20260713152715080,0xf38241a0d706087bf44af7cee74bfd42521f8fcf3ed4ea55eb2089990cdf3d7d
c437d88bdc497355e6608b387bfb50d16bf994d1,0xdf44c3e8ce0a3f66dd4cdf7688e1f23500d770f1,0x55937e321733f53af84a7c74884fc86801b97def5b14be888250e7d5057f4be8,72231169683952703551810915209813949516292895904463184163961468355174735034878,BUY,0.7399999993,237.837834,175.99999699351352,1786644555,No,1,Will WTI Crude Oil (WTI) hit (HIGH) $90 in August?,what-price-will-wti-hit-in-august-2026,0x325fae984d7bb5321bd9df5cf99a017f218420014be3168eb4dff37859fae496
7ff6537c4a6abd06486f033e408188d50adcdce0,0xd34f2b5e9ee02bed8a107fdf9bda2d866dc61c95,0x7e69fc9a4301839ca72caee1f0df56fa2e56980fee764c95828b33d9863a9122,35734534070229947487835774995472241715122610545717740648312129483652079621311,BUY,0.99,400.0,396.0,1786653307,Yes,0,WTI Crude Oil (WTI) closes above $80 on August 13?,wti-closes-above-on-august-13-2026,0xe521b595bafe8a4e4580b0c908b3b4379e7eb0375b54b25e36845af9bb2bc539
b703084fc61d9a2acf5fe20b2cd282c01101852a,0xd34f2b5e9ee02bed8a107fdf9bda2d866dc61c95,0x7e69fc9a4301839ca72caee1f0df56fa2e56980fee764c95828b33d9863a9122,35734534070229947487835774995472241715122610545717740648312129483652079621311,BUY,0.989,10.0,9.89,1786653307,Yes,0,WTI Crude Oil (WTI) closes above $80 on August 13?,wti-closes-above-on-august-13-2026,0xfa6b7ad62bb22d05f0f1709c6a96cf93ad566d2dad1548a25d9879c13cb6b032
027e1fbcd58d1c1aa93520a6e9e2ce50bc9a9d88,0xd34f2b5e9ee02bed8a107fdf9bda2d866dc61c95,0x7e69fc9a4301839ca72caee1f0df56fa2e56980fee764c95828b33d9863a9122,35734534070229947487835774995472241715122610545717740648312129483652079621311,BUY,0.997,10.0,9.97,1786653343,Yes,0,WTI Crude Oil (WTI) closes above $80 on August 13?,wti-closes-above-on-august-13-2026,0x032bc55199a26095fb5ff59c25fa3138c8ee01c0b1d5ba8d1e9d291c2f0f6872
8937b51da9dc6a598abfd21d7f817cb59ddb68ad,0xd34f2b5e9ee02bed8a107fdf9bda2d866dc61c95,0x7e69fc9a4301839ca72caee1f0df56fa2e56980fee764c95828b33d9863a9122,35734534070229947487835774995472241715122610545717740648312129483652079621311,BUY,0.998,2000.0,1996.0,1786653351,Yes,0,WTI Crude Oil (WTI) closes above $80 on August 13?,wti-closes-above-on-august-13-2026,0xb97e32cf8ad291c3311c9bd27c16425e6e976c3aebc02610ad957d72cec72450
d3e06cbed2d45ab0dbfebc33b018d1a3bf729f4d,0xd34f2b5e9ee02bed8a107fdf9bda2d866dc61c95,0x54217f57efb30af36db3de8db2449ef6084412d579ae70ab6b40381b6b28a1f5,80660798868010807549378085559796205593835041771457107631895922209919228488550,BUY,0.999,91.15,91.05885,1786653393,No,1,WTI Crude Oil (WTI) closes above $85 on August 13?,wti-closes-above-on-august-13-2026,0x729f47982aa40404fb7234ade5a803d4c874fe6e0aaccd733c1952c8239e2547
b995fdc4e1e0f194482fc9a2db1e7ef3dd902440,0xd34f2b5e9ee02bed8a107fdf9bda2d866dc61c95,0x2be2bf66da9f52a401caca4371e8de55b1b524c9758719370e9c7dacb5694971,31716753844640335343182115923143258141760775159594566069775489497995921915649,BUY,0.999,655.0,654.345,1786653397,No,1,WTI Crude Oil (WTI) closes above $86 on August 13?,wti-closes-above-on-august-13-2026,0x395bf3691e40faea3c6ce8961ab4df1a4a256bf4faa1f9b4b21d17aa1addb901
10348aa24e5c40d75cb201878b68a379b580ea74,0xd34f2b5e9ee02bed8a107fdf9bda2d866dc61c95,0xc05aacd5845b793e8a8b041d0df1f56d0f0e3cc257d45170d3a53e96908851b7,14849900910654583966384734831811668997467362958308639004503643241077733589206,BUY,0.999,655.0,654.345,1786653403,No,1,WTI Crude Oil (WTI) closes above $87 on August 13?,wti-closes-above-on-august-13-2026,0xb1b24c8d3059559992e1655ecd6330cbb326daa5536a17338b9f6f337f1a29e0
2c74269fe314a4dc91f2d31629904f55f85b3456,0xd34f2b5e9ee02bed8a107fdf9bda2d866dc61c95,0x431c358f506a1decfd9b87eca5040de121c0d875fdb36ec46d380f27016aa735,43397343303831076450210061403416094837793361305255056836406047337204949995689,BUY,0.999,124.9,124.77510000000001,1786653411,No,1,WTI Crude Oil (WTI) closes above $84 on August 13?,wti-closes-above-on-august-13-2026,0x399b89af705f10fb15da59757f3f88d6ce8b7b87e01dff598f73e7f768a99d17
920e005dcf54f2ac6683d902df7aeb0f1f53be06,0xd34f2b5e9ee02bed8a107fdf9bda2d866dc61c95,0x83235632feb03df44d328820edb5a2f9e28c59d51421a2c862af2ae5a09af889,8406552120725129591978000384703110402305501457254608450619931358485614279591,BUY,0.999,655.0,654.345,1786653490,Yes,0,WTI Crude Oil (WTI) closes above $79 on August 13?,wti-closes-above-on-august-13-2026,0xf80967240938bb823926d435950ee8014733c3e6a70cfe1f8cc930832cd74e70
dbc72e3e106c72f73d4acf3a15c493346ae72e25,0xdf44c3e8ce0a3f66dd4cdf7688e1f23500d770f1,0xfee11055c350d06a6165f39cee89aed0614bfb8dc121cafe6ac1a9a56ce60592,109043033056028331542121255630455620206200577792689769930516902682948519640408,BUY,0.6893530616,2202.064635,1517.9999979783365,1786656409,Yes,0,Will the total domestic gross for Spider-Man: Brand New Day be between 800m and 900m by August 31?,spider-man-brand-new-day-total-domestic-gross-by-august-31-20260716181307512,0x2ca9048b55eb3475bdb5179486b4233310489767835704619760aa002ff8bc21
f3989731acdb2f35697817c9042553ac6f32fdd8,0xdf44c3e8ce0a3f66dd4cdf7688e1f23500d770f1,0xfee11055c350d06a6165f39cee89aed0614bfb8dc121cafe6ac1a9a56ce60592,109043033056028331542121255630455620206200577792689769930516902682948519640408,BUY,0.6499999949,184.615383,119.99999800846156,1786658323,Yes,0,Will the total domestic gross for Spider-Man: Brand New Day be between 800m and 900m by August 31?,spider-man-brand-new-day-total-domestic-gross-by-august-31-20260716181307512,0x1463143ec4ff63b24b2a5d06b341923ce1815e175c3af58dead800ee4ca13a02
7d886ddc3cc5f398864353edab87ee3a0bd75421,0xdf44c3e8ce0a3f66dd4cdf7688e1f23500d770f1,0xfee11055c350d06a6165f39cee89aed0614bfb8dc121cafe6ac1a9a56ce60592,109043033056028331542121255630455620206200577792689769930516902682948519640408,BUY,0.6599997844,4.545453,2.9999980000003332,1786658362,Yes,0,Will the total domestic gross for Spider-Man: Brand New Day be between 800m and 900m by August 31?,spider-man-brand-new-day-total-domestic-gross-by-august-31-20260716181307512,0x5295a27e549c8022b49d91950096a49e7905cff69768fb91ffe7046d36bc41b0
542d41dbdfff89fd0b8542013168387c2d5f718b,0xdf44c3e8ce0a3f66dd4cdf7688e1f23500d770f1,0xbad91c213787a7542345b8abd72a1d55754987c47ba82ef5d4aa625ac046f024,110868166890001558521729124967806292012287685900188653582015718186210230012112,BUY,0.92,3125.0,2875.0,1786658541,No,1,Iran full airspace closure by August 31?,iran-full-airspace-closure-byptptpt-20260625195253028,0xc73438772668fa4a352acce609cb7dfcd54bc6091d3014fa55f4263ccff63518
410979694b1dde2baaeb8fc55eb41259b9c90b3e,0xdf44c3e8ce0a3f66dd4cdf7688e1f23500d770f1,0xbad91c213787a7542345b8abd72a1d55754987c47ba82ef5d4aa625ac046f024,110868166890001558521729124967806292012287685900188653582015718186210230012112,BUY,0.92,1.08695,0.9999940000000002,1786658761,No,1,Iran full airspace closure by August 31?,iran-full-airspace-closure-byptptpt-20260625195253028,0xbd07b52e70379e75e46037c3e5d47714429c81e1ce7342d2fc38be2bf4bf8640
fc1683ff4df587fbe1afa26f858afd44e61cabdd,0xdf44c3e8ce0a3f66dd4cdf7688e1f23500d770f1,0xfee11055c350d06a6165f39cee89aed0614bfb8dc121cafe6ac1a9a56ce60592,109043033056028331542121255630455620206200577792689769930516902682948519640408,BUY,0.6599999842,15.151514,9.999999000606078,1786658799,Yes,0,Will the total domestic gross for Spider-Man: Brand New Day be between 800m and 900m by August 31?,spider-man-brand-new-day-total-domestic-gross-by-august-31-20260716181307512,0xf997ed7332e0f6e4b48a43198ac81c11ef44565e6b6574792faa71b373873476
0233037313119fc39ca42a107a9320c1bb07ea46,0xdf44c3e8ce0a3f66dd4cdf7688e1f23500d770f1,0xfee11055c350d06a6165f39cee89aed0614bfb8dc121cafe6ac1a9a56ce60592,109043033056028331542121255630455620206200577792689769930516902682948519640408,BUY,0.64,364.0625,233.0,1786658950,Yes,0,Will the total domestic gross for Spider-Man: Brand New Day be between 800m and 900m by August 31?,spider-man-brand-new-day-total-domestic-gross-by-august-31-20260716181307512,0x8173de076bba86a3e7603602f6c70859a8444ee22671554fd9596d717abf95a1
652cd6bea4b430c7441daa7924d50abbbda9417f,0xdf44c3e8ce0a3f66dd4cdf7688e1f23500d770f1,0xfee11055c350d06a6165f39cee89aed0614bfb8dc121cafe6ac1a9a56ce60592,109043033056028331542121255630455620206200577792689769930516902682948519640408,BUY,0.6799998912,1.470587,0.9999990000001345,1786658964,Yes,0,Will the total domestic gross for Spider-Man: Brand New Day be between 800m and 900m by August 31?,spider-man-brand-new-day-total-domestic-gross-by-august-31-20260716181307512,0xe34c9ca2662275af491c3e3feedb4291b48959dbea8565df655011e36345e4be
67c4f0dafe873fb2df7d94166540f5cb0b4da5df,0xdf44c3e8ce0a3f66dd4cdf7688e1f23500d770f1,0xfee11055c350d06a6165f39cee89aed0614bfb8dc121cafe6ac1a9a56ce60592,109043033056028331542121255630455620206200577792689769930516902682948519640408,BUY,0.6799998912,1.470587,0.9999990000001345,1786659505,Yes,0,Will the total domestic gross for Spider-Man: Brand New Day be between 800m and 900m by August 31?,spider-man-brand-new-day-total-domestic-gross-by-august-31-20260716181307512,0x77f01c39d4009aada193329218dd4bd1fe942cc105896461a972fbd51c95f839
6a1daf8bbc75bedb9095c659c88f8d2163740123,0xdf44c3e8ce0a3f66dd4cdf7688e1f23500d770f1,0xfee11055c350d06a6165f39cee89aed0614bfb8dc121cafe6ac1a9a56ce60592,109043033056028331542121255630455620206200577792689769930516902682948519640408,BUY,0.6499999991,172.307691,111.99999899492308,1786661605,Yes,0,Will the total domestic gross for Spider-Man: Brand New Day be between 800m and 900m by August 31?,spider-man-brand-new-day-total-domestic-gross-by-august-31-20260716181307512,0x4523cb98e98e2d8dbeff038a051ceb3b5d5f8f3240b384e82a57e398c66c3755
8da8ee42d61b36602704091634576714a290824e,0xdf44c3e8ce0a3f66dd4cdf7688e1f23500d770f1,0xfee11055c350d06a6165f39cee89aed0614bfb8dc121cafe6ac1a9a56ce60592,109043033056028331542121255630455620206200577792689769930516902682948519640408,BUY,0.64,14.0625,9.0,1786666521,Yes,0,Will the total domestic gross for Spider-Man: Brand New Day be between 800m and 900m by August 31?,spider-man-brand-new-day-total-domestic-gross-by-august-31-20260716181307512,0x6bb7af18893c04ee2f340ddcb1c0a0000c6448b7a5a56cc4215c8f8ab3933544
783058a7fceac20bc3199d7b5b0de8facd51730e,0xdf44c3e8ce0a3f66dd4cdf7688e1f23500d770f1,0xfee11055c350d06a6165f39cee89aed0614bfb8dc121cafe6ac1a9a56ce60592,109043033056028331542121255630455620206200577792689769930516902682948519640408,BUY,0.62,75.80645,46.999998999999995,1786667403,Yes,0,Will the total domestic gross for Spider-Man: Brand New Day be between 800m and 900m by August 31?,spider-man-brand-new-day-total-domestic-gross-by-august-31-20260716181307512,0x0e82ce638808872b9982e4188bedbf6d9041132ee96099d4d4d3b733fa7abc88
cfb9cc4e0381a5ffcb326fa636a8bb3a212454dd,0xcfeaa2e026b2d5e92d76c5925be6f41834c3cba7,0x93fc7c6516bf347c566a3860da34e97f98413081e1b6306332fab90f7d405369,5970463317086744373662584797507494504342688911022096480537051637690913549094,BUY,0.94,460.0,432.4,1786676724,No,1,"US-Iran Final Nuclear Deal by October 31, 2026?",us-iran-final-nuclear-deal-by-20260621201254412,0x3198f2a07fd5e134db8dfd5face25f0377011e1cca7491ffc512971485be4fc1
077b62d0ea117f533581961f56919c8c96285703,0xcfeaa2e026b2d5e92d76c5925be6f41834c3cba7,0x93fc7c6516bf347c566a3860da34e97f98413081e1b6306332fab90f7d405369,5970463317086744373662584797507494504342688911022096480537051637690913549094,SELL,0.94,5.0,4.699999999999999,1786691991,No,1,"US-Iran Final Nuclear Deal by October 31, 2026?",us-iran-final-nuclear-deal-by-20260621201254412,0x5edafa2e1e702c5e141fa81fa25075692021b0297cad89d286251991ad96cecd
1121739189f5bd27d0393c2530079556d63e603c,0xcfeaa2e026b2d5e92d76c5925be6f41834c3cba7,0x17ba5a7a08bd3f7f87487285c5713e305b8fc98ec4849d5a05ecdf111856c428,87049471342618998359809919671281112540791713809517983308995135505633015888833,BUY,0.934,470.0,438.98,1786692573,No,1,Will a US ally get a nuke before 2027?,will-a-us-ally-get-a-nuke-before-2027,0x52d262143f122a1a81ac4e6cb0ea7ccf2c26458612d060d684f5bd7ea3960e03
741499414046696232188edff5a88396b8ce579e,0xdf44c3e8ce0a3f66dd4cdf7688e1f23500d770f1,0xe31e3400328593e19db0515a472b421ea46aeff768bc82b14581ceeeb0bc2a6f,42806285863415694154002411695578333704354303609034490043854329596194338385331,BUY,0.8,2088.55,1670.8400000000001,1786696789,T1,0,LoL: T1 vs Dplus KIA (BO3) - LCK Round 3-4 Legend Group,lol-t1-dk-2026-08-14,0xd7454cebb04c1156f21c1e0dda6e617adfc1c74ce8d3041bec30246e13595741
7e441dfa368397d9c47f0f59c0c848ed2e151586,0xdf44c3e8ce0a3f66dd4cdf7688e1f23500d770f1,0xc4b7c43934d27a6b2dfd784ea1a793e541d6a1f82a5eca6d74f184a1c4c30fc9,8881400370038397971838140193303727239318785128034801687960768890227554347129,SELL,0.81,867.22,702.4482,1786696885,No,1,"Will Bitcoin dip to $57,500 in August?",what-price-will-bitcoin-hit-in-august-2026,0x409c85a7aed3408435ef98896c7782323186f46c99059fdfdd272598bd189880
001a4632a4520bac53b0b0d27c89b43db329bd48,0xdf44c3e8ce0a3f66dd4cdf7688e1f23500d770f1,0xc4b7c43934d27a6b2dfd784ea1a793e541d6a1f82a5eca6d74f184a1c4c30fc9,8881400370038397971838140193303727239318785128034801687960768890227554347129,SELL,0.8,2621.05,2096.84,1786696944,No,1,"Will Bitcoin dip to $57,500 in August?",what-price-will-bitcoin-hit-in-august-2026,0x01f4a1f74d9dad3fb3b8f225e346d15ea342cbbca14a71ded3e2e01657358db1
0fb61e395a421245f9c7f484e2ebf140dc0fbd88,0xdf44c3e8ce0a3f66dd4cdf7688e1f23500d770f1,0xc4b7c43934d27a6b2dfd784ea1a793e541d6a1f82a5eca6d74f184a1c4c30fc9,8881400370038397971838140193303727239318785128034801687960768890227554347129,SELL,0.8,200.0,160.0,1786696966,No,1,"Will Bitcoin dip to $57,500 in August?",what-price-will-bitcoin-hit-in-august-2026,0x44474143f58d4353f176e020d64c32848cfed468440b0057b1594fe7cd6b29d2
d3dfc7cb33ee56045676d7c72a615455f93589fa,0xdf44c3e8ce0a3f66dd4cdf7688e1f23500d770f1,0xc4b7c43934d27a6b2dfd784ea1a793e541d6a1f82a5eca6d74f184a1c4c30fc9,8881400370038397971838140193303727239318785128034801687960768890227554347129,SELL,0.8,2421.05,1936.8400000000001,1786696986,No,1,"Will Bitcoin dip to $57,500 in August?",what-price-will-bitcoin-hit-in-august-2026,0x2b708b28095045443b4fc9093ea82187dd3b4be5f31ed983756fc81a0ece7e49
3e4da225c1dba0e7f19f81c3047caae6e875ba31,0xdf44c3e8ce0a3f66dd4cdf7688e1f23500d770f1,0xe31e3400328593e19db0515a472b421ea46aeff768bc82b14581ceeeb0bc2a6f,42806285863415694154002411695578333704354303609034490043854329596194338385331,BUY,0.8,5969.4625,4775.57,1786697023,T1,0,LoL: T1 vs Dplus KIA (BO3) - LCK Round 3-4 Legend Group,lol-t1-dk-2026-08-14,0x6dcf45f07f8d2c1bf0516a014ea84a4c79cac41aecc1df5d395fa2903bf147d2
add1b01b6e5a2e7852d419b9562becad57a0aed3,0xdf44c3e8ce0a3f66dd4cdf7688e1f23500d770f1,0xbad91c213787a7542345b8abd72a1d55754987c47ba82ef5d4aa625ac046f024,110868166890001558521729124967806292012287685900188653582015718186210230012112,SELL,0.91,3126.08,2844.7328,1786697686,No,1,Iran full airspace closure by August 31?,iran-full-airspace-closure-byptptpt-20260625195253028,0x2cf91d1387a5cd69dc6e3a197a595fabc1dbe7d191eb45f1bb2d0a56de77f0a8
